----part 1 start----
[ 1971-06-05T18:08:39.459        0:  1149:  1149 F/libc            ] Fatal signal 6 (SIGABRT), code -1 (SI_QUEUE) in tid 1149 (init), pid 1149 (init)
[ 1971-06-05T18:08:39.501        0:  1149:  1149 F/libc            ] Crash due to signal: crash_dump helper failed to exec, or was killed
[ 2026-10-02T23:43:15.223        0:  1572:  1574 I/Magisk          ] ** late_start service mode running
[ 2026-10-02T23:43:15.223        0:  1572:  1574 I/Magisk          ] * Running service.d scripts
[ 2026-10-02T23:43:15.277        0:  1572:  1574 I/Magisk          ] service.d: exec [00_block_ips.sh]
[ 2026-10-02T23:43:15.281        0:  1572:  1574 I/Magisk          ] service.d: exec [99-shizuku.sh]
[ 2026-10-02T23:43:15.298        0:  1572:  1574 I/Magisk          ] service.d: exec [qqkickwatch.sh]
[ 2026-10-02T23:43:15.301        0:  1572:  1574 I/Magisk          ] service.d: exec [privacy_pretect.sh]
[ 2026-10-02T23:43:15.303        0:  1572:  1574 I/Magisk          ] * Running module service scripts
[ 2026-10-02T23:43:15.303        0:  1572:  1574 I/Magisk          ] zygisk_shamiko: exec [service.sh]
[ 2026-10-02T23:43:15.304        0:  1572:  1574 I/Magisk          ] chargepower: exec [service.sh]
[ 2026-10-02T23:43:15.307        0:  1572:  1574 I/Magisk          ] zygisk_vector: exec [service.sh]
[ 2026-10-02T23:43:15.308        0:  1572:  1574 I/Magisk          ] storageguard: exec [service.sh]
[ 2026-10-02T23:43:15.315        0:  1572:  1574 I/Magisk          ] rph_recovery_guard: exec [service.sh]
[ 2026-10-02T23:43:15.316        0:  1572:  1574 I/Magisk          ] zygisk_root_path_hider: exec [service.sh]
[ 2026-10-02T23:43:15.448        0:  3404:  3404 E/libEGL          ] No entry found in platform lookup table for eglSurfaceAttribMTK
[ 2026-10-02T23:43:15.449        0:  3404:  3404 D/ExtensionsLoader ] createInstance(64bit) : createExtendedFactory
[ 2026-10-02T23:43:15.449        0:  3404:  3404 D/ExtensionsLoader ] Opened libguiextimpl.so
[ 2026-10-02T23:43:15.460        0:  3404:  3404 D/OplusUtils      ] OplusUtils [84]: 
[ 2026-10-02T23:43:15.464        0:  3404:  3404 E/app_process     ] createInstance(64bit) : createExtendedFactory
[ 2026-10-02T23:43:15.464        0:  3404:  3404 E/app_process     ] createInstance(64bit) : createExtendedFactory
[ 2026-10-02T23:43:15.464        0:  3404:  3404 E/app_process     ] Opened libinputextensionsimpl.so
[ 2026-10-02T23:43:15.464        0:  3404:  3404 E/app_process     ] Opened libinputextensionsimpl.so
[ 2026-10-02T23:43:15.465        0:  3404:  3404 D/AndroidRuntime  ] >>>>>> START com.android.internal.os.RuntimeInit uid 0 <<<<<<
[ 2026-10-02T23:43:15.472        0:  3404:  3404 I/AndroidRuntime  ] Using default boot image
[ 2026-10-02T23:43:15.472        0:  3404:  3404 I/AndroidRuntime  ] Leaving lock profiling enabled
[ 2026-10-02T23:43:15.474        0:  3404:  3404 I/app_process     ] Using CollectorTypeCMC GC.
[ 2026-10-02T23:43:15.474        0:  3404:  3404 I/app_process     ] isSwordfishLaunchAppEnabled_ 1 isSwordfishInstallAppEnabled_ 1
[ 2026-10-02T23:43:15.554        0:  3404:  3404 I/app_process     ] isSwordfishLaunchAppEnabled_ 1 isSwordfishInstallAppEnabled_ 1
[ 2026-10-02T23:43:15.554        0:  3404:  3404 D/nativeloader    ] InitDefaultPublicLibraries for_preload=1: libandroid.so:libaaudio.so:libamidi.so:libbinder_ndk.so:libc.so:libcamera2ndk.so:libdl.so:libEGL.so:libGLESv1_CM.so:libGLESv2.so:libGLESv3.so:libicu.so:libicui18n.so:libicuuc.so:libjnigraphics.so:liblog.so:libmediandk.so:libm.so:libnativehelper.so:libnativewindow.so:libOpenMAXAL.so:libOpenSLES.so:libRS.so:libstdc++.so:libsync.so:libvulkan.so:libwebviewchromium_plat_support.so:libz.so
[ 2026-10-02T23:43:15.563        0:  3404:  3404 D/nativeloader    ] Load libicu_jni.so using APEX ns com_android_art for caller /apex/com.android.art/javalib/core-oj.jar: ok
[ 2026-10-02T23:43:15.563        0:  3404:  3404 D/app_process     ] u_setTimeZoneFilesDirectory("/apex/com.android.tzdata/etc/tz/versioned/9/icu") succeeded. 
[ 2026-10-02T23:43:15.563        0:  3404:  3404 D/app_process     ] I18n APEX ICU file found: /apex/com.android.i18n/etc/icu/icudt76l.dat
[ 2026-10-02T23:43:15.564        0:  3404:  3404 D/nativeloader    ] Load libjavacore.so using APEX ns com_android_art for caller /apex/com.android.art/javalib/core-oj.jar: ok
[ 2026-10-02T23:43:15.564        0:  3404:  3404 D/nativeloader    ] Load libopenjdk.so using APEX ns com_android_art for caller /apex/com.android.art/javalib/core-oj.jar: ok
[ 2026-10-02T23:43:15.574        0:  3404:  3404 D/ExtLoader       ] DEFAULT_DEBUG_DUMMY=false, DEFAULT_DEBUG_CREATE=false
[ 2026-10-02T23:43:15.585        0:  3404:  3404 D/nativeloader    ] Load libonetrace_jni.so using system ns (caller=/system/framework/oplus-framework.jar): ok
[ 2026-10-02T23:43:15.585        0:  3404:  3404 D/OplusTrace      ] register_android_os_OplusTrace
[ 2026-10-02T23:43:15.599        0:  3404:  3404 D/nativeloader    ] Load libframework-connectivity-tiramisu-jni.so using APEX ns com_android_tethering for caller /apex/com.android.tethering/javalib/framework-connectivity-t.jar: ok
[ 2026-10-02T23:43:15.599        0:  3404:  3404 D/AndroidRuntime  ] Calling main entry org.matrix.vector.daemon.VectorDaemon
[ 2026-10-02T23:43:15.645        0:  2764:  2764 I/dex2oat32       ] Using CollectorTypeCC GC.
[ 2026-10-02T23:43:15.662        0:  3404:  3404 I/VectorDaemon    ] Vector daemon started: lateInject=false, proxy=serial
[ 2026-10-02T23:43:15.662        0:  3404:  3404 I/VectorDaemon    ] Version 2.2 (3107) commit 88f8e1fa+DESKTOP-EI7H58K
[ 2026-10-02T23:43:15.664        0:  3404:  3404 I/AconfigPackage  ] com.android.nfc.flags is mapped to system
[ 2026-10-02T23:43:15.664        0:  3404:  3404 I/AconfigPackage  ] android.app.admin.flags is mapped to system
[ 2026-10-02T23:43:15.664        0:  3404:  3404 I/AconfigPackage  ] android.database.sqlite is mapped to system
[ 2026-10-02T23:43:15.664        0:  3404:  3404 I/AconfigPackage  ] com.android.providers.calendar is mapped to system
[ 2026-10-02T23:43:15.664        0:  3404:  3404 I/AconfigPackage  ] com.android.server.power.feature.flags is mapped to system
[ 2026-10-02T23:43:15.664        0:  3404:  3404 I/AconfigPackage  ] com.android.media.performance.flags is mapped to system
[ 2026-10-02T23:43:15.664        0:  3404:  3404 I/AconfigPackage  ] android.app.contextualsearch.flags is mapped to system
[ 2026-10-02T23:43:15.664        0:  3404:  3404 I/AconfigPackage  ] android.app.ondeviceintelligence.flags is mapped to system
[ 2026-10-02T23:43:15.664        0:  3404:  3404 I/AconfigPackage  ] com.android.media.projection.flags is mapped to system
[ 2026-10-02T23:43:15.664        0:  3404:  3404 I/AconfigPackage  ] android.companion is mapped to system
[ 2026-10-02T23:43:15.664        0:  3404:  3404 I/AconfigPackage  ] android.service.controls.flags is mapped to system
[ 2026-10-02T23:43:15.664        0:  3404:  3404 I/AconfigPackage  ] com.android.text.flags is mapped to system
[ 2026-10-02T23:43:15.664        0:  3404:  3404 I/AconfigPackage  ] com.android.providers.contactkeys.flags is mapped to system
[ 2026-10-02T23:43:15.664        0:  3404:  3404 I/AconfigPackage  ] com.android.intentresolver is mapped to system
[ 2026-10-02T23:43:15.664        0:  3404:  3404 I/AconfigPackage  ] android.companion.virtualdevice.flags is mapped to system
[ 2026-10-02T23:43:15.664        0:  3404:  3404 I/AconfigPackage  ] android.uprobestats.flags is mapped to system
[ 2026-10-02T23:43:15.664        0:  3404:  3404 I/AconfigPackage  ] com.android.net.thread.platform.flags is mapped to system
[ 2026-10-02T23:43:15.664        0:  3404:  3404 I/AconfigPackage  ] android.view.contentprotection.flags is mapped to system
[ 2026-10-02T23:43:15.664        0:  3404:  3404 I/AconfigPackage  ] com.android.server.dreams is mapped to system
[ 2026-10-02T23:43:15.664        0:  3404:  3404 I/AconfigPackage  ] com.android.graphics.surfaceflinger.flags is mapped to system
[ 2026-10-02T23:43:15.664        0:  3404:  3404 I/AconfigPackage  ] com.android.hardware.input is mapped to system
[ 2026-10-02T23:43:15.664        0:  3404:  3404 I/AconfigPackage  ] android.sdk is mapped to system
[ 2026-10-02T23:43:15.664        0:  3404:  3404 I/AconfigPackage  ] com.android.input.flags is mapped to system
[ 2026-10-02T23:43:15.664        0:  3404:  3404 I/AconfigPackage  ] android.tracing is mapped to system
[ 2026-10-02T23:43:15.664        0:  3404:  3404 I/AconfigPackage  ] com.android.server.biometrics is mapped to system
[ 2026-10-02T23:43:15.664        0:  3404:  3404 I/AconfigPackage  ] android.view.contentcapture.flags is mapped to system
[ 2026-10-02T23:43:15.664        0:  3404:  3404 I/AconfigPackage  ] android.app.job is mapped to system
[ 2026-10-02T23:43:15.664        0:  3404:  3404 I/AconfigPackage  ] android.content.res is mapped to system
[ 2026-10-02T23:43:15.664        0:  3404:  3404 I/AconfigPackage  ] android.net.platform.flags is mapped to system
[ 2026-10-02T23:43:15.664        0:  3404:  3404 I/AconfigPackage  ] com.android.aconfig.flags is mapped to system
[ 2026-10-02T23:43:15.664        0:  3404:  3404 I/AconfigPackage  ] com.android.graphics.flags is mapped to system
[ 2026-10-02T23:43:15.664        0:  3404:  3404 I/AconfigPackage  ] android.server.app is mapped to system
[ 2026-10-02T23:43:15.664        0:  3404:  3404 I/AconfigPackage  ] android.speech.flags is mapped to system
[ 2026-10-02T23:43:15.664        0:  3404:  3404 I/AconfigPackage  ] com.android.server.stats is mapped to system
[ 2026-10-02T23:43:15.664        0:  3404:  3404 I/AconfigPackage  ] android.hardware.biometrics is mapped to system
[ 2026-10-02T23:43:15.664        0:  3404:  3404 I/AconfigPackage  ] android.car.feature is mapped to system
[ 2026-10-02T23:43:15.664        0:  3404:  3404 I/AconfigPackage  ] android.adpf is mapped to system
[ 2026-10-02T23:43:15.664        0:  3404:  3404 I/AconfigPackage  ] android.location.flags is mapped to system
[ 2026-10-02T23:43:15.664        0:  3404:  3404 I/AconfigPackage  ] com.android.settingslib.flags is mapped to system
[ 2026-10-02T23:43:15.664        0:  3404:  3404 I/AconfigPackage  ] com.android.managedprovisioning.flags is mapped to system
[ 2026-10-02T23:43:15.664        0:  3404:  3404 I/AconfigPackage  ] android.app.assist.flags is mapped to system
[ 2026-10-02T23:43:15.664        0:  3404:  3404 I/AconfigPackage  ] com.android.server.net is mapped to system
[ 2026-10-02T23:43:15.664        0:  3404:  3404 I/AconfigPackage  ] com.android.settingslib.widget.flags is mapped to system
[ 2026-10-02T23:43:15.664        0:  3404:  3404 I/AconfigPackage  ] com.android.internal.camera.flags is mapped to system
[ 2026-10-02T23:43:15.664        0:  3404:  3404 I/AconfigPackage  ] com.android.hardware.libsensor.flags is mapped to system
[ 2026-10-02T23:43:15.664        0:  3404:  3404 I/AconfigPackage  ] com.android.internal.jank is mapped to system
[ 2026-10-02T23:43:15.664        0:  3404:  3404 I/AconfigPackage  ] com.android.providers.settings is mapped to system
[ 2026-10-02T23:43:15.664        0:  3404:  3404 I/AconfigPackage  ] android.multiuser is mapped to system
[ 2026-10-02T23:43:15.664        0:  3404:  3404 I/AconfigPackage  ] com.android.server.power.optimization is mapped to system
[ 2026-10-02T23:43:15.664        0:  3404:  3404 I/AconfigPackage  ] com.android.calllogbackup is mapped to system
[ 2026-10-02T23:43:15.664        0:  3404:  3404 I/AconfigPackage  ] com.android.media.flags is mapped to system
[ 2026-10-02T23:43:15.664        0:  3404:  3404 I/AconfigPackage  ] com.android.server.flags is mapped to system
[ 2026-10-02T23:43:15.664        0:  3404:  3404 I/AconfigPackage  ] com.android.graphics.libvulkan.flags is mapped to system
[ 2026-10-02T23:43:15.664        0:  3404:  3404 I/AconfigPackage  ] android.app.appfunctions.flags is mapped to system
[ 2026-10-02T23:43:15.664        0:  3404:  3404 I/AconfigPackage  ] android.app.smartspace.flags is mapped to system
[ 2026-10-02T23:43:15.664        0:  3404:  3404 I/AconfigPackage  ] com.android.providers.contacts.flags is mapped to system
[ 2026-10-02T23:43:15.664        0:  3404:  3404 I/AconfigPackage  ] com.android.shell.flags is mapped to system
[ 2026-10-02T23:43:15.664        0:  3404:  3404 I/AconfigPackage  ] com.android.media.aaudio is mapped to system
[ 2026-10-02T23:43:15.664        0:  3404:  3404 I/AconfigPackage  ] android.hardware.radio is mapped to system
[ 2026-10-02T23:43:15.664        0:  3404:  3404 I/AconfigPackage  ] suspend_service.flags is mapped to system
[ 2026-10-02T23:43:15.664        0:  3404:  3404 I/AconfigPackage  ] android.media.midi is mapped to system
[ 2026-10-02T23:43:15.664        0:  3404:  3404 I/AconfigPackage  ] com.android.libcore.readonly is mapped to system
[ 2026-10-02T23:43:15.664        0:  3404:  3404 I/AconfigPackage  ] com.android.settingslib.widget.selectorwithwidgetpreference.flags is mapped to system
[ 2026-10-02T23:43:15.664        0:  3404:  3404 I/AconfigPackage  ] android.service.notification is mapped to system
[ 2026-10-02T23:43:15.664        0:  3404:  3404 I/AconfigPackage  ] com.android.systemui.shared is mapped to system
[ 2026-10-02T23:43:15.664        0:  3404:  3404 I/AconfigPackage  ] android.app.jank is mapped to system
[ 2026-10-02T23:43:15.664        0:  3404:  3404 I/AconfigPackage  ] android.app.wearable is mapped to system
[ 2026-10-02T23:43:15.664        0:  3404:  3404 I/AconfigPackage  ] com.android.media.audio is mapped to system
[ 2026-10-02T23:43:15.664        0:  3404:  3404 I/AconfigPackage  ] android.service.chooser is mapped to system
[ 2026-10-02T23:43:15.664        0:  3404:  3404 I/AconfigPackage  ] com.android.server.compat is mapped to system
[ 2026-10-02T23:43:15.664        0:  3404:  3404 I/AconfigPackage  ] com.android.server.alarm is mapped to system
[ 2026-10-02T23:43:15.664        0:  3404:  3404 I/AconfigPackage  ] com.android.apex.flags is mapped to system
[ 2026-10-02T23:43:15.664        0:  3404:  3404 I/AconfigPackage  ] android.service.quickaccesswallet is mapped to system
[ 2026-10-02T23:43:15.664        0:  3404:  3404 I/AconfigPackage  ] android.app.usage is mapped to system
[ 2026-10-02T23:43:15.664        0:  3404:  3404 I/AconfigPackage  ] com.android.server.accessibility is mapped to system
[ 2026-10-02T23:43:15.664        0:  3404:  3404 I/AconfigPackage  ] android.app.supervision.flags is mapped to system
[ 2026-10-02T23:43:15.664        0:  3404:  3404 I/AconfigPackage  ] com.android.server.utils is mapped to system
[ 2026-10-02T23:43:15.664        0:  3404:  3404 I/AconfigPackage  ] android.chre.flags is mapped to system
[ 2026-10-02T23:43:15.664        0:  3404:  3404 I/AconfigPackage  ] android.content.flags is mapped to system
[ 2026-10-02T23:43:15.664        0:  3404:  3404 I/AconfigPackage  ] android.media.codec is mapped to system
[ 2026-10-02T23:43:15.664        0:  3404:  3404 I/AconfigPackage  ] com.android.internal.os is mapped to system
[ 2026-10-02T23:43:15.664        0:  3404:  3404 I/AconfigPackage  ] com.android.nfc.nci.flags is mapped to system
[ 2026-10-02T23:43:15.664        0:  3404:  3404 I/AconfigPackage  ] android.app is mapped to system
[ 2026-10-02T23:43:15.664        0:  3404:  3404 I/AconfigPackage  ] android.security.keystore2 is mapped to system
[ 2026-10-02T23:43:15.664        0:  3404:  3404 I/AconfigPackage  ] android.crashrecovery.flags is mapped to system
[ 2026-10-02T23:43:15.664        0:  3404:  3404 I/AconfigPackage  ] com.android.tradeinmode.flags is mapped to system
[ 2026-10-02T23:43:15.664        0:  3404:  3404 I/AconfigPackage  ] android.hardware.flags is mapped to system
[ 2026-10-02T23:43:15.664        0:  3404:  3404 I/AconfigPackage  ] com.android.server.telecom.flags is mapped to system
[ 2026-10-02T23:43:15.664        0:  3404:  3404 I/AconfigPackage  ] com.android.settingslib.media.flags is mapped to system
[ 2026-10-02T23:43:15.664        0:  3404:  3404 I/AconfigPackage  ] com.android.server.policy is mapped to system
[ 2026-10-02T23:43:15.664        0:  3404:  3404 I/AconfigPackage  ] android.media.audiopolicy is mapped to system
[ 2026-10-02T23:43:15.664        0:  3404:  3404 I/AconfigPackage  ] com.android.egg.flags is mapped to system
[ 2026-10-02T23:43:15.664        0:  3404:  3404 I/AconfigPackage  ] com.android.internal.compat.flags is mapped to system
[ 2026-10-02T23:43:15.664        0:  3404:  3404 I/AconfigPackage  ] android.security is mapped to system
[ 2026-10-02T23:43:15.664        0:  3404:  3404 I/AconfigPackage  ] android.service.autofill is mapped to system
[ 2026-10-02T23:43:15.664        0:  3404:  3404 I/AconfigPackage  ] com.example.android.aconfig.demo.flags is mapped to system
[ 2026-10-02T23:43:15.664        0:  3404:  3404 I/AconfigPackage  ] android.view.flags is mapped to system
[ 2026-10-02T23:43:15.664        0:  3404:  3404 I/AconfigPackage  ] android.companion.virtual.flags is mapped to system
[ 2026-10-02T23:43:15.664        0:  3404:  3404 I/AconfigPackage  ] com.android.aconfig_new_storage is mapped to system
[ 2026-10-02T23:43:15.664        0:  3404:  3404 I/AconfigPackage  ] com.android.server.feature.flags is mapped to system
[ 2026-10-02T23:43:15.664        0:  3404:  3404 I/AconfigPackage  ] com.android.systemui is mapped to system
[ 2026-10-02T23:43:15.664        0:  3404:  3404 I/AconfigPackage  ] com.android.server.power.batterysaver is mapped to system
[ 2026-10-02T23:43:15.664        0:  3404:  3404 I/AconfigPackage  ] android.widget.flags is mapped to system
[ 2026-10-02T23:43:15.664        0:  3404:  3404 I/AconfigPackage  ] com.android.media.editing.flags is mapped to system
[ 2026-10-02T23:43:15.664        0:  3404:  3404 I/AconfigPackage  ] com.android.media.codec.flags is mapped to system
[ 2026-10-02T23:43:15.664        0:  3404:  3404 I/AconfigPackage  ] com.android.server.powerstats is mapped to system
[ 2026-10-02T23:43:15.664        0:  3404:  3404 I/AconfigPackage  ] com.android.graphics.egl.flags is mapped to system
[ 2026-10-02T23:43:15.664        0:  3404:  3404 I/AconfigPackage  ] com.android.media.audioserver is mapped to system
[ 2026-10-02T23:43:15.664        0:  3404:  3404 I/AconfigPackage  ] com.android.server.deviceidle is mapped to system
[ 2026-10-02T23:43:15.664        0:  3404:  3404 I/AconfigPackage  ] android.nfc is mapped to system
[ 2026-10-02T23:43:15.665        0:  3404:  3404 I/AconfigPackage  ] android.permission.flags is mapped to system
[ 2026-10-02T23:43:15.665        0:  3404:  3404 I/AconfigPackage  ] android.service.voice.flags is mapped to system
[ 2026-10-02T23:43:15.665        0:  3404:  3404 I/AconfigPackage  ] android.content.pm is mapped to system
[ 2026-10-02T23:43:15.665        0:  3404:  3404 I/AconfigPackage  ] com.android.server.power.hint is mapped to system
[ 2026-10-02T23:43:15.665        0:  3404:  3404 I/AconfigPackage  ] android.os is mapped to system
[ 2026-10-02T23:43:15.665        0:  3404:  3404 I/AconfigPackage  ] android.service.dreams is mapped to system
[ 2026-10-02T23:43:15.665        0:  3404:  3404 I/AconfigPackage  ] com.android.graphics.libgui.flags is mapped to system
[ 2026-10-02T23:43:15.665        0:  3404:  3404 I/AconfigPackage  ] android.hardware.usb.flags is mapped to system
[ 2026-10-02T23:43:15.665        0:  3404:  3404 I/AconfigPackage  ] android.provider is mapped to system
[ 2026-10-02T23:43:15.665        0:  3404:  3404 I/AconfigPackage  ] com.android.server.job is mapped to system
[ 2026-10-02T23:43:15.665        0:  3404:  3404 I/AconfigPackage  ] com.android.internal.foldables.flags is mapped to system
[ 2026-10-02T23:43:15.665        0:  3404:  3404 I/AconfigPackage  ] com.android.internal.telephony.flags is mapped to system
[ 2026-10-02T23:43:15.665        0:  3404:  3404 I/AconfigPackage  ] android.webkit is mapped to system
[ 2026-10-02T23:43:15.665        0:  3404:  3404 I/AconfigPackage  ] android.credentials.flags is mapped to system
[ 2026-10-02T23:43:15.665        0:  3404:  3404 I/AconfigPackage  ] com.android.server.display.feature.flags is mapped to system
[ 2026-10-02T23:43:15.665        0:  3404:  3404 I/AconfigPackage  ] com.android.server.notification is mapped to system
[ 2026-10-02T23:43:15.665        0:  3404:  3404 I/AconfigPackage  ] com.oplus.framework.flags is mapped to system
[ 2026-10-02T23:43:15.665        0:  3404:  3404 I/AconfigPackage  ] android.appwidget.flags is mapped to system
[ 2026-10-02T23:43:15.665        0:  3404:  3404 I/AconfigPackage  ] com.android.frameworks.sensorservice.flags is mapped to system
[ 2026-10-02T23:43:15.665        0:  3404:  3404 I/AconfigPackage  ] com.android.window.flags is mapped to system
[ 2026-10-02T23:43:15.665        0:  3404:  3404 I/AconfigPackage  ] android.adaptiveauth is mapped to system
[ 2026-10-02T23:43:15.665        0:  3404:  3404 I/AconfigPackage  ] android.net.wifi.flags is mapped to system
[ 2026-10-02T23:43:15.665        0:  3404:  3404 I/AconfigPackage  ] android.media.tv.flags is mapped to system
[ 2026-10-02T23:43:15.665        0:  3404:  3404 I/AconfigPackage  ] com.android.server.usb.flags is mapped to system
[ 2026-10-02T23:43:15.665        0:  3404:  3404 I/AconfigPackage  ] android.os.vibrator is mapped to system
[ 2026-10-02T23:43:15.665        0:  3404:  3404 I/AconfigPackage  ] android.hardware.devicestate.feature.flags is mapped to system
[ 2026-10-02T23:43:15.665        0:  3404:  3404 I/AconfigPackage  ] com.android.server.usage is mapped to system
[ 2026-10-02T23:43:15.665        0:  3404:  3404 I/AconfigPackage  ] android.server is mapped to system
[ 2026-10-02T23:43:15.665        0:  3404:  3404 I/AconfigPackage  ] com.android.wm.shell is mapped to system
[ 2026-10-02T23:43:15.665        0:  3404:  3404 I/AconfigPackage  ] android.view.inputmethod is mapped to system
[ 2026-10-02T23:43:15.665        0:  3404:  3404 I/AconfigPackage  ] com.android.graphics.hwui.flags is mapped to system
[ 2026-10-02T23:43:15.665        0:  3404:  3404 I/AconfigPackage  ] com.android.server.backup is mapped to system
[ 2026-10-02T23:43:15.665        0:  3404:  3404 I/AconfigPackage  ] com.android.internal.pm.pkg.component.flags is mapped to system
[ 2026-10-02T23:43:15.665        0:  3404:  3404 I/AconfigPackage  ] android.view.accessibility is mapped to system
[ 2026-10-02T23:43:15.665        0:  3404:  3404 I/AconfigPackage  ] android.media.audio is mapped to system
[ 2026-10-02T23:43:15.665        0:  3404:  3404 I/AconfigPackage  ] com.android.server.am is mapped to system
[ 2026-10-02T23:43:15.665        0:  3404:  3404 I/AconfigPackage  ] com.android.media.playback.flags is mapped to system
[ 2026-10-02T23:43:15.665        0:  3404:  3404 I/AconfigPackage  ] com.android.settings.accessibility is mapped to system_ext
[ 2026-10-02T23:43:15.665        0:  3404:  3404 I/AconfigPackage  ] com.android.settings.keyboard is mapped to system_ext
[ 2026-10-02T23:43:15.665        0:  3404:  3404 I/AconfigPackage  ] com.android.settings.factory_reset is mapped to system_ext
[ 2026-10-02T23:43:15.665        0:  3404:  3404 I/AconfigPackage  ] com.android.systemui.accessibility.accessibilitymenu is mapped to system_ext
[ 2026-10-02T23:43:15.665        0:  3404:  3404 I/AconfigPackage  ] com.android.server.policy.feature.flags is mapped to system_ext
[ 2026-10-02T23:43:15.665        0:  3404:  3404 I/AconfigPackage  ] com.android.settings.flags is mapped to system_ext
[ 2026-10-02T23:43:15.665        0:  3404:  3404 I/AconfigPackage  ] com.android.settings.media_drm is mapped to system_ext
[ 2026-10-02T23:43:15.665        0:  3404:  3404 I/AconfigPackage  ] com.android.launcher3 is mapped to system_ext
[ 2026-10-02T23:43:15.665        0:  3404:  3404 I/AconfigPackage  ] com.android.cellbroadcastreceiver.flags is mapped to com.android.cellbroadcast
[ 2026-10-02T23:43:15.665        0:  3404:  3404 I/AconfigPackage  ] com.android.net.ct.flags is mapped to com.android.tethering
[ 2026-10-02T23:43:15.665        0:  3404:  3404 I/AconfigPackage  ] com.android.net.flags is mapped to com.android.tethering
[ 2026-10-02T23:43:15.665        0:  3404:  3404 I/AconfigPackage  ] android.net.vcn is mapped to com.android.tethering
[ 2026-10-02T23:43:15.665        0:  3404:  3404 I/AconfigPackage  ] com.android.nearby.flags is mapped to com.android.tethering
[ 2026-10-02T23:43:15.665        0:  3404:  3404 I/AconfigPackage  ] android.net.http is mapped to com.android.tethering
[ 2026-10-02T23:43:15.665        0:  3404:  3404 I/AconfigPackage  ] com.android.net.thread.flags is mapped to com.android.tethering
[ 2026-10-02T23:43:15.665        0:  3404:  3404 I/AconfigPackage  ] com.android.media.extractor.flags is mapped to com.android.media
[ 2026-10-02T23:43:15.665        0:  3404:  3404 I/AconfigPackage  ] com.android.media.mainline.flags is mapped to com.android.media
[ 2026-10-02T23:43:15.665        0:  3404:  3404 I/AconfigPackage  ] com.android.system.virtualmachine.flags is mapped to com.android.virt
[ 2026-10-02T23:43:15.665        0:  3404:  3404 I/AconfigPackage  ] android.media.swcodec.flags is mapped to com.android.media.swcodec
[ 2026-10-02T23:43:15.665        0:  3404:  3404 I/AconfigPackage  ] android.graphics.pdf.flags is mapped to com.android.mediaprovider
[ 2026-10-02T23:43:15.665        0:  3404:  3404 I/AconfigPackage  ] com.android.providers.media.flags is mapped to com.android.mediaprovider
[ 2026-10-02T23:43:15.665        0:  3404:  3404 I/AconfigPackage  ] android.graphics.pdf.flags.readonly is mapped to com.android.mediaprovider
[ 2026-10-02T23:43:15.665        0:  3404:  3404 I/AconfigPackage  ] android.uprobestats.mainline.flags is mapped to com.android.uprobestats
[ 2026-10-02T23:43:15.666        0:  3404:  3404 I/AconfigPackage  ] com.android.os.statsd.flags is mapped to com.android.os.statsd
[ 2026-10-02T23:43:15.666        0:  3404:  3404 I/AconfigPackage  ] com.android.healthfitness.flags is mapped to com.android.healthfitness
[ 2026-10-02T23:43:15.666        0:  3404:  3404 I/AconfigPackage  ] com.android.org.conscrypt.flags is mapped to com.android.conscrypt
[ 2026-10-02T23:43:15.666        0:  3404:  3404 I/AconfigPackage  ] com.android.uwb.flags is mapped to com.android.uwb
[ 2026-10-02T23:43:15.666        0:  3404:  3404 I/AconfigPackage  ] com.android.ranging.flags is mapped to com.android.uwb
[ 2026-10-02T23:43:15.666        0:  3404:  3404 I/AconfigPackage  ] android.provider.flags is mapped to com.android.configinfrastructure
[ 2026-10-02T23:43:15.666        0:  3404:  3404 I/AconfigPackage  ] com.android.server.deviceconfig is mapped to com.android.configinfrastructure
[ 2026-10-02T23:43:15.666        0:  3404:  3404 I/AconfigPackage  ] com.android.ipsec.flags is mapped to com.android.ipsec
[ 2026-10-02T23:43:15.666        0:  3404:  3404 I/AconfigPackage  ] com.android.permission.flags is mapped to com.android.permission
[ 2026-10-02T23:43:15.666        0:  3404:  3404 I/AconfigPackage  ] com.android.permissioncontroller.flags is mapped to com.android.permission
[ 2026-10-02T23:43:15.666        0:  3404:  3404 I/AconfigPackage  ] com.android.icu is mapped to com.android.i18n
[ 2026-10-02T23:43:15.666        0:  3404:  3404 I/AconfigPackage  ] com.android.art.flags is mapped to com.android.art
[ 2026-10-02T23:43:15.666        0:  3404:  3404 I/AconfigPackage  ] com.android.libcore is mapped to com.android.art
[ 2026-10-02T23:43:15.666        0:  3404:  3404 I/AconfigPackage  ] com.android.appsearch.flags is mapped to com.android.appsearch
[ 2026-10-02T23:43:15.667        0:  3404:  3404 I/AconfigPackage  ] com.android.devicelock.flags is mapped to com.android.devicelock
[ 2026-10-02T23:43:15.667        0:  3404:  3404 I/AconfigPackage  ] com.android.adservices.ondevicepersonalization.flags is mapped to com.android.ondevicepersonalization
[ 2026-10-02T23:43:15.667        0:  3404:  3404 I/AconfigPackage  ] android.os.profiling is mapped to com.android.profiling
[ 2026-10-02T23:43:15.667        0:  3404:  3404 I/AconfigPackage  ] com.android.wifi.flags is mapped to com.android.wifi
[ 2026-10-02T23:43:15.667        0:  3404:  3404 I/AconfigPackage  ] com.android.adservices.flags is mapped to com.android.adservices
[ 2026-10-02T23:43:15.667        0:  3404:  3404 I/AconfigPackage  ] com.android.sdksandbox.flags is mapped to com.android.adservices
[ 2026-10-02T23:43:15.667        0:  3404:  3404 E/FeatureFlagsImplExport ] android.os.flagging.AconfigStorageReadException: ERROR_PACKAGE_NOT_FOUND: package android.xr cannot be found on the device
[ 2026-10-02T23:43:15.668        0:  3404:  3404 W/PlatformAconfigPackage ] android.os.flagging.AconfigStorageReadException: ERROR_CANNOT_READ_STORAGE_FILE: Fail to mmap storage
[ 2026-10-02T23:43:15.670        0:  3404:  3404 D/nativeloader    ] InitApexLibraries:
  com_android_art: libnativehelper.so
  com_android_i18n: libicui18n.so:libicuuc.so:libicu.so
  com_android_neuralnetworks: libneuralnetworks.so
[ 2026-10-02T23:43:15.670        0:  3404:  3404 D/nativeloader    ] InitDefaultPublicLibraries for_preload=0: libandroid.so:libaaudio.so:libamidi.so:libbinder_ndk.so:libc.so:libcamera2ndk.so:libclang_rt.hwasan-aarch64-android.so:libdl.so:libEGL.so:libGLESv1_CM.so:libGLESv2.so:libGLESv3.so:libjnigraphics.so:liblog.so:libmediandk.so:libm.so:libnativewindow.so:libOpenMAXAL.so:libOpenSLES.so:libRS.so:libstdc++.so:libsync.so:libvulkan.so:libwebviewchromium_plat_support.so:libz.so
[ 2026-10-02T23:43:15.670        0:  3404:  3404 D/nativeloader    ] Configuring clns-1 for other apk . target_sdk_version=0, uses_libraries=ALL, library_path=/system/lib64:/system_ext/lib64, permitted_path=/data:/mnt/expand
[ 2026-10-02T23:43:15.670        0:  3404:  3404 D/nativeloader    ] InitExtendedPublicLibraries: libbinauralrenderer_wrapper.qti.so:libhoaeffects.qti.so:libsuperNight.oplus.so:libAPSClient-cmd-jni-extension.oplus.so:libsatellite_audio_jni.oplus.so:libortc_so.oplus.so:libsoundtouch.oplus.so:libsoundtouch_jni.oplus.so:libOplusStringJNI-extension.oplus.so:libsatellite_ostx_jni.oplus.so:libapssuspend-jni.oplus.so:libupdateprof.qti.so:libthermalclient.qti.so:libqape.qti.so:libqesdk_ndk_platform.qti.so:liblistenjni.qti.so
[ 2026-10-02T23:43:15.670        0:  3404:  3404 D/nativeloader    ] Extending system_exposed_libraries: libbinauralrenderer_wrapper.qti.so:libhoaeffects.qti.so:libsuperNight.oplus.so:libAPSClient-cmd-jni-extension.oplus.so:libsatellite_audio_jni.oplus.so:libortc_so.oplus.so:libsoundtouch.oplus.so:libsoundtouch_jni.oplus.so:libOplusStringJNI-extension.oplus.so:libsatellite_ostx_jni.oplus.so:libapssuspend-jni.oplus.so:libupdateprof.qti.so:libthermalclient.qti.so:libqape.qti.so:libqesdk_ndk_platform.qti.so:liblistenjni.qti.so
[ 2026-10-02T23:43:15.670        0:  3404:  3404 D/nativeloader    ] InitVendorPublicLibraries: libqti-perfd-client.so:libadsprpc.so:libcdsprpc.so:libsdsprpc.so:libfastcvopt.so:libOpenCL.so:libAncFilter.so:libarcsoft_scbokeh_video.so:libQEGA.qti.so:libaiboost.so:libaiboost_llm.so
[ 2026-10-02T23:43:15.670        0:  3404:  3404 D/nativeloader    ] InitProductPublicLibraries: 
[ 2026-10-02T23:43:15.671        0:  3404:  3404 D/nativeloader    ] Load /data/adb/modules/zygisk_vector/daemon.apk!/lib/arm64-v8a/libdaemon.so using isolated ns clns-1 (caller=/data/adb/modules/zygisk_vector/daemon.apk): ok
[ 2026-10-02T23:43:15.675        0:  3404:  3404 I/VectorDex2Oat   ] Detected /apex/com.android.art/bin/dex2oat32 -> Assigned Index 0
[ 2026-10-02T23:43:15.675        0:  3404:  3404 I/VectorDex2Oat   ] Detected /apex/com.android.art/bin/dex2oat64 -> Assigned Index 2
[ 2026-10-02T23:43:15.680        0:  3598:  3598 I/VectorNativeDaemon ] Enable dex2oat wrapper
[ 2026-10-02T23:43:15.682        0:  3590:  3590 I/Magisk          ] * Launching zygiskd64
[ 2026-10-02T23:43:15.687        0:  3404:  3596 I/VectorLogcat    ] Logcat daemon starting
[ 2026-10-02T23:43:15.687        0:  3404:  3596 I/VectorLogcat    ] New log file: /data/adb/lspd/log/verbose_2026-10-02T23:43:15.687676.log
[ 2026-10-02T23:43:15.688        0:  3404:  3596 I/VectorLogcat    ] New log file: /data/adb/lspd/log/modules_2026-10-02T23:43:15.688183.log
[ 2026-10-02T23:43:15.690        0:  3404:  3595 I/VectorDex2Oat   ] Dex2oat wrapper daemon start
[ 2026-10-02T23:43:15.692        0:  3404:  3592 I/VectorWorkarounds ] SQLiteGlobal.sDefaultSyncMode initialized to NORMAL.
[ 2026-10-02T23:43:15.692        0:  3404:  3592 I/VectorWorkarounds ] SQLiteCompatibilityWalFlags successfully bypassed.
[ 2026-10-02T23:43:15.694        0:  3404:  3404 D/nativeloader    ] Load libjavacrypto.so using APEX ns com_android_conscrypt for caller /apex/com.android.conscrypt/javalib/conscrypt.jar: ok
[ 2026-10-02T23:43:15.700        0:  3404:  3404 I/PackagePartitionsExtImpl ]  non overlaied app dir /my_product/non_overlay, partitionName my_product
[ 2026-10-02T23:43:15.701        0:  3404:  3404 I/PackagePartitionsExtImpl ]  non overlaied app dir /my_stock/non_overlay, partitionName my_stock
[ 2026-10-02T23:43:15.701        0:  3404:  3404 I/PackagePartitionsExtImpl ] my_company is not overlaid and scan as before
[ 2026-10-02T23:43:15.701        0:  3404:  3404 I/PackagePartitionsExtImpl ] my_carrier is not overlaid and scan as before
[ 2026-10-02T23:43:15.701        0:  3404:  3404 I/PackagePartitionsExtImpl ] my_bigball is not overlaid and scan as before
[ 2026-10-02T23:43:15.701        0:  3404:  3404 I/PackagePartitionsExtImpl ] my_product/cust/CN is not overlaid and scan as before
[ 2026-10-02T23:43:15.701        0:  3404:  3404 I/PackagePartitionsExtImpl ]  overlaidStatus value is 1
[ 2026-10-02T23:43:15.701        0:  3404:  3404 I/PackagePartitionsExtImpl ] custom partititions are overlaid;skip parse custom images
[ 2026-10-02T23:43:15.702        0:  3404:  3404 W/OverlayConfig   ] Invalid partition_order.xml, partition_order.xml has 6 partitions, which is different from SYSTEM_PARTITIONS
[ 2026-10-02T23:43:15.909        0:  3404:  3404 W/AssetManager    ] createSystemAssetsInZygoteLocked add framework idmapPath: /data/resource-cache/product@overlay@GmsConfigOverlayCommonCN@GmsConfigOverlayCommonCN.apk@idmap
[ 2026-10-02T23:43:15.909        0:  3404:  3404 W/AssetManager    ] createSystemAssetsInZygoteLocked add framework idmapPath: /data/resource-cache/product@overlay@GmsConfigOverlayNoSafetyCenter@GmsConfigOverlayNoSafetyCenter.apk@idmap
[ 2026-10-02T23:43:15.909        0:  3404:  3404 W/AssetManager    ] createSystemAssetsInZygoteLocked add framework idmapPath: /data/resource-cache/product@overlay@OplusConfigOverlayComms@OplusConfigOverlayComms.apk@idmap
[ 2026-10-02T23:43:15.909        0:  3404:  3404 W/AssetManager    ] createSystemAssetsInZygoteLocked add framework idmapPath: /data/resource-cache/product@overlay@FrameworksResCommon_Sys.apk@idmap
[ 2026-10-02T23:43:15.910        0:  3404:  3404 W/AssetManager    ] createSystemAssetsInZygoteLocked add framework idmapPath: /data/resource-cache/product@overlay@framework_res_overlay.network.23851.apk@idmap
[ 2026-10-02T23:43:15.910        0:  3404:  3404 W/AssetManager    ] createSystemAssetsInZygoteLocked add framework idmapPath: /data/resource-cache/vendor@overlay@FrameworksResTarget_Vendor.apk@idmap
[ 2026-10-02T23:43:15.910        0:  3404:  3404 W/AssetManager    ] createSystemAssetsInZygoteLocked add framework idmapPath: /data/resource-cache/system_ext@overlay@framework_res_overlay_Network.apk@idmap
[ 2026-10-02T23:43:15.910        0:  3404:  3404 W/AssetManager    ] createSystemAssetsInZygoteLocked add framework idmapPath: /data/resource-cache/product@overlay@android_framework_res_overlay.display.product.23851.apk@idmap
[ 2026-10-02T23:43:15.910        0:  3404:  3404 W/AssetManager    ] createSystemAssetsInZygoteLocked add framework idmapPath: /data/resource-cache/product@overlay@aon.frameworkres.overlay.product.apk@idmap
[ 2026-10-02T23:43:15.910        0:  3404:  3404 W/AssetManager    ] createSystemAssetsInZygoteLocked add framework idmapPath: /data/resource-cache/system_ext@overlay@OplusFrameworkBluetoothResource.apk@idmap
[ 2026-10-02T23:43:15.991        0:  3404:  3404 W/AssetManager    ] createSystemAssetsInZygoteLocked add oplus idmapPath: /data/resource-cache/product@overlay@OplusFwkResOverlay@OplusFwkResOverlay.apk@idmap
[ 2026-10-02T23:43:15.992        0:  3404:  3404 W/AssetManager    ] createSystemAssetsInZygoteLocked add oplus idmapPath: /data/resource-cache/product@overlay@oplus_framework_res_overlay.display.product.23851.apk@idmap
[ 2026-10-02T23:43:15.992        0:  3404:  3404 W/AssetManager    ] createSystemAssetsInZygoteLocked add oplus idmapPath: /data/resource-cache/product@overlay@oplus_framework_res_rro_oneplus.apk@idmap
[ 2026-10-02T23:43:15.995        0:  3404:  3404 I/app_process     ] AssetManager2(0xb4000072bf2a0128) locale list changing from [] to [zh-CN]
[ 2026-10-02T23:43:15.996        0:  3404:  3404 I/OneTrace        ] Mark active for pid=3404? true
[ 2026-10-02T23:43:15.996        0:  3404:  3404 D/cutils-dev      ] otrace_set_tracing_enabled? true tag:0
[ 2026-10-02T23:43:15.996        0:  3404:  3404 D/cutils-dev      ] properties changed in otrace_seq_number_changed!
[ 2026-10-02T23:43:16.003        0:  3404:  3404 E/OplusBaseFeatureConfigManager ] remote not published yet!!!
java.lang.Throwable
	at com.oplus.content.OplusBaseFeatureConfigManager.<init>(OplusBaseFeatureConfigManager.java:40)
	at com.oplus.content.OplusBaseFeatureConfigManager.<init>(OplusBaseFeatureConfigManager.java:33)
	at com.oplus.content.OplusFeatureConfigManager.<init>(OplusFeatureConfigManager.java:49)
	at com.oplus.content.OplusFeatureConfigManager.getInstance(OplusFeatureConfigManager.java:82)
	at android.view.viewcache.OplusViewCacheManager.<clinit>(OplusViewCacheManager.java:40)
	at oplus.android.OplusFrameworkFactoryImpl.getOplusViewCacheManager(OplusFrameworkFactoryImpl.java:750)
	at oplus.android.OplusFrameworkFactoryImpl.getFeature(OplusFrameworkFactoryImpl.java:432)
	at android.common.OplusFeatureCache.getOrCreate(OplusFeatureCache.java:56)
	at android.content.res.ViewCacheResExt.checkViewCacheThread(ViewCacheResExt.java:29)
	at android.content.res.Resources.selectDefaultTheme(Resources.java:232)
	at android.app.ContextImpl.getTheme(ContextImpl.java:516)
	at android.content.ContextWrapper.getTheme(ContextWrapper.java:169)
	at com.oplus.util.OplusContextUtil.isOplusStyle(OplusContextUtil.java:75)
	at com.oplus.util.OplusContextUtil.isOplusOSStyle(OplusContextUtil.java:221)
	at com.oplus.util.OplusFontUtils.initVariationFontVariable(OplusFontUtils.java:543)
	at com.oplus.font.OplusFontManager.initVariationFontVariable(OplusFontManager.java:168)
	at oplus.android.OplusCommonInjector.onCreateForApplication(OplusCommonInjector.java:78)
	at android.app.ApplicationExtImpl.hookOnCreate(ApplicationExtImpl.java:29)
	at android.app.Application.onCreate(Application.java:278)
	at android.app.ActivityThread.initializeSystemThread(ActivityThread.java:9680)
	at android.app.ActivityThread.attach(ActivityThread.java:9629)
	at android.app.ActivityThread.systemMain(ActivityThread.java:9690)
	at org.matrix.vector.daemon.VectorDaemon.main(r8-map-id-a0ba2af9ea62f6dd06c97dd6bd830c9cb1bf7c5847fb9fa894f80054d3e82450:419)
	at com.android.internal.os.RuntimeInit.nativeFinishInit(Native Method)
	at com.android.internal.os.RuntimeInit.main(RuntimeInit.java:391)
[ 2026-10-02T23:43:16.004        0:  3404:  3404 E/OplusFeatureConfigManager ] remote is still null
[ 2026-10-02T23:43:16.004        0:  3404:  3404 E/OplusFeatureConfigManager ] hasFeatureIPC oplus.software.settings.preinflate_view_scene failed , pms not initialized.com.oplus.content.OplusFeatureCache$1.recompute:55 com.oplus.content.OplusFeatureCache$1.recompute:51 android.app.PropertyInvalidatedCache.query:1705 com.oplus.content.OplusFeatureCache.query:194 com.oplus.content.OplusFeatureConfigManager.hasFeature:132 android.view.viewcache.OplusViewCacheManager.<clinit>:41 
[ 2026-10-02T23:43:16.004        0:  3404:  3404 E/OplusContextUtil ] java.lang.NullPointerException: Attempt to invoke virtual method 'android.content.pm.ApplicationInfo android.content.pm.PackageManager.getApplicationInfoAsUser(java.lang.String, int, int)' on a null object reference
[ 2026-10-02T23:43:16.004        0:  3404:  3404 I/Typeface        ] Preloading /system/fonts/Roboto-Regular.ttf
[ 2026-10-02T23:43:16.004        0:  3404:  3404 I/Typeface        ] Preloading /system/fonts/RobotoStatic-Regular.ttf
[ 2026-10-02T23:43:16.007        0:  3404:  3404 I/SystemFonts     ] Loading font config from /system_ext/etc/fonts_base.xml
[ 2026-10-02T23:43:16.021        0:  3404:  3404 I/Typeface        ] Preloading /system/fonts/SysSans-Hans-Regular.ttf
[ 2026-10-02T23:43:16.021        0:  3404:  3404 I/Typeface        ] Preloading /system/fonts/SysSans-Hans-Regular.ttf
[ 2026-10-02T23:43:16.021        0:  3404:  3404 I/Typeface        ] Preloading /system/fonts/SysSans-Hans-Regular.ttf
[ 2026-10-02T23:43:16.021        0:  3404:  3404 I/Typeface        ] Preloading /system/fonts/SysSans-Hans-Regular.ttf
[ 2026-10-02T23:43:16.021        0:  3404:  3404 I/Typeface        ] Preloading /system/fonts/SysSans-Hans-Regular.ttf
[ 2026-10-02T23:43:16.021        0:  3404:  3404 I/Typeface        ] Preloading /system/fonts/SysSans-Hans-Regular.ttf
[ 2026-10-02T23:43:16.021        0:  3404:  3404 I/Typeface        ] Preloading /system/fonts/SysSans-Hans-Regular.ttf
[ 2026-10-02T23:43:16.021        0:  3404:  3404 I/Typeface        ] Preloading /system/fonts/SysSans-Hans-Regular.ttf
[ 2026-10-02T23:43:16.021        0:  3404:  3404 I/Typeface        ] Preloading /system/fonts/SysSans-Hans-Regular.ttf
[ 2026-10-02T23:43:16.021        0:  3404:  3404 I/Typeface        ] Preloading /system/fonts/SysSans-Hans-Regular.ttf
[ 2026-10-02T23:43:16.021        0:  3404:  3404 I/Typeface        ] Preloading /system/fonts/SysSans-Hans-Regular.ttf
[ 2026-10-02T23:43:16.023        0:  3404:  3404 I/VectorDaemon    ] Waiting system service: package for 1s
[ 2026-10-02T23:43:16.468        0:  3532:  3532 I/VectorNative    ] System server process detected. Marking for injection.
[ 2026-10-02T23:43:16.469        0:  2764:  2764 I/dex2oat32       ] FastVerify is skipped, start verify normally...
[ 2026-10-02T23:43:16.680     1000:  3532:  3532 I/VectorNative    ] Got system server binder via serial on attempt 1.
[ 2026-10-02T23:43:16.692     1000:  3532:  3532 I/VectorNative    ] IPC Bridge JNI hook installed successfully.
[ 2026-10-02T23:43:16.717     1000:  3532:  3532 V/VectorDeopter   ] Skipping deopt for android.app.Instrumentation#newApplication: android.app.Instrumentation.newApplication [class java.lang.ClassLoader, class android.content.Context]
[ 2026-10-02T23:43:16.734     1000:  3532:  3532 V/Vector          ] Loading Vector/Xposed for system (UID: 1000)
[ 2026-10-02T23:43:16.742        0:  3404:  3566 I/app_process     ] AssetManager2(0xb4000072bf2a0a28) locale list changing from [] to [zh-CN]
[ 2026-10-02T23:43:16.744        0:  3404:  3566 W/VectorConfigCache ] PackageParser failed for /data/app/~~1McekIOD0K0HMfVHsi710w==/io.github.lsposed.disableflagsecure-WaBBlVPYrGbj1F_awrBZCg==/base.apk, using fallback ApplicationInfo
[ 2026-10-02T23:43:16.752        0:  3404:  3566 I/app_process     ] AssetManager2(0xb4000072bf2a0a28) locale list changing from [] to [zh-CN]
[ 2026-10-02T23:43:16.753        0:  3404:  3566 W/VectorConfigCache ] PackageParser failed for /data/app/~~00z41j1zIXYKtxf_o-c4sQ==/io.github.privacygate-7ZjldUH0A3TbhmvdgiW-nA==/base.apk, using fallback ApplicationInfo
[ 2026-10-02T23:43:16.763        0:  3404:  3566 I/app_process     ] AssetManager2(0xb4000072bf2a0a28) locale list changing from [] to [zh-CN]
[ 2026-10-02T23:43:16.764        0:  3404:  3566 W/VectorConfigCache ] PackageParser failed for /data/app/~~XXDWGjhVG5ozFPvxwgd9rw==/dev.ven11.module-wborJBzxSlrvgCShBKSIdg==/base.apk, using fallback ApplicationInfo
[ 2026-10-02T23:43:16.799     1000:  3532:  3532 I/VectorNative    ] Injected Vector framework into system_server.
[ 2026-10-02T23:43:16.821     1000:  3532:  3532 D/Vector          ] Successfully hooked Activity Supervisor for Manager redirection.
[ 2026-10-02T23:43:17.015        0:  3404:  3566 I/app_process     ] AssetManager2(0xb4000072bf2a0a28) locale list changing from [] to [zh-CN]
[ 2026-10-02T23:43:17.015        0:  3404:  3566 W/VectorConfigCache ] PackageParser failed for /data/app/~~1McekIOD0K0HMfVHsi710w==/io.github.lsposed.disableflagsecure-WaBBlVPYrGbj1F_awrBZCg==/base.apk, using fallback ApplicationInfo
[ 2026-10-02T23:43:17.016        0:  3404:  3566 I/app_process     ] AssetManager2(0xb4000072bf2a0a28) locale list changing from [] to [zh-CN]
[ 2026-10-02T23:43:17.017        0:  3404:  3566 W/VectorConfigCache ] PackageParser failed for /data/app/~~00z41j1zIXYKtxf_o-c4sQ==/io.github.privacygate-7ZjldUH0A3TbhmvdgiW-nA==/base.apk, using fallback ApplicationInfo
[ 2026-10-02T23:43:17.024        0:  3404:  3404 I/VectorDaemon    ] Waiting system service: package for 1s
[ 2026-10-02T23:43:17.024        0:  3404:  3566 I/app_process     ] AssetManager2(0xb4000072bf2a0a28) locale list changing from [] to [zh-CN]
[ 2026-10-02T23:43:17.025        0:  3404:  3566 W/VectorConfigCache ] PackageParser failed for /data/app/~~XXDWGjhVG5ozFPvxwgd9rw==/dev.ven11.module-wborJBzxSlrvgCShBKSIdg==/base.apk, using fallback ApplicationInfo
[ 2026-10-02T23:43:17.048     1000:  3532:  3532 D/VectorModuleManager ] Loading module io.github.lsposed.disableflagsecure
[ 2026-10-02T23:43:17.049     1000:  3532:  3532 V/VectorModuleManager ] Loading class class l
[ 2026-10-02T23:43:17.049     1000:  3532:  3532 D/VectorModuleManager ] Loaded module io.github.lsposed.disableflagsecure successfully.
[ 2026-10-02T23:43:17.049     1000:  3532:  3532 D/VectorModuleManager ] Loading module io.github.privacygate
[ 2026-10-02T23:43:17.060     1000:  3532:  3532 V/VectorModuleManager ] Loading class class io.github.privacygate.hook.PgModule
[ 2026-10-02T23:43:17.060     1000:  3532:  3532 D/VectorModuleManager ] Loaded module io.github.privacygate successfully.
[ 2026-10-02T23:43:17.060     1000:  3532:  3532 D/VectorModuleManager ] Loading module dev.ven11.module
[ 2026-10-02T23:43:17.069     1000:  3532:  3532 V/VectorModuleManager ] Loading class class dev.ven11.module.Ven11Module
[ 2026-10-02T23:43:17.070     1000:  3532:  3532 D/VectorModuleManager ] Loaded module dev.ven11.module successfully.
[ 2026-10-02T23:43:17.942        0:  2764:  2764 I/dex2oat32       ] Explicit concurrent copying GC freed 13MB AllocSpace bytes, 6(140KB) LOS objects, 66% free,18MB(M:18MB,L:144KB)/55MB, paused 719us,274us total 71.102ms
[ 2026-10-02T23:43:18.024        0:  3404:  3404 I/VectorDaemon    ] Waiting system service: package for 1s
[ 2026-10-02T23:43:18.090        0:  2764:  2764 I/dex2oat32       ] Explicit concurrent copying GC freed 8233KB AllocSpace bytes, 0(0B) LOS objects, 69% free,10MB(M:10MB,L:144KB)/34MB, paused 53us,14us total 28.893ms
[ 2026-10-02T23:43:18.102        0:  2764:  2764 W/dex2oat32       ] Failed to find field "sharedConstantsCache:Llibcore/util/BasicLruCache;", entry: "Ljava/lang/Enum;.sharedConstantsCache:Llibcore/util/BasicLruCache;.map:Ljava/util/LinkedHashMap; 130"
[ 2026-10-02T23:43:18.102        0:  2764:  2764 W/dex2oat32       ] Failed to find field "sharedConstantsCache:Llibcore/util/BasicLruCache;", entry: "Ljava/lang/Enum;.sharedConstantsCache:Llibcore/util/BasicLruCache;.map:Ljava/util/LinkedHashMap;.tail:Ljava/util/LinkedHashMap$Entry;.before:Ljava/util/LinkedHashMap$Entry;.before:Ljava/util/LinkedHashMap$Entry;.before:Ljava/util/LinkedHashMap$Entry; 148"
[ 2026-10-02T23:43:18.108        0:  2764:  2764 W/dex2oat32       ] Failed to find field "sharedConstantsCache:Llibcore/util/BasicLruCache;", entry: "Ljava/lang/Enum;.sharedConstantsCache:Llibcore/util/BasicLruCache; 518"
[ 2026-10-02T23:43:18.108        0:  2764:  2764 W/dex2oat32       ] Failed to find field "sharedConstantsCache:Llibcore/util/BasicLruCache;", entry: "Ljava/lang/Enum;.sharedConstantsCache:Llibcore/util/BasicLruCache;.map:Ljava/util/LinkedHashMap;.tail:Ljava/util/LinkedHashMap$Entry;.before:Ljava/util/LinkedHashMap$Entry;.before:Ljava/util/LinkedHashMap$Entry;.before:Ljava/util/LinkedHashMap$Entry;.before:Ljava/util/LinkedHashMap$Entry;.before:Ljava/util/LinkedHashMap$Entry; 671"
[ 2026-10-02T23:43:18.108        0:  2764:  2764 W/dex2oat32       ] Failed to find field "sharedConstantsCache:Llibcore/util/BasicLruCache;", entry: "Ljava/lang/Enum;.sharedConstantsCache:Llibcore/util/BasicLruCache;.map:Ljava/util/LinkedHashMap;.tail:Ljava/util/LinkedHashMap$Entry;.before:Ljava/util/LinkedHashMap$Entry;.before:Ljava/util/LinkedHashMap$Entry;.before:Ljava/util/LinkedHashMap$Entry;.before:Ljava/util/LinkedHashMap$Entry; 672"
[ 2026-10-02T23:43:18.108        0:  2764:  2764 W/dex2oat32       ] Failed to find field "sharedConstantsCache:Llibcore/util/BasicLruCache;", entry: "Ljava/lang/Enum;.sharedConstantsCache:Llibcore/util/BasicLruCache;.map:Ljava/util/LinkedHashMap;.tail:Ljava/util/LinkedHashMap$Entry;.before:Ljava/util/LinkedHashMap$Entry; 673"
[ 2026-10-02T23:43:18.108        0:  2764:  2764 W/dex2oat32       ] Failed to find field "sharedConstantsCache:Llibcore/util/BasicLruCache;", entry: "Ljava/lang/Enum;.sharedConstantsCache:Llibcore/util/BasicLruCache;.map:Ljava/util/LinkedHashMap;.head:Ljava/util/LinkedHashMap$Entry; 674"
[ 2026-10-02T23:43:18.108        0:  2764:  2764 W/dex2oat32       ] Failed to find field "sharedConstantsCache:Llibcore/util/BasicLruCache;", entry: "Ljava/lang/Enum;.sharedConstantsCache:Llibcore/util/BasicLruCache;.map:Ljava/util/LinkedHashMap;.tail:Ljava/util/LinkedHashMap$Entry; 674"
[ 2026-10-02T23:43:18.108        0:  2764:  2764 W/dex2oat32       ] Failed to find field "sharedConstantsCache:Llibcore/util/BasicLruCache;", entry: "Ljava/lang/Enum;.sharedConstantsCache:Llibcore/util/BasicLruCache;.map:Ljava/util/LinkedHashMap;.tail:Ljava/util/LinkedHashMap$Entry;.before:Ljava/util/LinkedHashMap$Entry;.before:Ljava/util/LinkedHashMap$Entry; 674"
[ 2026-10-02T23:43:18.114        0:  2764:  2764 W/dex2oat32       ] Failed to find field "ZYGOTE_PROCESS:Landroid/os/ZygoteProcess;", entry: "Landroid/os/Process;.ZYGOTE_PROCESS:Landroid/os/ZygoteProcess; 18"
[ 2026-10-02T23:43:18.114        0:  2764:  2764 W/dex2oat32       ] Failed to find field "sCorkedInvalidates:Ljava/util/HashMap;", entry: "Landroid/app/PropertyInvalidatedCache;.sCorkedInvalidates:Ljava/util/HashMap; 18"
[ 2026-10-02T23:43:18.117        0:  2764:  2764 W/dex2oat32       ] Failed to find field "sCacheAutoCorker:Landroid/app/PropertyInvalidatedCache$AutoCorker;", entry: "Landroid/content/pm/PackageManager;.sCacheAutoCorker:Landroid/app/PropertyInvalidatedCache$AutoCorker; 18"
[ 2026-10-02T23:43:18.117        0:  2764:  2764 W/dex2oat32       ] Failed to find field "7:Ljava/util/WeakHashMap$Entry;", entry: "Landroid/app/PropertyInvalidatedCache;.sCaches:Ljava/util/WeakHashMap;.table:[Ljava/util/WeakHashMap$Entry;.7:Ljava/util/WeakHashMap$Entry;.referent:Ljava/lang/Object;.mLock:Ljava/lang/Object; 18"
[ 2026-10-02T23:43:18.117        0:  2764:  2764 W/dex2oat32       ] Class not found: "Landroid/app/servertransaction/ObjectPool;"
[ 2026-10-02T23:43:18.117        0:  2764:  2764 W/dex2oat32       ] Failed to find field "sCacheAutoCorker:Landroid/app/PropertyInvalidatedCache$AutoCorker;", entry: "Landroid/content/pm/PackageManager;.sCacheAutoCorker:Landroid/app/PropertyInvalidatedCache$AutoCorker;.mLock:Ljava/lang/Object; 18"
[ 2026-10-02T23:43:18.117        0:  2764:  2764 W/dex2oat32       ] Class not found: "Lcom/android/internal/os/BatteryStatsHistory$HistoryStepDetailsCalculator;"
[ 2026-10-02T23:43:18.117        0:  2764:  2764 W/dex2oat32       ] Failed to find field "sCorks:Ljava/util/HashMap;", entry: "Landroid/app/PropertyInvalidatedCache;.sCorks:Ljava/util/HashMap; 18"
[ 2026-10-02T23:43:18.117        0:  2764:  2764 W/dex2oat32       ] Failed to find field "sTmpArrayContainer:Ljava/util/concurrent/atomic/AtomicReference;", entry: "Lcom/android/internal/os/LongArrayMultiStateCounter;.sTmpArrayContainer:Ljava/util/concurrent/atomic/AtomicReference; 18"
[ 2026-10-02T23:43:18.117        0:  2764:  2764 W/dex2oat32       ] Class not found: "Lcom/android/internal/os/LongArrayMultiStateCounter$LongArrayContainer;"
[ 2026-10-02T23:43:18.117        0:  2764:  2764 W/dex2oat32       ] Class not found: "Landroid/service/watchdog/ExplicitHealthCheckService$PackageConfig;"
[ 2026-10-02T23:43:18.117        0:  2764:  2764 W/dex2oat32       ] Failed to find field "LENS_INFO_AVAILABLE_APERTURES:Landroid/hardware/camera2/CameraCharacteristics$Key;", entry: "Landroid/hardware/camera2/CameraCharacteristics;.LENS_INFO_AVAILABLE_APERTURES:Landroid/hardware/camera2/CameraCharacteristics$Key;.mKey:Landroid/hardware/camera2/impl/CameraMetadataNative$Key; 29"
[ 2026-10-02T23:43:18.117        0:  2764:  2764 W/dex2oat32       ] Failed to find field "LENS_INFO_AVAILABLE_FOCAL_LENGTHS:Landroid/hardware/camera2/CameraCharacteristics$Key;", entry: "Landroid/hardware/camera2/CameraCharacteristics;.LENS_INFO_AVAILABLE_FOCAL_LENGTHS:Landroid/hardware/camera2/CameraCharacteristics$Key;.mKey:Landroid/hardware/camera2/impl/CameraMetadataNative$Key; 30"
[ 2026-10-02T23:43:18.117        0:  2764:  2764 W/dex2oat32       ] Failed to find field "SCALER_AVAILABLE_MIN_FRAME_DURATIONS:Landroid/hardware/camera2/CameraCharacteristics$Key;", entry: "Landroid/hardware/camera2/CameraCharacteristics;.SCALER_AVAILABLE_MIN_FRAME_DURATIONS:Landroid/hardware/camera2/CameraCharacteristics$Key;.mKey:Landroid/hardware/camera2/impl/CameraMetadataNative$Key; 31"
[ 2026-10-02T23:43:18.117        0:  2764:  2764 W/dex2oat32       ] Failed to find field "SCALER_AVAILABLE_INPUT_OUTPUT_FORMATS_MAP:Landroid/hardware/camera2/CameraCharacteristics$Key;", entry: "Landroid/hardware/camera2/CameraCharacteristics;.SCALER_AVAILABLE_INPUT_OUTPUT_FORMATS_MAP:Landroid/hardware/camera2/CameraCharacteristics$Key;.mKey:Landroid/hardware/camera2/impl/CameraMetadataNative$Key; 31"
[ 2026-10-02T23:43:18.117        0:  2764:  2764 W/dex2oat32       ] Failed to find field "DEPTH_AVAILABLE_DEPTH_MIN_FRAME_DURATIONS:Landroid/hardware/camera2/CameraCharacteristics$Key;", entry: "Landroid/hardware/camera2/CameraCharacteristics;.DEPTH_AVAILABLE_DEPTH_MIN_FRAME_DURATIONS:Landroid/hardware/camera2/CameraCharacteristics$Key;.mKey:Landroid/hardware/camera2/impl/CameraMetadataNative$Key; 31"
[ 2026-10-02T23:43:18.117        0:  2764:  2764 W/dex2oat32       ] Failed to find field "DEPTH_AVAILABLE_DYNAMIC_DEPTH_STALL_DURATIONS:Landroid/hardware/camera2/CameraCharacteristics$Key;", entry: "Landroid/hardware/camera2/CameraCharacteristics;.DEPTH_AVAILABLE_DYNAMIC_DEPTH_STALL_DURATIONS:Landroid/hardware/camera2/CameraCharacteristics$Key;.mKey:Landroid/hardware/camera2/impl/CameraMetadataNative$Key; 31"
[ 2026-10-02T23:43:18.117        0:  2764:  2764 W/dex2oat32       ] Failed to find field "HEIC_AVAILABLE_HEIC_MIN_FRAME_DURATIONS:Landroid/hardware/camera2/CameraCharacteristics$Key;", entry: "Landroid/hardware/camera2/CameraCharacteristics;.HEIC_AVAILABLE_HEIC_MIN_FRAME_DURATIONS:Landroid/hardware/camera2/CameraCharacteristics$Key;.mKey:Landroid/hardware/camera2/impl/CameraMetadataNative$Key; 31"
[ 2026-10-02T23:43:18.117        0:  2764:  2764 W/dex2oat32       ] Failed to find field "JPEGR_AVAILABLE_JPEG_R_STALL_DURATIONS:Landroid/hardware/camera2/CameraCharacteristics$Key;", entry: "Landroid/hardware/camera2/CameraCharacteristics;.JPEGR_AVAILABLE_JPEG_R_STALL_DURATIONS:Landroid/hardware/camera2/CameraCharacteristics$Key;.mKey:Landroid/hardware/camera2/impl/CameraMetadataNative$Key; 31"
[ 2026-10-02T23:43:18.117        0:  2764:  2764 W/dex2oat32       ] Failed to find field "DEPTH_AVAILABLE_DEPTH_STALL_DURATIONS:Landroid/hardware/camera2/CameraCharacteristics$Key;", entry: "Landroid/hardware/camera2/CameraCharacteristics;.DEPTH_AVAILABLE_DEPTH_STALL_DURATIONS:Landroid/hardware/camera2/CameraCharacteristics$Key;.mKey:Landroid/hardware/camera2/impl/CameraMetadataNative$Key; 31"
[ 2026-10-02T23:43:18.117        0:  2764:  2764 W/dex2oat32       ] Failed to find field "HEIC_AVAILABLE_HEIC_STREAM_CONFIGURATIONS:Landroid/hardware/camera2/CameraCharacteristics$Key;", entry: "Landroid/hardware/camera2/CameraCharacteristics;.HEIC_AVAILABLE_HEIC_STREAM_CONFIGURATIONS:Landroid/hardware/camera2/CameraCharacteristics$Key;.mKey:Landroid/hardware/camera2/impl/CameraMetadataNative$Key; 31"
[ 2026-10-02T23:43:18.117        0:  2764:  2764 W/dex2oat32       ] Failed to find field "SCALER_AVAILABLE_STREAM_CONFIGURATIONS:Landroid/hardware/camera2/CameraCharacteristics$Key;", entry: "Landroid/hardware/camera2/CameraCharacteristics;.SCALER_AVAILABLE_STREAM_CONFIGURATIONS:Landroid/hardware/camera2/CameraCharacteristics$Key;.mKey:Landroid/hardware/camera2/impl/CameraMetadataNative$Key; 31"
[ 2026-10-02T23:43:18.117        0:  2764:  2764 W/dex2oat32       ] Failed to find field "REQUEST_AVAILABLE_CAPABILITIES:Landroid/hardware/camera2/CameraCharacteristics$Key;", entry: "Landroid/hardware/camera2/CameraCharacteristics;.REQUEST_AVAILABLE_CAPABILITIES:Landroid/hardware/camera2/CameraCharacteristics$Key;.mKey:Landroid/hardware/camera2/impl/CameraMetadataNative$Key; 31"
[ 2026-10-02T23:43:18.117        0:  2764:  2764 W/dex2oat32       ] Failed to find field "JPEGR_AVAILABLE_JPEG_R_STREAM_CONFIGURATIONS:Landroid/hardware/camera2/CameraCharacteristics$Key;", entry: "Landroid/hardware/camera2/CameraCharacteristics;.JPEGR_AVAILABLE_JPEG_R_STREAM_CONFIGURATIONS:Landroid/hardware/camera2/CameraCharacteristics$Key;.mKey:Landroid/hardware/camera2/impl/CameraMetadataNative$Key; 31"
[ 2026-10-02T23:43:18.117        0:  2764:  2764 W/dex2oat32       ] Failed to find field "DEPTH_AVAILABLE_DYNAMIC_DEPTH_STREAM_CONFIGURATIONS:Landroid/hardware/camera2/CameraCharacteristics$Key;", entry: "Landroid/hardware/camera2/CameraCharacteristics;.DEPTH_AVAILABLE_DYNAMIC_DEPTH_STREAM_CONFIGURATIONS:Landroid/hardware/camera2/CameraCharacteristics$Key;.mKey:Landroid/hardware/camera2/impl/CameraMetadataNative$Key; 31"
[ 2026-10-02T23:43:18.117        0:  2764:  2764 W/dex2oat32       ] Failed to find field "SCALER_AVAILABLE_STALL_DURATIONS:Landroid/hardware/camera2/CameraCharacteristics$Key;", entry: "Landroid/hardware/camera2/CameraCharacteristics;.SCALER_AVAILABLE_STALL_DURATIONS:Landroid/hardware/camera2/CameraCharacteristics$Key;.mKey:Landroid/hardware/camera2/impl/CameraMetadataNative$Key; 31"
[ 2026-10-02T23:43:18.117        0:  2764:  2764 W/dex2oat32       ] Failed to find field "JPEGR_AVAILABLE_JPEG_R_MIN_FRAME_DURATIONS:Landroid/hardware/camera2/CameraCharacteristics$Key;", entry: "Landroid/hardware/camera2/CameraCharacteristics;.JPEGR_AVAILABLE_JPEG_R_MIN_FRAME_DURATIONS:Landroid/hardware/camera2/CameraCharacteristics$Key;.mKey:Landroid/hardware/camera2/impl/CameraMetadataNative$Key; 31"
[ 2026-10-02T23:43:18.117        0:  2764:  2764 W/dex2oat32       ] Failed to find field "CONTROL_AVAILABLE_HIGH_SPEED_VIDEO_CONFIGURATIONS:Landroid/hardware/camera2/CameraCharacteristics$Key;", entry: "Landroid/hardware/camera2/CameraCharacteristics;.CONTROL_AVAILABLE_HIGH_SPEED_VIDEO_CONFIGURATIONS:Landroid/hardware/camera2/CameraCharacteristics$Key;.mKey:Landroid/hardware/camera2/impl/CameraMetadataNative$Key; 31"
[ 2026-10-02T23:43:18.117        0:  2764:  2764 W/dex2oat32       ] Failed to find field "DEPTH_AVAILABLE_DEPTH_STREAM_CONFIGURATIONS:Landroid/hardware/camera2/CameraCharacteristics$Key;", entry: "Landroid/hardware/camera2/CameraCharacteristics;.DEPTH_AVAILABLE_DEPTH_STREAM_CONFIGURATIONS:Landroid/hardware/camera2/CameraCharacteristics$Key;.mKey:Landroid/hardware/camera2/impl/CameraMetadataNative$Key; 31"
[ 2026-10-02T23:43:18.117        0:  2764:  2764 W/dex2oat32       ] Failed to find field "HEIC_AVAILABLE_HEIC_STALL_DURATIONS:Landroid/hardware/camera2/CameraCharacteristics$Key;", entry: "Landroid/hardware/camera2/CameraCharacteristics;.HEIC_AVAILABLE_HEIC_STALL_DURATIONS:Landroid/hardware/camera2/CameraCharacteristics$Key;.mKey:Landroid/hardware/camera2/impl/CameraMetadataNative$Key; 31"
[ 2026-10-02T23:43:18.117        0:  2764:  2764 W/dex2oat32       ] Failed to find field "DEPTH_AVAILABLE_DYNAMIC_DEPTH_MIN_FRAME_DURATIONS:Landroid/hardware/camera2/CameraCharacteristics$Key;", entry: "Landroid/hardware/camera2/CameraCharacteristics;.DEPTH_AVAILABLE_DYNAMIC_DEPTH_MIN_FRAME_DURATIONS:Landroid/hardware/camera2/CameraCharacteristics$Key;.mKey:Landroid/hardware/camera2/impl/CameraMetadataNative$Key; 31"
[ 2026-10-02T23:43:18.118        0:  2764:  2764 W/dex2oat32       ] Failed to find field "LENS_FACING:Landroid/hardware/camera2/CameraCharacteristics$Key;", entry: "Landroid/hardware/camera2/CameraCharacteristics;.LENS_FACING:Landroid/hardware/camera2/CameraCharacteristics$Key;.mKey:Landroid/hardware/camera2/impl/CameraMetadataNative$Key; 32"
[ 2026-10-02T23:43:18.118        0:  2764:  2764 W/dex2oat32       ] Failed to find field "SCALER_MULTI_RESOLUTION_STREAM_SUPPORTED:Landroid/hardware/camera2/CameraCharacteristics$Key;", entry: "Landroid/hardware/camera2/CameraCharacteristics;.SCALER_MULTI_RESOLUTION_STREAM_SUPPORTED:Landroid/hardware/camera2/CameraCharacteristics$Key;.mKey:Landroid/hardware/camera2/impl/CameraMetadataNative$Key; 33"
[ 2026-10-02T23:43:18.118        0:  2764:  2764 W/dex2oat32       ] Failed to find field "sInstance:Landroid/util/Singleton;", entry: "Landroid/app/ActivityClient;.sInstance:Landroid/util/Singleton; 75"
[ 2026-10-02T23:43:18.118        0:  2764:  2764 W/dex2oat32       ] Failed to find field "INTERFACE_SINGLETON:Landroid/app/ActivityClient$ActivityClientControllerSingleton;", entry: "Landroid/app/ActivityClient;.INTERFACE_SINGLETON:Landroid/app/ActivityClient$ActivityClientControllerSingleton; 75"
[ 2026-10-02T23:43:18.118        0:  2764:  2764 W/dex2oat32       ] Failed to find field "sAllBitmaps:Ljava/util/WeakHashMap;", entry: "Landroid/graphics/Bitmap;.sAllBitmaps:Ljava/util/WeakHashMap; 117"
[ 2026-10-02T23:43:18.118        0:  2764:  2764 W/dex2oat32       ] Failed to find field "sApplications:Landroid/util/ArrayMap;", entry: "Landroid/app/LoadedApk;.sApplications:Landroid/util/ArrayMap;.mHashes:[I 133"
[ 2026-10-02T23:43:18.118        0:  2764:  2764 W/dex2oat32       ] Failed to find field "sResourcesHistory:Ljava/util/Set;", entry: "Landroid/content/res/Resources;.sResourcesHistory:Ljava/util/Set;.c:Ljava/util/Collection;.m:Ljava/util/Map; 133"
[ 2026-10-02T23:43:18.118        0:  2764:  2764 W/dex2oat32       ] Failed to find field "7:Ljava/util/WeakHashMap$Entry;", entry: "Landroid/app/PropertyInvalidatedCache;.sCaches:Ljava/util/WeakHashMap;.table:[Ljava/util/WeakHashMap$Entry;.7:Ljava/util/WeakHashMap$Entry;.referent:Ljava/lang/Object; 133"
[ 2026-10-02T23:43:18.118        0:  2764:  2764 W/dex2oat32       ] Failed to find field "sResourcesHistory:Ljava/util/Set;", entry: "Landroid/content/res/Resources;.sResourcesHistory:Ljava/util/Set;.c:Ljava/util/Collection;.m:Ljava/util/Map;.table:[Ljava/util/WeakHashMap$Entry; 133"
[ 2026-10-02T23:43:18.118        0:  2764:  2764 W/dex2oat32       ] Failed to find field "7:Ljava/util/WeakHashMap$Entry;", entry: "Landroid/app/PropertyInvalidatedCache;.sCaches:Ljava/util/WeakHashMap;.table:[Ljava/util/WeakHashMap$Entry;.7:Ljava/util/WeakHashMap$Entry;.referent:Ljava/lang/Object;.mCache:Ljava/util/LinkedHashMap; 133"
[ 2026-10-02T23:43:18.118        0:  2764:  2764 W/dex2oat32       ] Failed to find field "sApplications:Landroid/util/ArrayMap;", entry: "Landroid/app/LoadedApk;.sApplications:Landroid/util/ArrayMap;.mArray:[Ljava/lang/Object; 133"
[ 2026-10-02T23:43:18.118        0:  2764:  2764 W/dex2oat32       ] Failed to find field "sApplications:Landroid/util/ArrayMap;", entry: "Landroid/app/LoadedApk;.sApplications:Landroid/util/ArrayMap; 133"
[ 2026-10-02T23:43:18.118        0:  2764:  2764 W/dex2oat32       ] Failed to find field "4:Ljava/util/WeakHashMap$Entry;", entry: "Landroid/app/PropertyInvalidatedCache;.sCaches:Ljava/util/WeakHashMap;.table:[Ljava/util/WeakHashMap$Entry;.4:Ljava/util/WeakHashMap$Entry;.referent:Ljava/lang/Object;.mCache:Ljava/util/LinkedHashMap; 136"
[ 2026-10-02T23:43:18.118        0:  2764:  2764 W/dex2oat32       ] Failed to find field "4:Ljava/util/WeakHashMap$Entry;", entry: "Landroid/app/PropertyInvalidatedCache;.sCaches:Ljava/util/WeakHashMap;.table:[Ljava/util/WeakHashMap$Entry;.4:Ljava/util/WeakHashMap$Entry;.referent:Ljava/lang/Object; 136"
[ 2026-10-02T23:43:18.118        0:  2764:  2764 W/dex2oat32       ] Failed to find field "9:Ljava/util/WeakHashMap$Entry;", entry: "Landroid/app/PropertyInvalidatedCache;.sCaches:Ljava/util/WeakHashMap;.table:[Ljava/util/WeakHashMap$Entry;.9:Ljava/util/WeakHashMap$Entry;.referent:Ljava/lang/Object; 139"
[ 2026-10-02T23:43:18.118        0:  2764:  2764 W/dex2oat32       ] Failed to find field "9:Ljava/util/WeakHashMap$Entry;", entry: "Landroid/app/PropertyInvalidatedCache;.sCaches:Ljava/util/WeakHashMap;.table:[Ljava/util/WeakHashMap$Entry;.9:Ljava/util/WeakHashMap$Entry;.referent:Ljava/lang/Object;.mCache:Ljava/util/LinkedHashMap; 140"
[ 2026-10-02T23:43:18.118        0:  2764:  2764 W/dex2oat32       ] Failed to find field "4:Ljava/util/WeakHashMap$Entry;", entry: "Landroid/app/PropertyInvalidatedCache;.sCaches:Ljava/util/WeakHashMap;.table:[Ljava/util/WeakHashMap$Entry;.4:Ljava/util/WeakHashMap$Entry;.referent:Ljava/lang/Object;.mSkips:[J 152"
[ 2026-10-02T23:43:18.118        0:  2764:  2764 W/dex2oat32       ] Failed to find field "9:Ljava/util/WeakHashMap$Entry;", entry: "Landroid/app/PropertyInvalidatedCache;.sCaches:Ljava/util/WeakHashMap;.table:[Ljava/util/WeakHashMap$Entry;.9:Ljava/util/WeakHashMap$Entry;.referent:Ljava/lang/Object;.mSkips:[J 153"
[ 2026-10-02T23:43:18.118        0:  2764:  2764 W/dex2oat32       ] Failed to find field "10:Ljava/util/WeakHashMap$Entry;", entry: "Landroid/app/PropertyInvalidatedCache;.sCaches:Ljava/util/WeakHashMap;.table:[Ljava/util/WeakHashMap$Entry;.10:Ljava/util/WeakHashMap$Entry;.referent:Ljava/lang/Object; 187"
[ 2026-10-02T23:43:18.118        0:  2764:  2764 W/dex2oat32       ] Failed to find field "10:Ljava/util/WeakHashMap$Entry;", entry: "Landroid/app/PropertyInvalidatedCache;.sCaches:Ljava/util/WeakHashMap;.table:[Ljava/util/WeakHashMap$Entry;.10:Ljava/util/WeakHashMap$Entry;.referent:Ljava/lang/Object;.mCache:Ljava/util/LinkedHashMap; 188"
[ 2026-10-02T23:43:18.118        0:  2764:  2764 W/dex2oat32       ] Failed to find field "7:Ljava/util/WeakHashMap$Entry;", entry: "Landroid/app/PropertyInvalidatedCache;.sCaches:Ljava/util/WeakHashMap;.table:[Ljava/util/WeakHashMap$Entry;.7:Ljava/util/WeakHashMap$Entry;.referent:Ljava/lang/Object;.mSkips:[J 227"
[ 2026-10-02T23:43:18.118        0:  2764:  2764 W/dex2oat32       ] Failed to find field "sResourcesHistory:Ljava/util/Set;", entry: "Landroid/content/res/Resources;.sResourcesHistory:Ljava/util/Set;.c:Ljava/util/Collection;.m:Ljava/util/Map;.queue:Ljava/lang/ref/ReferenceQueue; 231"
[ 2026-10-02T23:43:18.118        0:  2764:  2764 W/dex2oat32       ] Failed to find field "sAllBitmaps:Ljava/util/WeakHashMap;", entry: "Landroid/graphics/Bitmap;.sAllBitmaps:Ljava/util/WeakHashMap;.table:[Ljava/util/WeakHashMap$Entry; 285"
[ 2026-10-02T23:43:18.118        0:  2764:  2764 W/dex2oat32       ] Failed to find field "sDefaults:Landroid/os/PersistableBundle;", entry: "Landroid/telephony/CarrierConfigManager;.sDefaults:Landroid/os/PersistableBundle;.mMap:Landroid/util/ArrayMap;.mArray:[Ljava/lang/Object;.569:Ljava/lang/Long; 311"
[ 2026-10-02T23:43:18.118        0:  2764:  2764 W/dex2oat32       ] Failed to find field "sDefaults:Landroid/os/PersistableBundle;", entry: "Landroid/telephony/CarrierConfigManager;.sDefaults:Landroid/os/PersistableBundle;.mMap:Landroid/util/ArrayMap;.mArray:[Ljava/lang/Object;.11:Ljava/lang/Boolean; 314"
[ 2026-10-02T23:43:18.118        0:  2764:  2764 W/dex2oat32       ] Failed to find field "sDefaults:Landroid/os/PersistableBundle;", entry: "Landroid/telephony/CarrierConfigManager;.sDefaults:Landroid/os/PersistableBundle;.mMap:Landroid/util/ArrayMap;.mArray:[Ljava/lang/Object;.1:Ljava/lang/Boolean; 315"
[ 2026-10-02T23:43:18.118        0:  2764:  2764 W/dex2oat32       ] Failed to find field "4:Ljava/util/WeakHashMap$Entry;", entry: "Landroid/app/PropertyInvalidatedCache;.sCaches:Ljava/util/WeakHashMap;.table:[Ljava/util/WeakHashMap$Entry;.4:Ljava/util/WeakHashMap$Entry;.referent:Ljava/lang/Object;.mLock:Ljava/lang/Object; 334"
[ 2026-10-02T23:43:18.118        0:  2764:  2764 W/dex2oat32       ] Failed to find field "sDefaults:Landroid/os/PersistableBundle;", entry: "Landroid/telephony/CarrierConfigManager;.sDefaults:Landroid/os/PersistableBundle; 346"
[ 2026-10-02T23:43:18.118        0:  2764:  2764 W/dex2oat32       ] Failed to find field "sCarrierPrivilegeCallbacks:Ljava/util/WeakHashMap;", entry: "Landroid/telephony/TelephonyRegistryManager;.sCarrierPrivilegeCallbacks:Ljava/util/WeakHashMap; 347"
[ 2026-10-02T23:43:18.118        0:  2764:  2764 W/dex2oat32       ] Failed to find field "sCarrierPrivilegeCallbacks:Ljava/util/WeakHashMap;", entry: "Landroid/telephony/TelephonyRegistryManager;.sCarrierPrivilegeCallbacks:Ljava/util/WeakHashMap;.table:[Ljava/util/WeakHashMap$Entry; 347"
[ 2026-10-02T23:43:18.118        0:  2764:  2764 W/dex2oat32       ] Failed to find field "sInvalidates:Ljava/util/HashMap;", entry: "Landroid/app/PropertyInvalidatedCache;.sInvalidates:Ljava/util/HashMap; 348"
[ 2026-10-02T23:43:18.118        0:  2764:  2764 W/dex2oat32       ] Failed to find field "QUERY_CACHE:Landroid/app/compat/ChangeIdStateCache;", entry: "Landroid/app/compat/CompatChanges;.QUERY_CACHE:Landroid/app/compat/ChangeIdStateCache;.mCache:Ljava/util/LinkedHashMap; 351"
[ 2026-10-02T23:43:18.118        0:  2764:  2764 W/dex2oat32       ] Failed to find field "QUERY_CACHE:Landroid/app/compat/ChangeIdStateCache;", entry: "Landroid/app/compat/CompatChanges;.QUERY_CACHE:Landroid/app/compat/ChangeIdStateCache; 351"
[ 2026-10-02T23:43:18.119        0:  2764:  2764 W/dex2oat32       ] Failed to find field "INDICATOR_EXEMPTED_PACKAGES:[Ljava/lang/String;", entry: "Landroid/permission/PermissionManager;.INDICATOR_EXEMPTED_PACKAGES:[Ljava/lang/String; 370"
[ 2026-10-02T23:43:18.119        0:  2764:  2764 W/dex2oat32       ] Failed to find field "sLookupKey:Landroid/widget/RemoteViews$MethodKey;", entry: "Landroid/widget/RemoteViews;.sLookupKey:Landroid/widget/RemoteViews$MethodKey; 370"
[ 2026-10-02T23:43:18.119        0:  2764:  2764 W/dex2oat32       ] Failed to find field "SCALE_Y:Landroid/util/Property;", entry: "Landroid/view/View;.SCALE_Y:Landroid/util/Property; 370"
[ 2026-10-02T23:43:18.119        0:  2764:  2764 W/dex2oat32       ] Failed to find field "TRANSLATION_Y:Landroid/util/Property;", entry: "Landroid/view/View;.TRANSLATION_Y:Landroid/util/Property; 370"
[ 2026-10-02T23:43:18.119        0:  2764:  2764 W/dex2oat32       ] Failed to find field "sMethods:Landroid/util/ArrayMap;", entry: "Landroid/widget/RemoteViews;.sMethods:Landroid/util/ArrayMap; 370"
[ 2026-10-02T23:43:18.119        0:  2764:  2764 W/dex2oat32       ] Failed to find field "SCALE_X:Landroid/util/Property;", entry: "Landroid/view/View;.SCALE_X:Landroid/util/Property; 370"
[ 2026-10-02T23:43:18.119        0:  2764:  2764 W/dex2oat32       ] Failed to find field "UNDEFINED_ALIGNMENT:Landroid/widget/GridLayout$Alignment;", entry: "Landroid/widget/GridLayout;.UNDEFINED_ALIGNMENT:Landroid/widget/GridLayout$Alignment; 372"
[ 2026-10-02T23:43:18.119        0:  2764:  2764 W/dex2oat32       ] Failed to find field "4:Ljava/util/WeakHashMap$Entry;", entry: "Landroid/app/PropertyInvalidatedCache;.sCaches:Ljava/util/WeakHashMap;.table:[Ljava/util/WeakHashMap$Entry;.4:Ljava/util/WeakHashMap$Entry; 393"
[ 2026-10-02T23:43:18.119        0:  2764:  2764 W/dex2oat32       ] Failed to find field "TEMP_POSITION:[F", entry: "Landroid/widget/TextView;.TEMP_POSITION:[F 404"
[ 2026-10-02T23:43:18.119        0:  2764:  2764 W/dex2oat32       ] Failed to find field "sPowerItemMap:Ljava/util/HashMap;", entry: "Lcom/android/internal/os/PowerProfile;.sPowerItemMap:Ljava/util/HashMap; 474"
[ 2026-10-02T23:43:18.119        0:  2764:  2764 W/dex2oat32       ] Failed to find field "sPowerArrayMap:Ljava/util/HashMap;", entry: "Lcom/android/internal/os/PowerProfile;.sPowerArrayMap:Ljava/util/HashMap; 474"
[ 2026-10-02T23:43:18.119        0:  2764:  2764 W/dex2oat32       ] Failed to find field "sModemPowerProfile:Lcom/android/internal/power/ModemPowerProfile;", entry: "Lcom/android/internal/os/PowerProfile;.sModemPowerProfile:Lcom/android/internal/power/ModemPowerProfile;.mPowerConstants:Landroid/util/SparseDoubleArray;.mValues:Landroid/util/SparseLongArray; 474"
[ 2026-10-02T23:43:18.119        0:  2764:  2764 W/dex2oat32       ] Failed to find field "10:Ljava/util/WeakHashMap$Entry;", entry: "Landroid/app/PropertyInvalidatedCache;.sCaches:Ljava/util/WeakHashMap;.table:[Ljava/util/WeakHashMap$Entry;.10:Ljava/util/WeakHashMap$Entry; 482"
[ 2026-10-02T23:43:18.119        0:  2764:  2764 W/dex2oat32       ] Failed to find field "argTypes:[Landroid/icu/text/MessagePattern$ArgType;", entry: "Landroid/icu/text/MessagePattern;.argTypes:[Landroid/icu/text/MessagePattern$ArgType;.0:Landroid/icu/text/MessagePattern$ArgType;.name:Ljava/lang/String; 500"
[ 2026-10-02T23:43:18.119        0:  2764:  2764 W/dex2oat32       ] Failed to find field "FLASH_INFO_AVAILABLE:Landroid/hardware/camera2/CameraCharacteristics$Key;", entry: "Landroid/hardware/camera2/CameraCharacteristics;.FLASH_INFO_AVAILABLE:Landroid/hardware/camera2/CameraCharacteristics$Key;.mKey:Landroid/hardware/camera2/impl/CameraMetadataNative$Key; 532"
[ 2026-10-02T23:43:18.119        0:  2764:  2764 W/dex2oat32       ] Failed to find field "CONTROL_AE_TARGET_FPS_RANGE:Landroid/hardware/camera2/CaptureRequest$Key;", entry: "Landroid/hardware/camera2/CaptureRequest;.CONTROL_AE_TARGET_FPS_RANGE:Landroid/hardware/camera2/CaptureRequest$Key;.mKey:Landroid/hardware/camera2/impl/CameraMetadataNative$Key; 533"
[ 2026-10-02T23:43:18.119        0:  2764:  2764 W/dex2oat32       ] Failed to find field "CONTROL_AWB_MODE:Landroid/hardware/camera2/CaptureRequest$Key;", entry: "Landroid/hardware/camera2/CaptureRequest;.CONTROL_AWB_MODE:Landroid/hardware/camera2/CaptureRequest$Key;.mKey:Landroid/hardware/camera2/impl/CameraMetadataNative$Key; 533"
[ 2026-10-02T23:43:18.119        0:  2764:  2764 W/dex2oat32       ] Failed to find field "CONTROL_ZOOM_RATIO:Landroid/hardware/camera2/CaptureRequest$Key;", entry: "Landroid/hardware/camera2/CaptureRequest;.CONTROL_ZOOM_RATIO:Landroid/hardware/camera2/CaptureRequest$Key;.mKey:Landroid/hardware/camera2/impl/CameraMetadataNative$Key; 533"
[ 2026-10-02T23:43:18.119        0:  2764:  2764 W/dex2oat32       ] Failed to find field "CONTROL_AE_MODE:Landroid/hardware/camera2/CaptureRequest$Key;", entry: "Landroid/hardware/camera2/CaptureRequest;.CONTROL_AE_MODE:Landroid/hardware/camera2/CaptureRequest$Key;.mKey:Landroid/hardware/camera2/impl/CameraMetadataNative$Key; 533"
[ 2026-10-02T23:43:18.119        0:  2764:  2764 W/dex2oat32       ] Failed to find field "CONTROL_AE_EXPOSURE_COMPENSATION:Landroid/hardware/camera2/CaptureRequest$Key;", entry: "Landroid/hardware/camera2/CaptureRequest;.CONTROL_AE_EXPOSURE_COMPENSATION:Landroid/hardware/camera2/CaptureRequest$Key;.mKey:Landroid/hardware/camera2/impl/CameraMetadataNative$Key; 533"
[ 2026-10-02T23:43:18.119        0:  2764:  2764 W/dex2oat32       ] Failed to find field "CONTROL_MODE:Landroid/hardware/camera2/CaptureRequest$Key;", entry: "Landroid/hardware/camera2/CaptureRequest;.CONTROL_MODE:Landroid/hardware/camera2/CaptureRequest$Key;.mKey:Landroid/hardware/camera2/impl/CameraMetadataNative$Key; 533"
[ 2026-10-02T23:43:18.119        0:  2764:  2764 W/dex2oat32       ] Failed to find field "CONTROL_AF_MODE:Landroid/hardware/camera2/CaptureRequest$Key;", entry: "Landroid/hardware/camera2/CaptureRequest;.CONTROL_AF_MODE:Landroid/hardware/camera2/CaptureRequest$Key;.mKey:Landroid/hardware/camera2/impl/CameraMetadataNative$Key; 533"
[ 2026-10-02T23:43:18.119        0:  2764:  2764 W/dex2oat32       ] Failed to find field "CONTROL_ENABLE_ZSL:Landroid/hardware/camera2/CaptureRequest$Key;", entry: "Landroid/hardware/camera2/CaptureRequest;.CONTROL_ENABLE_ZSL:Landroid/hardware/camera2/CaptureRequest$Key;.mKey:Landroid/hardware/camera2/impl/CameraMetadataNative$Key; 533"
[ 2026-10-02T23:43:18.119        0:  2764:  2764 W/dex2oat32       ] Failed to find field "SENSOR_TEST_PATTERN_DATA:Landroid/hardware/camera2/CaptureRequest$Key;", entry: "Landroid/hardware/camera2/CaptureRequest;.SENSOR_TEST_PATTERN_DATA:Landroid/hardware/camera2/CaptureRequest$Key;.mKey:Landroid/hardware/camera2/impl/CameraMetadataNative$Key; 534"
[ 2026-10-02T23:43:18.119        0:  2764:  2764 W/dex2oat32       ] Failed to find field "CONTROL_AE_REGIONS:Landroid/hardware/camera2/CaptureRequest$Key;", entry: "Landroid/hardware/camera2/CaptureRequest;.CONTROL_AE_REGIONS:Landroid/hardware/camera2/CaptureRequest$Key;.mKey:Landroid/hardware/camera2/impl/CameraMetadataNative$Key; 534"
[ 2026-10-02T23:43:18.119        0:  2764:  2764 W/dex2oat32       ] Failed to find field "JPEG_QUALITY:Landroid/hardware/camera2/CaptureRequest$Key;", entry: "Landroid/hardware/camera2/CaptureRequest;.JPEG_QUALITY:Landroid/hardware/camera2/CaptureRequest$Key;.mKey:Landroid/hardware/camera2/impl/CameraMetadataNative$Key; 534"
[ 2026-10-02T23:43:18.119        0:  2764:  2764 W/dex2oat32       ] Failed to find field "STATISTICS_LENS_SHADING_MAP_MODE:Landroid/hardware/camera2/CaptureRequest$Key;", entry: "Landroid/hardware/camera2/CaptureRequest;.STATISTICS_LENS_SHADING_MAP_MODE:Landroid/hardware/camera2/CaptureRequest$Key;.mKey:Landroid/hardware/camera2/impl/CameraMetadataNative$Key; 534"
[ 2026-10-02T23:43:18.119        0:  2764:  2764 W/dex2oat32       ] Failed to find field "LENS_FOCUS_DISTANCE:Landroid/hardware/camera2/CaptureRequest$Key;", entry: "Landroid/hardware/camera2/CaptureRequest;.LENS_FOCUS_DISTANCE:Landroid/hardware/camera2/CaptureRequest$Key;.mKey:Landroid/hardware/camera2/impl/CameraMetadataNative$Key; 534"
[ 2026-10-02T23:43:18.119        0:  2764:  2764 W/dex2oat32       ] Failed to find field "REPROCESS_EFFECTIVE_EXPOSURE_FACTOR:Landroid/hardware/camera2/CaptureRequest$Key;", entry: "Landroid/hardware/camera2/CaptureRequest;.REPROCESS_EFFECTIVE_EXPOSURE_FACTOR:Landroid/hardware/camera2/CaptureRequest$Key;.mKey:Landroid/hardware/camera2/impl/CameraMetadataNative$Key; 534"
[ 2026-10-02T23:43:18.119        0:  2764:  2764 W/dex2oat32       ] Failed to find field "SENSOR_TEST_PATTERN_MODE:Landroid/hardware/camera2/CaptureRequest$Key;", entry: "Landroid/hardware/camera2/CaptureRequest;.SENSOR_TEST_PATTERN_MODE:Landroid/hardware/camera2/CaptureRequest$Key;.mKey:Landroid/hardware/camera2/impl/CameraMetadataNative$Key; 534"
[ 2026-10-02T23:43:18.119        0:  2764:  2764 W/dex2oat32       ] Failed to find field "LENS_APERTURE:Landroid/hardware/camera2/CaptureRequest$Key;", entry: "Landroid/hardware/camera2/CaptureRequest;.LENS_APERTURE:Landroid/hardware/camera2/CaptureRequest$Key;.mKey:Landroid/hardware/camera2/impl/CameraMetadataNative$Key; 534"
[ 2026-10-02T23:43:18.119        0:  2764:  2764 W/dex2oat32       ] Failed to find field "STATISTICS_HOT_PIXEL_MAP_MODE:Landroid/hardware/camera2/CaptureRequest$Key;", entry: "Landroid/hardware/camera2/CaptureRequest;.STATISTICS_HOT_PIXEL_MAP_MODE:Landroid/hardware/camera2/CaptureRequest$Key;.mKey:Landroid/hardware/camera2/impl/CameraMetadataNative$Key; 534"
[ 2026-10-02T23:43:18.119        0:  2764:  2764 W/dex2oat32       ] Failed to find field "SENSOR_INFO_PRE_CORRECTION_ACTIVE_ARRAY_SIZE:Landroid/hardware/camera2/CameraCharacteristics$Key;", entry: "Landroid/hardware/camera2/CameraCharacteristics;.SENSOR_INFO_PRE_CORRECTION_ACTIVE_ARRAY_SIZE:Landroid/hardware/camera2/CameraCharacteristics$Key;.mKey:Landroid/hardware/camera2/impl/CameraMetadataNative$Key; 534"
[ 2026-10-02T23:43:18.120        0:  2764:  2764 W/dex2oat32       ] Failed to find field "CONTROL_AF_REGIONS:Landroid/hardware/camera2/CaptureRequest$Key;", entry: "Landroid/hardware/camera2/CaptureRequest;.CONTROL_AF_REGIONS:Landroid/hardware/camera2/CaptureRequest$Key;.mKey:Landroid/hardware/camera2/impl/CameraMetadataNative$Key; 534"
[ 2026-10-02T23:43:18.120        0:  2764:  2764 W/dex2oat32       ] Failed to find field "REQUEST_AVAILABLE_SESSION_KEYS:Landroid/hardware/camera2/CameraCharacteristics$Key;", entry: "Landroid/hardware/camera2/CameraCharacteristics;.REQUEST_AVAILABLE_SESSION_KEYS:Landroid/hardware/camera2/CameraCharacteristics$Key;.mKey:Landroid/hardware/camera2/impl/CameraMetadataNative$Key; 534"
[ 2026-10-02T23:43:18.120        0:  2764:  2764 W/dex2oat32       ] Failed to find field "SENSOR_REFERENCE_ILLUMINANT1:Landroid/hardware/camera2/CameraCharacteristics$Key;", entry: "Landroid/hardware/camera2/CameraCharacteristics;.SENSOR_REFERENCE_ILLUMINANT1:Landroid/hardware/camera2/CameraCharacteristics$Key;.mKey:Landroid/hardware/camera2/impl/CameraMetadataNative$Key; 534"
[ 2026-10-02T23:43:18.120        0:  2764:  2764 W/dex2oat32       ] Failed to find field "CONTROL_AWB_LOCK:Landroid/hardware/camera2/CaptureRequest$Key;", entry: "Landroid/hardware/camera2/CaptureRequest;.CONTROL_AWB_LOCK:Landroid/hardware/camera2/CaptureRequest$Key;.mKey:Landroid/hardware/camera2/impl/CameraMetadataNative$Key; 534"
[ 2026-10-02T23:43:18.120        0:  2764:  2764 W/dex2oat32       ] Failed to find field "EFV_STABILIZATION_MODE:Landroid/hardware/camera2/CaptureRequest$Key;", entry: "Landroid/hardware/camera2/CaptureRequest;.EFV_STABILIZATION_MODE:Landroid/hardware/camera2/CaptureRequest$Key;.mKey:Landroid/hardware/camera2/impl/CameraMetadataNative$Key; 534"
[ 2026-10-02T23:43:18.120        0:  2764:  2764 W/dex2oat32       ] Failed to find field "LENS_OPTICAL_STABILIZATION_MODE:Landroid/hardware/camera2/CaptureRequest$Key;", entry: "Landroid/hardware/camera2/CaptureRequest;.LENS_OPTICAL_STABILIZATION_MODE:Landroid/hardware/camera2/CaptureRequest$Key;.mKey:Landroid/hardware/camera2/impl/CameraMetadataNative$Key; 534"
[ 2026-10-02T23:43:18.120        0:  2764:  2764 W/dex2oat32       ] Failed to find field "LENS_FILTER_DENSITY:Landroid/hardware/camera2/CaptureRequest$Key;", entry: "Landroid/hardware/camera2/CaptureRequest;.LENS_FILTER_DENSITY:Landroid/hardware/camera2/CaptureRequest$Key;.mKey:Landroid/hardware/camera2/impl/CameraMetadataNative$Key; 534"
[ 2026-10-02T23:43:18.120        0:  2764:  2764 W/dex2oat32       ] Failed to find field "CONTROL_AWB_REGIONS:Landroid/hardware/camera2/CaptureRequest$Key;", entry: "Landroid/hardware/camera2/CaptureRequest;.CONTROL_AWB_REGIONS:Landroid/hardware/camera2/CaptureRequest$Key;.mKey:Landroid/hardware/camera2/impl/CameraMetadataNative$Key; 534"
[ 2026-10-02T23:43:18.120        0:  2764:  2764 W/dex2oat32       ] Failed to find field "EFV_PADDING_ZOOM_FACTOR:Landroid/hardware/camera2/CaptureRequest$Key;", entry: "Landroid/hardware/camera2/CaptureRequest;.EFV_PADDING_ZOOM_FACTOR:Landroid/hardware/camera2/CaptureRequest$Key;.mKey:Landroid/hardware/camera2/impl/CameraMetadataNative$Key; 534"
[ 2026-10-02T23:43:18.120        0:  2764:  2764 W/dex2oat32       ] Failed to find field "BLACK_LEVEL_LOCK:Landroid/hardware/camera2/CaptureRequest$Key;", entry: "Landroid/hardware/camera2/CaptureRequest;.BLACK_LEVEL_LOCK:Landroid/hardware/camera2/CaptureRequest$Key;.mKey:Landroid/hardware/camera2/impl/CameraMetadataNative$Key; 534"
[ 2026-10-02T23:43:18.120        0:  2764:  2764 W/dex2oat32       ] Failed to find field "COLOR_CORRECTION_MODE:Landroid/hardware/camera2/CaptureRequest$Key;", entry: "Landroid/hardware/camera2/CaptureRequest;.COLOR_CORRECTION_MODE:Landroid/hardware/camera2/CaptureRequest$Key;.mKey:Landroid/hardware/camera2/impl/CameraMetadataNative$Key; 534"
[ 2026-10-02T23:43:18.120        0:  2764:  2764 W/dex2oat32       ] Failed to find field "STATISTICS_FACE_DETECT_MODE:Landroid/hardware/camera2/CaptureRequest$Key;", entry: "Landroid/hardware/camera2/CaptureRequest;.STATISTICS_FACE_DETECT_MODE:Landroid/hardware/camera2/CaptureRequest$Key;.mKey:Landroid/hardware/camera2/impl/CameraMetadataNative$Key; 534"
[ 2026-10-02T23:43:18.120        0:  2764:  2764 W/dex2oat32       ] Failed to find field "LOGICAL_MULTI_CAMERA_PHYSICAL_IDS:Landroid/hardware/camera2/CameraCharacteristics$Key;", entry: "Landroid/hardware/camera2/CameraCharacteristics;.LOGICAL_MULTI_CAMERA_PHYSICAL_IDS:Landroid/hardware/camera2/CameraCharacteristics$Key;.mKey:Landroid/hardware/camera2/impl/CameraMetadataNative$Key; 534"
[ 2026-10-02T23:43:18.120        0:  2764:  2764 W/dex2oat32       ] Failed to find field "JPEG_THUMBNAIL_SIZE:Landroid/hardware/camera2/CaptureRequest$Key;", entry: "Landroid/hardware/camera2/CaptureRequest;.JPEG_THUMBNAIL_SIZE:Landroid/hardware/camera2/CaptureRequest$Key;.mKey:Landroid/hardware/camera2/impl/CameraMetadataNative$Key; 534"
[ 2026-10-02T23:43:18.120        0:  2764:  2764 W/dex2oat32       ] Failed to find field "SCALER_ROTATE_AND_CROP:Landroid/hardware/camera2/CaptureRequest$Key;", entry: "Landroid/hardware/camera2/CaptureRequest;.SCALER_ROTATE_AND_CROP:Landroid/hardware/camera2/CaptureRequest$Key;.mKey:Landroid/hardware/camera2/impl/CameraMetadataNative$Key; 534"
[ 2026-10-02T23:43:18.120        0:  2764:  2764 W/dex2oat32       ] Failed to find field "SENSOR_INFO_COLOR_FILTER_ARRANGEMENT:Landroid/hardware/camera2/CameraCharacteristics$Key;", entry: "Landroid/hardware/camera2/CameraCharacteristics;.SENSOR_INFO_COLOR_FILTER_ARRANGEMENT:Landroid/hardware/camera2/CameraCharacteristics$Key;.mKey:Landroid/hardware/camera2/impl/CameraMetadataNative$Key; 534"
[ 2026-10-02T23:43:18.120        0:  2764:  2764 W/dex2oat32       ] Failed to find field "SENSOR_OPTICAL_BLACK_REGIONS:Landroid/hardware/camera2/CameraCharacteristics$Key;", entry: "Landroid/hardware/camera2/CameraCharacteristics;.SENSOR_OPTICAL_BLACK_REGIONS:Landroid/hardware/camera2/CameraCharacteristics$Key;.mKey:Landroid/hardware/camera2/impl/CameraMetadataNative$Key; 534"
[ 2026-10-02T23:43:18.120        0:  2764:  2764 W/dex2oat32       ] Failed to find field "FLASH_MODE:Landroid/hardware/camera2/CaptureRequest$Key;", entry: "Landroid/hardware/camera2/CaptureRequest;.FLASH_MODE:Landroid/hardware/camera2/CaptureRequest$Key;.mKey:Landroid/hardware/camera2/impl/CameraMetadataNative$Key; 534"
[ 2026-10-02T23:43:18.120        0:  2764:  2764 W/dex2oat32       ] Failed to find field "CONTROL_AF_TRIGGER:Landroid/hardware/camera2/CaptureRequest$Key;", entry: "Landroid/hardware/camera2/CaptureRequest;.CONTROL_AF_TRIGGER:Landroid/hardware/camera2/CaptureRequest$Key;.mKey:Landroid/hardware/camera2/impl/CameraMetadataNative$Key; 534"
[ 2026-10-02T23:43:18.120        0:  2764:  2764 W/dex2oat32       ] Failed to find field "EFV_MAX_PADDING_ZOOM_FACTOR:Landroid/hardware/camera2/CaptureRequest$Key;", entry: "Landroid/hardware/camera2/CaptureRequest;.EFV_MAX_PADDING_ZOOM_FACTOR:Landroid/hardware/camera2/CaptureRequest$Key;.mKey:Landroid/hardware/camera2/impl/CameraMetadataNative$Key; 534"
[ 2026-10-02T23:43:18.120        0:  2764:  2764 W/dex2oat32       ] Failed to find field "SENSOR_PIXEL_MODE:Landroid/hardware/camera2/CaptureRequest$Key;", entry: "Landroid/hardware/camera2/CaptureRequest;.SENSOR_PIXEL_MODE:Landroid/hardware/camera2/CaptureRequest$Key;.mKey:Landroid/hardware/camera2/impl/CameraMetadataNative$Key; 534"
[ 2026-10-02T23:43:18.120        0:  2764:  2764 W/dex2oat32       ] Failed to find field "SENSOR_INFO_WHITE_LEVEL:Landroid/hardware/camera2/CameraCharacteristics$Key;", entry: "Landroid/hardware/camera2/CameraCharacteristics;.SENSOR_INFO_WHITE_LEVEL:Landroid/hardware/camera2/CameraCharacteristics$Key;.mKey:Landroid/hardware/camera2/impl/CameraMetadataNative$Key; 534"
[ 2026-10-02T23:43:18.120        0:  2764:  2764 W/dex2oat32       ] Failed to find field "DISTORTION_CORRECTION_MODE:Landroid/hardware/camera2/CaptureRequest$Key;", entry: "Landroid/hardware/camera2/CaptureRequest;.DISTORTION_CORRECTION_MODE:Landroid/hardware/camera2/CaptureRequest$Key;.mKey:Landroid/hardware/camera2/impl/CameraMetadataNative$Key; 534"
[ 2026-10-02T23:43:18.120        0:  2764:  2764 W/dex2oat32       ] Failed to find field "CONTROL_CAPTURE_INTENT:Landroid/hardware/camera2/CaptureRequest$Key;", entry: "Landroid/hardware/camera2/CaptureRequest;.CONTROL_CAPTURE_INTENT:Landroid/hardware/camera2/CaptureRequest$Key;.mKey:Landroid/hardware/camera2/impl/CameraMetadataNative$Key; 534"
[ 2026-10-02T23:43:18.120        0:  2764:  2764 W/dex2oat32       ] Failed to find field "EFV_AUTO_ZOOM:Landroid/hardware/camera2/CaptureRequest$Key;", entry: "Landroid/hardware/camera2/CaptureRequest;.EFV_AUTO_ZOOM:Landroid/hardware/camera2/CaptureRequest$Key;.mKey:Landroid/hardware/camera2/impl/CameraMetadataNative$Key; 534"
[ 2026-10-02T23:43:18.120        0:  2764:  2764 W/dex2oat32       ] Failed to find field "SENSOR_CALIBRATION_TRANSFORM1:Landroid/hardware/camera2/CameraCharacteristics$Key;", entry: "Landroid/hardware/camera2/CameraCharacteristics;.SENSOR_CALIBRATION_TRANSFORM1:Landroid/hardware/camera2/CameraCharacteristics$Key;.mKey:Landroid/hardware/camera2/impl/CameraMetadataNative$Key; 534"
[ 2026-10-02T23:43:18.120        0:  2764:  2764 W/dex2oat32       ] Failed to find field "COLOR_CORRECTION_ABERRATION_MODE:Landroid/hardware/camera2/CaptureRequest$Key;", entry: "Landroid/hardware/camera2/CaptureRequest;.COLOR_CORRECTION_ABERRATION_MODE:Landroid/hardware/camera2/CaptureRequest$Key;.mKey:Landroid/hardware/camera2/impl/CameraMetadataNative$Key; 534"
[ 2026-10-02T23:43:18.120        0:  2764:  2764 W/dex2oat32       ] Failed to find field "SENSOR_COLOR_TRANSFORM1:Landroid/hardware/camera2/CameraCharacteristics$Key;", entry: "Landroid/hardware/camera2/CameraCharacteristics;.SENSOR_COLOR_TRANSFORM1:Landroid/hardware/camera2/CameraCharacteristics$Key;.mKey:Landroid/hardware/camera2/impl/CameraMetadataNative$Key; 534"
[ 2026-10-02T23:43:18.120        0:  2764:  2764 W/dex2oat32       ] Failed to find field "TONEMAP_GAMMA:Landroid/hardware/camera2/CaptureRequest$Key;", entry: "Landroid/hardware/camera2/CaptureRequest;.TONEMAP_GAMMA:Landroid/hardware/camera2/CaptureRequest$Key;.mKey:Landroid/hardware/camera2/impl/CameraMetadataNative$Key; 534"
[ 2026-10-02T23:43:18.120        0:  2764:  2764 W/dex2oat32       ] Failed to find field "NOISE_REDUCTION_MODE:Landroid/hardware/camera2/CaptureRequest$Key;", entry: "Landroid/hardware/camera2/CaptureRequest;.NOISE_REDUCTION_MODE:Landroid/hardware/camera2/CaptureRequest$Key;.mKey:Landroid/hardware/camera2/impl/CameraMetadataNative$Key; 534"
[ 2026-10-02T23:43:18.120        0:  2764:  2764 W/dex2oat32       ] Failed to find field "SCALER_CROP_REGION:Landroid/hardware/camera2/CaptureRequest$Key;", entry: "Landroid/hardware/camera2/CaptureRequest;.SCALER_CROP_REGION:Landroid/hardware/camera2/CaptureRequest$Key;.mKey:Landroid/hardware/camera2/impl/CameraMetadataNative$Key; 534"
[ 2026-10-02T23:43:18.120        0:  2764:  2764 W/dex2oat32       ] Failed to find field "TONEMAP_PRESET_CURVE:Landroid/hardware/camera2/CaptureRequest$Key;", entry: "Landroid/hardware/camera2/CaptureRequest;.TONEMAP_PRESET_CURVE:Landroid/hardware/camera2/CaptureRequest$Key;.mKey:Landroid/hardware/camera2/impl/CameraMetadataNative$Key; 534"
[ 2026-10-02T23:43:18.120        0:  2764:  2764 W/dex2oat32       ] Failed to find field "SENSOR_INFO_EXPOSURE_TIME_RANGE:Landroid/hardware/camera2/CameraCharacteristics$Key;", entry: "Landroid/hardware/camera2/CameraCharacteristics;.SENSOR_INFO_EXPOSURE_TIME_RANGE:Landroid/hardware/camera2/CameraCharacteristics$Key;.mKey:Landroid/hardware/camera2/impl/CameraMetadataNative$Key; 534"
[ 2026-10-02T23:43:18.120        0:  2764:  2764 W/dex2oat32       ] Failed to find field "CONTROL_POST_RAW_SENSITIVITY_BOOST:Landroid/hardware/camera2/CaptureRequest$Key;", entry: "Landroid/hardware/camera2/CaptureRequest;.CONTROL_POST_RAW_SENSITIVITY_BOOST:Landroid/hardware/camera2/CaptureRequest$Key;.mKey:Landroid/hardware/camera2/impl/CameraMetadataNative$Key; 534"
[ 2026-10-02T23:43:18.120        0:  2764:  2764 W/dex2oat32       ] Failed to find field "STATISTICS_OIS_DATA_MODE:Landroid/hardware/camera2/CaptureRequest$Key;", entry: "Landroid/hardware/camera2/CaptureRequest;.STATISTICS_OIS_DATA_MODE:Landroid/hardware/camera2/CaptureRequest$Key;.mKey:Landroid/hardware/camera2/impl/CameraMetadataNative$Key; 534"
[ 2026-10-02T23:43:18.120        0:  2764:  2764 W/dex2oat32       ] Failed to find field "SENSOR_FRAME_DURATION:Landroid/hardware/camera2/CaptureRequest$Key;", entry: "Landroid/hardware/camera2/CaptureRequest;.SENSOR_FRAME_DURATION:Landroid/hardware/camera2/CaptureRequest$Key;.mKey:Landroid/hardware/camera2/impl/CameraMetadataNative$Key; 534"
[ 2026-10-02T23:43:18.120        0:  2764:  2764 W/dex2oat32       ] Failed to find field "HOT_PIXEL_MODE:Landroid/hardware/camera2/CaptureRequest$Key;", entry: "Landroid/hardware/camera2/CaptureRequest;.HOT_PIXEL_MODE:Landroid/hardware/camera2/CaptureRequest$Key;.mKey:Landroid/hardware/camera2/impl/CameraMetadataNative$Key; 534"
[ 2026-10-02T23:43:18.120        0:  2764:  2764 W/dex2oat32       ] Failed to find field "CONTROL_EXTENDED_SCENE_MODE:Landroid/hardware/camera2/CaptureRequest$Key;", entry: "Landroid/hardware/camera2/CaptureRequest;.CONTROL_EXTENDED_SCENE_MODE:Landroid/hardware/camera2/CaptureRequest$Key;.mKey:Landroid/hardware/camera2/impl/CameraMetadataNative$Key; 534"
[ 2026-10-02T23:43:18.120        0:  2764:  2764 W/dex2oat32       ] Failed to find field "REQUEST_AVAILABLE_REQUEST_KEYS:Landroid/hardware/camera2/CameraCharacteristics$Key;", entry: "Landroid/hardware/camera2/CameraCharacteristics;.REQUEST_AVAILABLE_REQUEST_KEYS:Landroid/hardware/camera2/CameraCharacteristics$Key;.mKey:Landroid/hardware/camera2/impl/CameraMetadataNative$Key; 534"
[ 2026-10-02T23:43:18.120        0:  2764:  2764 W/dex2oat32       ] Failed to find field "COLOR_CORRECTION_GAINS:Landroid/hardware/camera2/CaptureRequest$Key;", entry: "Landroid/hardware/camera2/CaptureRequest;.COLOR_CORRECTION_GAINS:Landroid/hardware/camera2/CaptureRequest$Key;.mKey:Landroid/hardware/camera2/impl/CameraMetadataNative$Key; 534"
[ 2026-10-02T23:43:18.120        0:  2764:  2764 W/dex2oat32       ] Failed to find field "CONTROL_AVAILABLE_VIDEO_STABILIZATION_MODES:Landroid/hardware/camera2/CameraCharacteristics$Key;", entry: "Landroid/hardware/camera2/CameraCharacteristics;.CONTROL_AVAILABLE_VIDEO_STABILIZATION_MODES:Landroid/hardware/camera2/CameraCharacteristics$Key;.mKey:Landroid/hardware/camera2/impl/CameraMetadataNative$Key; 534"
[ 2026-10-02T23:43:18.120        0:  2764:  2764 W/dex2oat32       ] Failed to find field "LENS_INFO_AVAILABLE_OPTICAL_STABILIZATION:Landroid/hardware/camera2/CameraCharacteristics$Key;", entry: "Landroid/hardware/camera2/CameraCharacteristics;.LENS_INFO_AVAILABLE_OPTICAL_STABILIZATION:Landroid/hardware/camera2/CameraCharacteristics$Key;.mKey:Landroid/hardware/camera2/impl/CameraMetadataNative$Key; 534"
[ 2026-10-02T23:43:18.120        0:  2764:  2764 W/dex2oat32       ] Failed to find field "SENSOR_COLOR_TRANSFORM2:Landroid/hardware/camera2/CameraCharacteristics$Key;", entry: "Landroid/hardware/camera2/CameraCharacteristics;.SENSOR_COLOR_TRANSFORM2:Landroid/hardware/camera2/CameraCharacteristics$Key;.mKey:Landroid/hardware/camera2/impl/CameraMetadataNative$Key; 534"
[ 2026-10-02T23:43:18.120        0:  2764:  2764 W/dex2oat32       ] Failed to find field "SENSOR_CALIBRATION_TRANSFORM2:Landroid/hardware/camera2/CameraCharacteristics$Key;", entry: "Landroid/hardware/camera2/CameraCharacteristics;.SENSOR_CALIBRATION_TRANSFORM2:Landroid/hardware/camera2/CameraCharacteristics$Key;.mKey:Landroid/hardware/camera2/impl/CameraMetadataNative$Key; 534"
[ 2026-10-02T23:43:18.120        0:  2764:  2764 W/dex2oat32       ] Failed to find field "CONTROL_AE_LOCK:Landroid/hardware/camera2/CaptureRequest$Key;", entry: "Landroid/hardware/camera2/CaptureRequest;.CONTROL_AE_LOCK:Landroid/hardware/camera2/CaptureRequest$Key;.mKey:Landroid/hardware/camera2/impl/CameraMetadataNative$Key; 534"
[ 2026-10-02T23:43:18.120        0:  2764:  2764 W/dex2oat32       ] Failed to find field "JPEG_THUMBNAIL_QUALITY:Landroid/hardware/camera2/CaptureRequest$Key;", entry: "Landroid/hardware/camera2/CaptureRequest;.JPEG_THUMBNAIL_QUALITY:Landroid/hardware/camera2/CaptureRequest$Key;.mKey:Landroid/hardware/camera2/impl/CameraMetadataNative$Key; 534"
[ 2026-10-02T23:43:18.120        0:  2764:  2764 W/dex2oat32       ] Failed to find field "CONTROL_AE_PRECAPTURE_TRIGGER:Landroid/hardware/camera2/CaptureRequest$Key;", entry: "Landroid/hardware/camera2/CaptureRequest;.CONTROL_AE_PRECAPTURE_TRIGGER:Landroid/hardware/camera2/CaptureRequest$Key;.mKey:Landroid/hardware/camera2/impl/CameraMetadataNative$Key; 534"
[ 2026-10-02T23:43:18.120        0:  2764:  2764 W/dex2oat32       ] Failed to find field "SENSOR_SENSITIVITY:Landroid/hardware/camera2/CaptureRequest$Key;", entry: "Landroid/hardware/camera2/CaptureRequest;.SENSOR_SENSITIVITY:Landroid/hardware/camera2/CaptureRequest$Key;.mKey:Landroid/hardware/camera2/impl/CameraMetadataNative$Key; 534"
[ 2026-10-02T23:43:18.120        0:  2764:  2764 W/dex2oat32       ] Failed to find field "CONTROL_EFFECT_MODE:Landroid/hardware/camera2/CaptureRequest$Key;", entry: "Landroid/hardware/camera2/CaptureRequest;.CONTROL_EFFECT_MODE:Landroid/hardware/camera2/CaptureRequest$Key;.mKey:Landroid/hardware/camera2/impl/CameraMetadataNative$Key; 534"
[ 2026-10-02T23:43:18.120        0:  2764:  2764 W/dex2oat32       ] Failed to find field "CONTROL_AE_ANTIBANDING_MODE:Landroid/hardware/camera2/CaptureRequest$Key;", entry: "Landroid/hardware/camera2/CaptureRequest;.CONTROL_AE_ANTIBANDING_MODE:Landroid/hardware/camera2/CaptureRequest$Key;.mKey:Landroid/hardware/camera2/impl/CameraMetadataNative$Key; 534"
[ 2026-10-02T23:43:18.120        0:  2764:  2764 W/dex2oat32       ] Failed to find field "CONTROL_AUTOFRAMING:Landroid/hardware/camera2/CaptureRequest$Key;", entry: "Landroid/hardware/camera2/CaptureRequest;.CONTROL_AUTOFRAMING:Landroid/hardware/camera2/CaptureRequest$Key;.mKey:Landroid/hardware/camera2/impl/CameraMetadataNative$Key; 534"
[ 2026-10-02T23:43:18.120        0:  2764:  2764 W/dex2oat32       ] Failed to find field "EXTENSION_STRENGTH:Landroid/hardware/camera2/CaptureRequest$Key;", entry: "Landroid/hardware/camera2/CaptureRequest;.EXTENSION_STRENGTH:Landroid/hardware/camera2/CaptureRequest$Key;.mKey:Landroid/hardware/camera2/impl/CameraMetadataNative$Key; 534"
[ 2026-10-02T23:43:18.120        0:  2764:  2764 W/dex2oat32       ] Failed to find field "CONTROL_SCENE_MODE:Landroid/hardware/camera2/CaptureRequest$Key;", entry: "Landroid/hardware/camera2/CaptureRequest;.CONTROL_SCENE_MODE:Landroid/hardware/camera2/CaptureRequest$Key;.mKey:Landroid/hardware/camera2/impl/CameraMetadataNative$Key; 534"
[ 2026-10-02T23:43:18.120        0:  2764:  2764 W/dex2oat32       ] Failed to find field "CONTROL_SETTINGS_OVERRIDE:Landroid/hardware/camera2/CaptureRequest$Key;", entry: "Landroid/hardware/camera2/CaptureRequest;.CONTROL_SETTINGS_OVERRIDE:Landroid/hardware/camera2/CaptureRequest$Key;.mKey:Landroid/hardware/camera2/impl/CameraMetadataNative$Key; 534"
[ 2026-10-02T23:43:18.120        0:  2764:  2764 W/dex2oat32       ] Failed to find field "EFV_ROTATE_VIEWPORT:Landroid/hardware/camera2/CaptureRequest$Key;", entry: "Landroid/hardware/camera2/CaptureRequest;.EFV_ROTATE_VIEWPORT:Landroid/hardware/camera2/CaptureRequest$Key;.mKey:Landroid/hardware/camera2/impl/CameraMetadataNative$Key; 534"
[ 2026-10-02T23:43:18.120        0:  2764:  2764 W/dex2oat32       ] Failed to find field "FLASH_STRENGTH_LEVEL:Landroid/hardware/camera2/CaptureRequest$Key;", entry: "Landroid/hardware/camera2/CaptureRequest;.FLASH_STRENGTH_LEVEL:Landroid/hardware/camera2/CaptureRequest$Key;.mKey:Landroid/hardware/camera2/impl/CameraMetadataNative$Key; 534"
[ 2026-10-02T23:43:18.120        0:  2764:  2764 W/dex2oat32       ] Failed to find field "SENSOR_REFERENCE_ILLUMINANT2:Landroid/hardware/camera2/CameraCharacteristics$Key;", entry: "Landroid/hardware/camera2/CameraCharacteristics;.SENSOR_REFERENCE_ILLUMINANT2:Landroid/hardware/camera2/CameraCharacteristics$Key;.mKey:Landroid/hardware/camera2/impl/CameraMetadataNative$Key; 534"
[ 2026-10-02T23:43:18.120        0:  2764:  2764 W/dex2oat32       ] Failed to find field "SENSOR_INFO_PIXEL_ARRAY_SIZE:Landroid/hardware/camera2/CameraCharacteristics$Key;", entry: "Landroid/hardware/camera2/CameraCharacteristics;.SENSOR_INFO_PIXEL_ARRAY_SIZE:Landroid/hardware/camera2/CameraCharacteristics$Key;.mKey:Landroid/hardware/camera2/impl/CameraMetadataNative$Key; 534"
[ 2026-10-02T23:43:18.120        0:  2764:  2764 W/dex2oat32       ] Failed to find field "CONTROL_VIDEO_STABILIZATION_MODE:Landroid/hardware/camera2/CaptureRequest$Key;", entry: "Landroid/hardware/camera2/CaptureRequest;.CONTROL_VIDEO_STABILIZATION_MODE:Landroid/hardware/camera2/CaptureRequest$Key;.mKey:Landroid/hardware/camera2/impl/CameraMetadataNative$Key; 534"
[ 2026-10-02T23:43:18.120        0:  2764:  2764 W/dex2oat32       ] Failed to find field "LENS_FOCAL_LENGTH:Landroid/hardware/camera2/CaptureRequest$Key;", entry: "Landroid/hardware/camera2/CaptureRequest;.LENS_FOCAL_LENGTH:Landroid/hardware/camera2/CaptureRequest$Key;.mKey:Landroid/hardware/camera2/impl/CameraMetadataNative$Key; 534"
[ 2026-10-02T23:43:18.120        0:  2764:  2764 W/dex2oat32       ] Failed to find field "JPEG_ORIENTATION:Landroid/hardware/camera2/CaptureRequest$Key;", entry: "Landroid/hardware/camera2/CaptureRequest;.JPEG_ORIENTATION:Landroid/hardware/camera2/CaptureRequest$Key;.mKey:Landroid/hardware/camera2/impl/CameraMetadataNative$Key; 534"
[ 2026-10-02T23:43:18.120        0:  2764:  2764 W/dex2oat32       ] Failed to find field "EFV_TRANSLATE_VIEWPORT:Landroid/hardware/camera2/CaptureRequest$Key;", entry: "Landroid/hardware/camera2/CaptureRequest;.EFV_TRANSLATE_VIEWPORT:Landroid/hardware/camera2/CaptureRequest$Key;.mKey:Landroid/hardware/camera2/impl/CameraMetadataNative$Key; 534"
[ 2026-10-02T23:43:18.120        0:  2764:  2764 W/dex2oat32       ] Failed to find field "SENSOR_EXPOSURE_TIME:Landroid/hardware/camera2/CaptureRequest$Key;", entry: "Landroid/hardware/camera2/CaptureRequest;.SENSOR_EXPOSURE_TIME:Landroid/hardware/camera2/CaptureRequest$Key;.mKey:Landroid/hardware/camera2/impl/CameraMetadataNative$Key; 534"
[ 2026-10-02T23:43:18.120        0:  2764:  2764 W/dex2oat32       ] Failed to find field "TONEMAP_MODE:Landroid/hardware/camera2/CaptureRequest$Key;", entry: "Landroid/hardware/camera2/CaptureRequest;.TONEMAP_MODE:Landroid/hardware/camera2/CaptureRequest$Key;.mKey:Landroid/hardware/camera2/impl/CameraMetadataNative$Key; 534"
[ 2026-10-02T23:43:18.120        0:  2764:  2764 W/dex2oat32       ] Failed to find field "COLOR_CORRECTION_TRANSFORM:Landroid/hardware/camera2/CaptureRequest$Key;", entry: "Landroid/hardware/camera2/CaptureRequest;.COLOR_CORRECTION_TRANSFORM:Landroid/hardware/camera2/CaptureRequest$Key;.mKey:Landroid/hardware/camera2/impl/CameraMetadataNative$Key; 534"
[ 2026-10-02T23:43:18.120        0:  2764:  2764 W/dex2oat32       ] Failed to find field "SHADING_MODE:Landroid/hardware/camera2/CaptureRequest$Key;", entry: "Landroid/hardware/camera2/CaptureRequest;.SHADING_MODE:Landroid/hardware/camera2/CaptureRequest$Key;.mKey:Landroid/hardware/camera2/impl/CameraMetadataNative$Key; 534"
[ 2026-10-02T23:43:18.120        0:  2764:  2764 W/dex2oat32       ] Failed to find field "EDGE_MODE:Landroid/hardware/camera2/CaptureRequest$Key;", entry: "Landroid/hardware/camera2/CaptureRequest;.EDGE_MODE:Landroid/hardware/camera2/CaptureRequest$Key;.mKey:Landroid/hardware/camera2/impl/CameraMetadataNative$Key; 534"
[ 2026-10-02T23:43:18.120        0:  2764:  2764 W/dex2oat32       ] Failed to find field "SENSOR_INFO_PHYSICAL_SIZE:Landroid/hardware/camera2/CameraCharacteristics$Key;", entry: "Landroid/hardware/camera2/CameraCharacteristics;.SENSOR_INFO_PHYSICAL_SIZE:Landroid/hardware/camera2/CameraCharacteristics$Key;.mKey:Landroid/hardware/camera2/impl/CameraMetadataNative$Key; 535"
[ 2026-10-02T23:43:18.120        0:  2764:  2764 W/dex2oat32       ] Failed to find field "7:Ljava/util/WeakHashMap$Entry;", entry: "Landroid/app/PropertyInvalidatedCache;.sCaches:Ljava/util/WeakHashMap;.table:[Ljava/util/WeakHashMap$Entry;.7:Ljava/util/WeakHashMap$Entry; 541"
[ 2026-10-02T23:43:18.120        0:  2764:  2764 W/dex2oat32       ] Failed to find field "sAllBitmaps:Ljava/util/WeakHashMap;", entry: "Landroid/graphics/Bitmap;.sAllBitmaps:Ljava/util/WeakHashMap;.queue:Ljava/lang/ref/ReferenceQueue; 553"
[ 2026-10-02T23:43:18.120        0:  2764:  2764 W/dex2oat32       ] Failed to find field "TAG_CHANNEL:Ljava/lang/String;", entry: "Landroid/app/NotificationChannel;.TAG_CHANNEL:Ljava/lang/String; 605"
[ 2026-10-02T23:43:18.120        0:  2764:  2764 W/dex2oat32       ] Failed to find field "EDIT_LAUNCHER:Ljava/lang/String;", entry: "Landroid/app/NotificationChannel;.EDIT_LAUNCHER:Ljava/lang/String; 605"
[ 2026-10-02T23:43:18.120        0:  2764:  2764 W/dex2oat32       ] Failed to find field "TEMP_RECTF:Landroid/graphics/RectF;", entry: "Landroid/widget/TextView;.TEMP_RECTF:Landroid/graphics/RectF; 609"
[ 2026-10-02T23:43:18.120        0:  2764:  2764 W/dex2oat32       ] Failed to find field "sDefaults:Landroid/os/PersistableBundle;", entry: "Landroid/telephony/CarrierConfigManager;.sDefaults:Landroid/os/PersistableBundle;.mMap:Landroid/util/ArrayMap;.mArray:[Ljava/lang/Object;.197:Landroid/os/PersistableBundle; 622"
[ 2026-10-02T23:43:18.120        0:  2764:  2764 W/dex2oat32       ] Class not found: "Landroid/app/servertransaction/ObjectPool;"
[ 2026-10-02T23:43:18.120        0:  2764:  2764 W/dex2oat32       ] Failed to find field "sNextGeneratedId:Ljava/util/concurrent/atomic/AtomicInteger;", entry: "Landroid/view/View;.sNextGeneratedId:Ljava/util/concurrent/atomic/AtomicInteger; 679"
[ 2026-10-02T23:43:18.120        0:  2764:  2764 W/dex2oat32       ] Failed to find field "10:Ljava/util/WeakHashMap$Entry;", entry: "Landroid/app/PropertyInvalidatedCache;.sCaches:Ljava/util/WeakHashMap;.table:[Ljava/util/WeakHashMap$Entry;.10:Ljava/util/WeakHashMap$Entry;.referent:Ljava/lang/Object;.mSkips:[J 702"
[ 2026-10-02T23:43:18.120        0:  2764:  2764 W/dex2oat32       ] Failed to find field "CONTROL_AE_AVAILABLE_MODES:Landroid/hardware/camera2/CameraCharacteristics$Key;", entry: "Landroid/hardware/camera2/CameraCharacteristics;.CONTROL_AE_AVAILABLE_MODES:Landroid/hardware/camera2/CameraCharacteristics$Key;.mKey:Landroid/hardware/camera2/impl/CameraMetadataNative$Key; 720"
[ 2026-10-02T23:43:18.120        0:  2764:  2764 W/dex2oat32       ] Failed to find field "SENSOR_INFO_ACTIVE_ARRAY_SIZE:Landroid/hardware/camera2/CameraCharacteristics$Key;", entry: "Landroid/hardware/camera2/CameraCharacteristics;.SENSOR_INFO_ACTIVE_ARRAY_SIZE:Landroid/hardware/camera2/CameraCharacteristics$Key;.mKey:Landroid/hardware/camera2/impl/CameraMetadataNative$Key; 720"
[ 2026-10-02T23:43:18.120        0:  2764:  2764 W/dex2oat32       ] Failed to find field "REQUEST_AVAILABLE_DYNAMIC_RANGE_PROFILES_MAP:Landroid/hardware/camera2/CameraCharacteristics$Key;", entry: "Landroid/hardware/camera2/CameraCharacteristics;.REQUEST_AVAILABLE_DYNAMIC_RANGE_PROFILES_MAP:Landroid/hardware/camera2/CameraCharacteristics$Key;.mKey:Landroid/hardware/camera2/impl/CameraMetadataNative$Key; 720"
[ 2026-10-02T23:43:18.120        0:  2764:  2764 W/dex2oat32       ] Failed to find field "INFO_SESSION_CONFIGURATION_QUERY_VERSION:Landroid/hardware/camera2/CameraCharacteristics$Key;", entry: "Landroid/hardware/camera2/CameraCharacteristics;.INFO_SESSION_CONFIGURATION_QUERY_VERSION:Landroid/hardware/camera2/CameraCharacteristics$Key;.mKey:Landroid/hardware/camera2/impl/CameraMetadataNative$Key; 720"
[ 2026-10-02T23:43:18.120        0:  2764:  2764 W/dex2oat32       ] Failed to find field "LENS_INFO_SHADING_MAP_SIZE:Landroid/hardware/camera2/CameraCharacteristics$Key;", entry: "Landroid/hardware/camera2/CameraCharacteristics;.LENS_INFO_SHADING_MAP_SIZE:Landroid/hardware/camera2/CameraCharacteristics$Key;.mKey:Landroid/hardware/camera2/impl/CameraMetadataNative$Key; 720"
[ 2026-10-02T23:43:18.120        0:  2764:  2764 W/dex2oat32       ] Failed to find field "SENSOR_TIMESTAMP:Landroid/hardware/camera2/CaptureResult$Key;", entry: "Landroid/hardware/camera2/CaptureResult;.SENSOR_TIMESTAMP:Landroid/hardware/camera2/CaptureResult$Key;.mKey:Landroid/hardware/camera2/impl/CameraMetadataNative$Key; 720"
[ 2026-10-02T23:43:18.120        0:  2764:  2764 W/dex2oat32       ] Failed to find field "CONTROL_AWB_AVAILABLE_MODES:Landroid/hardware/camera2/CameraCharacteristics$Key;", entry: "Landroid/hardware/camera2/CameraCharacteristics;.CONTROL_AWB_AVAILABLE_MODES:Landroid/hardware/camera2/CameraCharacteristics$Key;.mKey:Landroid/hardware/camera2/impl/CameraMetadataNative$Key; 720"
[ 2026-10-02T23:43:18.120        0:  2764:  2764 W/dex2oat32       ] Failed to find field "SCALER_AVAILABLE_STREAM_USE_CASES:Landroid/hardware/camera2/CameraCharacteristics$Key;", entry: "Landroid/hardware/camera2/CameraCharacteristics;.SCALER_AVAILABLE_STREAM_USE_CASES:Landroid/hardware/camera2/CameraCharacteristics$Key;.mKey:Landroid/hardware/camera2/impl/CameraMetadataNative$Key; 720"
[ 2026-10-02T23:43:18.120        0:  2764:  2764 W/dex2oat32       ] Failed to find field "CONTROL_ZOOM_RATIO_RANGE:Landroid/hardware/camera2/CameraCharacteristics$Key;", entry: "Landroid/hardware/camera2/CameraCharacteristics;.CONTROL_ZOOM_RATIO_RANGE:Landroid/hardware/camera2/CameraCharacteristics$Key;.mKey:Landroid/hardware/camera2/impl/CameraMetadataNative$Key; 720"
[ 2026-10-02T23:43:18.120        0:  2764:  2764 W/dex2oat32       ] Failed to find field "CONTROL_AF_AVAILABLE_MODES:Landroid/hardware/camera2/CameraCharacteristics$Key;", entry: "Landroid/hardware/camera2/CameraCharacteristics;.CONTROL_AF_AVAILABLE_MODES:Landroid/hardware/camera2/CameraCharacteristics$Key;.mKey:Landroid/hardware/camera2/impl/CameraMetadataNative$Key; 720"
[ 2026-10-02T23:43:18.120        0:  2764:  2764 W/dex2oat32       ] Failed to find field "REQUEST_PARTIAL_RESULT_COUNT:Landroid/hardware/camera2/CameraCharacteristics$Key;", entry: "Landroid/hardware/camera2/CameraCharacteristics;.REQUEST_PARTIAL_RESULT_COUNT:Landroid/hardware/camera2/CameraCharacteristics$Key;.mKey:Landroid/hardware/camera2/impl/CameraMetadataNative$Key; 720"
[ 2026-10-02T23:43:18.120        0:  2764:  2764 W/dex2oat32       ] Failed to find field "IMS_MANAGER_INSTANCES:Landroid/util/SparseArray;", entry: "Lcom/android/ims/ImsManager;.IMS_MANAGER_INSTANCES:Landroid/util/SparseArray;.mKeys:[I 727"
[ 2026-10-02T23:43:18.120        0:  2764:  2764 W/dex2oat32       ] Failed to find field "IMS_MANAGER_INSTANCES:Landroid/util/SparseArray;", entry: "Lcom/android/ims/ImsManager;.IMS_MANAGER_INSTANCES:Landroid/util/SparseArray; 728"
[ 2026-10-02T23:43:18.120        0:  2764:  2764 W/dex2oat32       ] Failed to find field "IMS_MANAGER_INSTANCES:Landroid/util/SparseArray;", entry: "Lcom/android/ims/ImsManager;.IMS_MANAGER_INSTANCES:Landroid/util/SparseArray;.mValues:[Ljava/lang/Object; 728"
[ 2026-10-02T23:43:18.121        0:  2764:  2764 W/dex2oat32       ] Failed to find field "APN_TYPE_INT_MAP:Ljava/util/Map;", entry: "Landroid/telephony/data/ApnSetting;.APN_TYPE_INT_MAP:Ljava/util/Map; 730"
[ 2026-10-02T23:43:18.121        0:  2764:  2764 W/dex2oat32       ] Failed to find field "sDefaults:Landroid/os/PersistableBundle;", entry: "Landroid/telephony/CarrierConfigManager;.sDefaults:Landroid/os/PersistableBundle;.mMap:Landroid/util/ArrayMap;.mArray:[Ljava/lang/Object;.673:[Ljava/lang/String; 730"
[ 2026-10-02T23:43:18.121        0:  2764:  2764 W/dex2oat32       ] Failed to find field "sDefaults:Landroid/os/PersistableBundle;", entry: "Landroid/telephony/CarrierConfigManager;.sDefaults:Landroid/os/PersistableBundle;.mMap:Landroid/util/ArrayMap;.mArray:[Ljava/lang/Object;.1289:[Ljava/lang/String; 730"
[ 2026-10-02T23:43:18.121        0:  2764:  2764 W/dex2oat32       ] Failed to find field "sDefaults:Landroid/os/PersistableBundle;", entry: "Landroid/telephony/CarrierConfigManager;.sDefaults:Landroid/os/PersistableBundle;.mMap:Landroid/util/ArrayMap;.mArray:[Ljava/lang/Object;.483:[Ljava/lang/String; 730"
[ 2026-10-02T23:43:18.121        0:  2764:  2764 W/dex2oat32       ] Failed to find field "sDefaults:Landroid/os/PersistableBundle;", entry: "Landroid/telephony/CarrierConfigManager;.sDefaults:Landroid/os/PersistableBundle;.mMap:Landroid/util/ArrayMap;.mArray:[Ljava/lang/Object;.363:[Ljava/lang/String; 730"
[ 2026-10-02T23:43:18.121        0:  2764:  2764 W/dex2oat32       ] Failed to find field "sDefaults:Landroid/os/PersistableBundle;", entry: "Landroid/telephony/CarrierConfigManager;.sDefaults:Landroid/os/PersistableBundle;.mMap:Landroid/util/ArrayMap;.mArray:[Ljava/lang/Object;.789:[Ljava/lang/String; 730"
[ 2026-10-02T23:43:18.121        0:  2764:  2764 W/dex2oat32       ] Failed to find field "sDefaults:Landroid/os/PersistableBundle;", entry: "Landroid/telephony/CarrierConfigManager;.sDefaults:Landroid/os/PersistableBundle;.mMap:Landroid/util/ArrayMap;.mArray:[Ljava/lang/Object;.549:[Ljava/lang/String; 730"
[ 2026-10-02T23:43:18.121        0:  2764:  2764 W/dex2oat32       ] Failed to find field "sDefaults:Landroid/os/PersistableBundle;", entry: "Landroid/telephony/CarrierConfigManager;.sDefaults:Landroid/os/PersistableBundle;.mMap:Landroid/util/ArrayMap;.mArray:[Ljava/lang/Object;.469:[Ljava/lang/String; 730"
[ 2026-10-02T23:43:18.121        0:  2764:  2764 W/dex2oat32       ] Failed to find field "sDefaults:Landroid/os/PersistableBundle;", entry: "Landroid/telephony/CarrierConfigManager;.sDefaults:Landroid/os/PersistableBundle;.mMap:Landroid/util/ArrayMap;.mArray:[Ljava/lang/Object;.349:[Ljava/lang/String; 730"
[ 2026-10-02T23:43:18.121        0:  2764:  2764 W/dex2oat32       ] Failed to find field "sDefaults:Landroid/os/PersistableBundle;", entry: "Landroid/telephony/CarrierConfigManager;.sDefaults:Landroid/os/PersistableBundle;.mMap:Landroid/util/ArrayMap;.mArray:[Ljava/lang/Object;.23:[Ljava/lang/String; 730"
[ 2026-10-02T23:43:18.121        0:  2764:  2764 W/dex2oat32       ] Failed to find field "IMS_STATS_CALLBACKS:Landroid/util/SparseArray;", entry: "Lcom/android/ims/ImsManager;.IMS_STATS_CALLBACKS:Landroid/util/SparseArray; 730"
[ 2026-10-02T23:43:18.121        0:  2764:  2764 W/dex2oat32       ] Failed to find field "sDefaults:Landroid/os/PersistableBundle;", entry: "Landroid/telephony/CarrierConfigManager;.sDefaults:Landroid/os/PersistableBundle;.mMap:Landroid/util/ArrayMap;.mArray:[Ljava/lang/Object;.833:[Ljava/lang/String; 730"
[ 2026-10-02T23:43:18.121        0:  2764:  2764 W/dex2oat32       ] Failed to find field "IMS_STATS_CALLBACKS:Landroid/util/SparseArray;", entry: "Lcom/android/ims/ImsManager;.IMS_STATS_CALLBACKS:Landroid/util/SparseArray;.mValues:[Ljava/lang/Object; 730"
[ 2026-10-02T23:43:18.121        0:  2764:  2764 W/dex2oat32       ] Failed to find field "sDefaults:Landroid/os/PersistableBundle;", entry: "Landroid/telephony/CarrierConfigManager;.sDefaults:Landroid/os/PersistableBundle;.mMap:Landroid/util/ArrayMap;.mArray:[Ljava/lang/Object;.1443:[Ljava/lang/String; 730"
[ 2026-10-02T23:43:18.121        0:  2764:  2764 W/dex2oat32       ] Failed to find field "sDefaults:Landroid/os/PersistableBundle;", entry: "Landroid/telephony/CarrierConfigManager;.sDefaults:Landroid/os/PersistableBundle;.mMap:Landroid/util/ArrayMap;.mArray:[Ljava/lang/Object;.1173:[Ljava/lang/String; 730"
[ 2026-10-02T23:43:18.121        0:  2764:  2764 W/dex2oat32       ] Failed to find field "sDefaults:Landroid/os/PersistableBundle;", entry: "Landroid/telephony/CarrierConfigManager;.sDefaults:Landroid/os/PersistableBundle;.mMap:Landroid/util/ArrayMap;.mArray:[Ljava/lang/Object;.33:[Ljava/lang/String; 730"
[ 2026-10-02T23:43:18.121        0:  2764:  2764 W/dex2oat32       ] Failed to find field "IMS_STATS_CALLBACKS:Landroid/util/SparseArray;", entry: "Lcom/android/ims/ImsManager;.IMS_STATS_CALLBACKS:Landroid/util/SparseArray;.mKeys:[I 730"
[ 2026-10-02T23:43:18.121        0:  2764:  2764 W/dex2oat32       ] Failed to find field "sDefaults:Landroid/os/PersistableBundle;", entry: "Landroid/telephony/CarrierConfigManager;.sDefaults:Landroid/os/PersistableBundle;.mMap:Landroid/util/ArrayMap;.mArray:[Ljava/lang/Object;.1459:[Ljava/lang/String; 730"
[ 2026-10-02T23:43:18.121        0:  2764:  2764 W/dex2oat32       ] Failed to find field "OVERDRAW_PROPERTY_SHOW:Ljava/lang/String;", entry: "Landroid/view/ThreadedRenderer;.OVERDRAW_PROPERTY_SHOW:Ljava/lang/String; 738"
[ 2026-10-02T23:43:18.121        0:  2764:  2764 W/dex2oat32       ] Failed to find field "RESULT_KEY_PRIORITY:Ljava/lang/String;", entry: "Landroid/window/ImeOnBackInvokedDispatcher;.RESULT_KEY_PRIORITY:Ljava/lang/String; 738"
[ 2026-10-02T23:43:18.121        0:  2764:  2764 W/dex2oat32       ] Failed to find field "sGLThreadManager:Landroid/opengl/GLSurfaceView$GLThreadManager;", entry: "Landroid/opengl/GLSurfaceView;.sGLThreadManager:Landroid/opengl/GLSurfaceView$GLThreadManager; 761"
[ 2026-10-02T23:43:18.121        0:  2764:  2764 W/dex2oat32       ] Failed to find field "INFO_SUPPORTED_HARDWARE_LEVEL:Landroid/hardware/camera2/CameraCharacteristics$Key;", entry: "Landroid/hardware/camera2/CameraCharacteristics;.INFO_SUPPORTED_HARDWARE_LEVEL:Landroid/hardware/camera2/CameraCharacteristics$Key;.mKey:Landroid/hardware/camera2/impl/CameraMetadataNative$Key; 782"
[ 2026-10-02T23:43:18.121        0:  2764:  2764 W/dex2oat32       ] Failed to find field "SENSOR_ORIENTATION:Landroid/hardware/camera2/CameraCharacteristics$Key;", entry: "Landroid/hardware/camera2/CameraCharacteristics;.SENSOR_ORIENTATION:Landroid/hardware/camera2/CameraCharacteristics$Key;.mKey:Landroid/hardware/camera2/impl/CameraMetadataNative$Key; 783"
[ 2026-10-02T23:43:18.121        0:  2764:  2764 W/dex2oat32       ] Failed to find field "INFO_DEVICE_STATE_ORIENTATIONS:Landroid/hardware/camera2/CameraCharacteristics$Key;", entry: "Landroid/hardware/camera2/CameraCharacteristics;.INFO_DEVICE_STATE_ORIENTATIONS:Landroid/hardware/camera2/CameraCharacteristics$Key;.mKey:Landroid/hardware/camera2/impl/CameraMetadataNative$Key; 783"
[ 2026-10-02T23:43:18.121        0:  2764:  2764 W/dex2oat32       ] Failed to find field "9:Ljava/util/WeakHashMap$Entry;", entry: "Landroid/app/PropertyInvalidatedCache;.sCaches:Ljava/util/WeakHashMap;.table:[Ljava/util/WeakHashMap$Entry;.9:Ljava/util/WeakHashMap$Entry; 785"
[ 2026-10-02T23:43:18.121        0:  2764:  2764 W/dex2oat32       ] Class not found: "Landroid/net/vcn/VcnManager;"
[ 2026-10-02T23:43:18.121        0:  2764:  2764 W/dex2oat32       ] Failed to find field "TRUE:Ljava/lang/String;", entry: "Lcom/android/ims/ImsManager;.TRUE:Ljava/lang/String; 802"
[ 2026-10-02T23:43:18.121        0:  2764:  2764 W/dex2oat32       ] Failed to find field "6:Ljava/util/WeakHashMap$Entry;", entry: "Landroid/app/PropertyInvalidatedCache;.sCaches:Ljava/util/WeakHashMap;.table:[Ljava/util/WeakHashMap$Entry;.6:Ljava/util/WeakHashMap$Entry; 805"
[ 2026-10-02T23:43:18.122        0:  2764:  2764 I/dex2oat32       ] Matched 1812 out of 2037 dirty-image-objects
[ 2026-10-02T23:43:18.483        0:  2764:  2764 I/dex2oat32       ] dex2oat took 3.505s (6.625s cpu) (threads: 8) arena alloc=0B (0B) java alloc=10MB (11252608B) native alloc=43MB (45118736B) free=7010KB (7178992B)
[ 2026-10-02T23:43:18.757     1000:  3532:  4332 I/SELinux         ] SELinux: Loaded file context from:
[ 2026-10-02T23:43:18.757     1000:  3532:  4332 I/SELinux         ] 		/system/etc/selinux/plat_file_contexts
[ 2026-10-02T23:43:18.757     1000:  3532:  4332 I/SELinux         ] 		/system_ext/etc/selinux/system_ext_file_contexts
[ 2026-10-02T23:43:18.757     1000:  3532:  4332 I/SELinux         ] 		/product/etc/selinux/product_file_contexts
[ 2026-10-02T23:43:18.757     1000:  3532:  4332 I/SELinux         ] 		/vendor/etc/selinux/vendor_file_contexts
[ 2026-10-02T23:43:19.024        0:  3404:  3404 I/VectorDaemon    ] Waiting system service: package for 1s
[ 2026-10-02T23:43:20.025        0:  3404:  3404 I/VectorDaemon    ] Waiting system service: package for 1s
[ 2026-10-02T23:43:20.773     1000:  3532:  3532 D/VectorLifecycle ] dispatchPackageReady d1@b8e20af
[ 2026-10-02T23:43:20.773     1000:  3532:  3532 D/VectorLifecycle ] dispatchPackageReady d1@b8e20af
[ 2026-10-02T23:43:20.773     1000:  3532:  3532 D/VectorLifecycle ] dispatchPackageReady d1@b8e20af
[ 2026-10-02T23:43:20.788     1000:  3532:  3532 D/VectorLifecycle ] dispatchPackageReady d1@9ce6a13
[ 2026-10-02T23:43:20.788     1000:  3532:  3532 D/VectorLifecycle ] dispatchPackageReady d1@9ce6a13
[ 2026-10-02T23:43:20.788     1000:  3532:  3532 D/VectorLifecycle ] dispatchPackageReady d1@9ce6a13
[ 2026-10-02T23:43:20.933     1000:  3532:  3532 D/VectorLifecycle ] dispatchPackageReady d1@c6a77c5
[ 2026-10-02T23:43:20.933     1000:  3532:  3532 D/VectorLifecycle ] dispatchPackageReady d1@c6a77c5
[ 2026-10-02T23:43:20.933     1000:  3532:  3532 D/VectorLifecycle ] dispatchPackageReady d1@c6a77c5
[ 2026-10-02T23:43:21.026        0:  3404:  3404 E/VectorWorkarounds ] Failed to bypass systemui_is_cached flag
java.lang.NoSuchFieldException: No field systemui_is_cached in class Landroid/app/FeatureFlagsImpl; (declaration of 'android.app.FeatureFlagsImpl' appears in /system/framework/framework.jar)
	at java.lang.Class.getDeclaredField(Native Method)
	at org.matrix.vector.daemon.VectorDaemon.main(r8-map-id-a0ba2af9ea62f6dd06c97dd6bd830c9cb1bf7c5847fb9fa894f80054d3e82450:465)
	at com.android.internal.os.RuntimeInit.nativeFinishInit(Native Method)
	at com.android.internal.os.RuntimeInit.main(RuntimeInit.java:391)
[ 2026-10-02T23:43:21.027        0:  3404:  3404 I/app_process     ] AssetManager2(0xb4000072bf2a0d28) locale list changing from [] to [zh-CN]
[ 2026-10-02T23:43:21.029     1000:  3532:  4417 D/VectorZygiskBridge ] onTransact: action=SEND_BINDER, callerUid=0
[ 2026-10-02T23:43:21.029     1000:  3532:  4417 I/VectorZygiskBridge ] Vector daemin service binder linked.
[ 2026-10-02T23:43:21.029        0:  3404:  3404 I/VectorDaemon    ] Successfully injected Vector IPC binder for applications.
[ 2026-10-02T23:43:21.758     1000:  3532:  3532 D/VectorLifecycle ] dispatchPackageReady d1@274f44e
[ 2026-10-02T23:43:21.758     1000:  3532:  3532 D/VectorLifecycle ] dispatchPackageReady d1@274f44e
[ 2026-10-02T23:43:21.758     1000:  3532:  3532 D/VectorLifecycle ] dispatchPackageReady d1@274f44e
[ 2026-10-02T23:43:22.270     1000:  3532:  4418 D/VectorZygiskBridge ] onTransact: action=GET_BINDER, callerUid=1000
[ 2026-10-02T23:43:22.271        0:  3404:  4697 I/VectorConfigCache ] System services are ready. Mapping modules and scopes.
[ 2026-10-02T23:43:22.272        0:  3404:  4697 I/VectorConfigCache ] Manager is not installed
[ 2026-10-02T23:43:22.413     1000:  3532:  4418 D/VectorZygiskBridge ] onTransact: action=GET_BINDER, callerUid=10188
[ 2026-10-02T23:43:22.683     1000:  3532:  3905 D/VectorZygiskBridge ] onTransact: action=GET_BINDER, callerUid=10245
[ 2026-10-02T23:43:22.760     1000:  3532:  3904 D/VectorZygiskBridge ] onTransact: action=GET_BINDER, callerUid=10257
[ 2026-10-02T23:43:23.130     1000:  3532:  4752 D/VectorZygiskBridge ] onTransact: action=GET_BINDER, callerUid=10222
[ 2026-10-02T23:43:23.139     1000:  3532:  3904 D/VectorZygiskBridge ] onTransact: action=GET_BINDER, callerUid=10216
[ 2026-10-02T23:43:23.155    10216:  5147:  5147 V/VectorDeopter   ] Skipping deopt for android.app.Instrumentation#newApplication: android.app.Instrumentation.newApplication [class java.lang.ClassLoader, class android.content.Context]
[ 2026-10-02T23:43:23.155    10216:  5147:  5147 V/Vector          ] Loading Vector/Xposed for com.android.systemui (UID: 10216)
[ 2026-10-02T23:43:23.159    10216:  5147:  5147 V/VectorLegacyBridge ] Loading legacy module com.chargepower.lsposed from /data/app/~~ssz8mZSIyIjNl-VWQJ-NcA==/com.chargepower.lsposed-RjL3z9tPSgOXOG7c7LJBxw==/base.apk
[ 2026-10-02T23:43:23.160    10216:  5147:  5147 V/VectorLegacyBridge ]   Loading class com.chargepower.lsposed.MainHook
[ 2026-10-02T23:43:23.181     1000:  3532:  3905 D/VectorZygiskBridge ] onTransact: action=GET_BINDER, callerUid=1073
[ 2026-10-02T23:43:23.201     1000:  3532:  5086 D/VectorZygiskBridge ] onTransact: action=GET_BINDER, callerUid=1001
[ 2026-10-02T23:43:23.224     1001:  5188:  5188 V/VectorDeopter   ] Skipping deopt for android.app.Instrumentation#newApplication: android.app.Instrumentation.newApplication [class java.lang.ClassLoader, class android.content.Context]
[ 2026-10-02T23:43:23.225     1001:  5188:  5188 V/Vector          ] Loading Vector/Xposed for com.android.phone (UID: 1001)
[ 2026-10-02T23:43:23.248     1001:  5188:  5188 D/VectorModuleManager ] Loading module dev.ven11.module
[ 2026-10-02T23:43:23.272     1000:  3532:  3904 D/VectorZygiskBridge ] onTransact: action=GET_BINDER, callerUid=10088
[ 2026-10-02T23:43:23.275     1001:  5188:  5188 V/VectorModuleManager ] Loading class class dev.ven11.module.Ven11Module
[ 2026-10-02T23:43:23.276     1001:  5188:  5188 D/VectorModuleManager ] Loaded module dev.ven11.module successfully.
[ 2026-10-02T23:43:23.299     1000:  3532:  3905 D/VectorZygiskBridge ] onTransact: action=GET_BINDER, callerUid=10140
[ 2026-10-02T23:43:23.314     1000:  3532:  4752 D/VectorZygiskBridge ] onTransact: action=GET_BINDER, callerUid=1073
[ 2026-10-02T23:43:23.315     1000:  3532:  4752 D/VectorZygiskBridge ] onTransact: action=GET_BINDER, callerUid=1001
[ 2026-10-02T23:43:23.323     1000:  3532:  4752 D/VectorZygiskBridge ] onTransact: action=GET_BINDER, callerUid=1000
[ 2026-10-02T23:43:23.348     1000:  3532:  4430 D/VectorZygiskBridge ] onTransact: action=GET_BINDER, callerUid=10223
[ 2026-10-02T23:43:23.351     1000:  3532:  5087 D/VectorZygiskBridge ] onTransact: action=GET_BINDER, callerUid=1001
[ 2026-10-02T23:43:23.386     1000:  3532:  4430 D/VectorZygiskBridge ] onTransact: action=GET_BINDER, callerUid=1068
[ 2026-10-02T23:43:23.387     1000:  3532:  4430 D/VectorZygiskBridge ] onTransact: action=GET_BINDER, callerUid=10216
[ 2026-10-02T23:43:23.405    10216:  5289:  5289 V/VectorDeopter   ] Skipping deopt for android.app.Instrumentation#newApplication: android.app.Instrumentation.newApplication [class java.lang.ClassLoader, class android.content.Context]
[ 2026-10-02T23:43:23.406    10216:  5289:  5289 V/Vector          ] Loading Vector/Xposed for com.android.systemui (UID: 10216)
[ 2026-10-02T23:43:23.410    10216:  5289:  5289 V/VectorLegacyBridge ] Loading legacy module com.chargepower.lsposed from /data/app/~~ssz8mZSIyIjNl-VWQJ-NcA==/com.chargepower.lsposed-RjL3z9tPSgOXOG7c7LJBxw==/base.apk
[ 2026-10-02T23:43:23.411    10216:  5289:  5289 V/VectorLegacyBridge ]   Loading class com.chargepower.lsposed.MainHook
[ 2026-10-02T23:43:23.426     1000:  3532:  5087 D/VectorZygiskBridge ] onTransact: action=GET_BINDER, callerUid=10211
[ 2026-10-02T23:43:23.427     1000:  3532:  5087 D/VectorZygiskBridge ] onTransact: action=GET_BINDER, callerUid=1000
[ 2026-10-02T23:43:23.427     1000:  3532:  4859 D/VectorZygiskBridge ] onTransact: action=GET_BINDER, callerUid=1000
[ 2026-10-02T23:43:23.427     1000:  3532:  4430 D/VectorZygiskBridge ] onTransact: action=GET_BINDER, callerUid=1000
[ 2026-10-02T23:43:23.437    10216:  5289:  5289 D/VectorModuleManager ] Loading module io.github.lsposed.disableflagsecure
[ 2026-10-02T23:43:23.437    10216:  5289:  5289 V/VectorModuleManager ] Loading class class l
[ 2026-10-02T23:43:23.438    10216:  5289:  5289 D/VectorModuleManager ] Loaded module io.github.lsposed.disableflagsecure successfully.
[ 2026-10-02T23:43:23.440     1000:  3532:  4430 D/VectorZygiskBridge ] onTransact: action=GET_BINDER, callerUid=1002
[ 2026-10-02T23:43:23.467     1000:  3532:  4754 D/VectorZygiskBridge ] onTransact: action=GET_BINDER, callerUid=10248
[ 2026-10-02T23:43:23.472     1001:  5188:  5188 D/VectorLifecycle ] dispatchPackageReady d1@8a94a7
[ 2026-10-02T23:43:23.487     1000:  3532:  3904 D/VectorZygiskBridge ] onTransact: action=GET_BINDER, callerUid=10098
[ 2026-10-02T23:43:23.545     1002:  5342:  5342 V/VectorDeopter   ] Skipping deopt for android.app.Instrumentation#newApplication: android.app.Instrumentation.newApplication [class java.lang.ClassLoader, class android.content.Context]
[ 2026-10-02T23:43:23.554     1002:  5342:  5342 V/Vector          ] Loading Vector/Xposed for com.android.bluetooth (UID: 1002)
[ 2026-10-02T23:43:23.560    10216:  5289:  5289 D/VectorLifecycle ] dispatchPackageReady d1@8a94a7
[ 2026-10-02T23:43:23.569     1000:  3532:  5086 D/VectorZygiskBridge ] onTransact: action=GET_BINDER, callerUid=1000
[ 2026-10-02T23:43:23.583    10216:  5289:  5289 I/VectorLegacyBridge ] ChargePowerLsp v65: setDozeScreenState hooks=1
[ 2026-10-02T23:43:23.584    10216:  5289:  5289 I/VectorLegacyBridge ] ChargePowerLsp v65: hooks installed: sleep=5 wake=4 (0 表示该系统版本方法名不同，将由广播/轮询兜底)
[ 2026-10-02T23:43:23.660     1002:  5342:  5342 D/VectorModuleManager ] Loading module dev.ven11.module
[ 2026-10-02T23:43:23.678     1000:  3532:  3532 D/VectorLifecycle ] dispatchPackageReady d1@fe6c7dc
[ 2026-10-02T23:43:23.678     1000:  3532:  3532 D/VectorLifecycle ] dispatchPackageReady d1@fe6c7dc
[ 2026-10-02T23:43:23.678     1000:  3532:  3532 D/VectorLifecycle ] dispatchPackageReady d1@fe6c7dc
[ 2026-10-02T23:43:23.718     1000:  3532:  3905 D/VectorZygiskBridge ] onTransact: action=GET_BINDER, callerUid=1000
[ 2026-10-02T23:43:23.729     1002:  5342:  5342 V/VectorModuleManager ] Loading class class dev.ven11.module.Ven11Module
[ 2026-10-02T23:43:23.730     1002:  5342:  5342 D/VectorModuleManager ] Loaded module dev.ven11.module successfully.
[ 2026-10-02T23:43:23.750     1000:  5571:  5571 V/VectorDeopter   ] Skipping deopt for android.app.Instrumentation#newApplication: android.app.Instrumentation.newApplication [class java.lang.ClassLoader, class android.content.Context]
[ 2026-10-02T23:43:23.750     1000:  5571:  5571 V/Vector          ] Loading Vector/Xposed for com.oplus.appplatform (UID: 1000)
[ 2026-10-02T23:43:23.783     1000:  3532:  4749 D/VectorZygiskBridge ] onTransact: action=GET_BINDER, callerUid=10294
[ 2026-10-02T23:43:23.790     1000:  5571:  5571 D/VectorModuleManager ] Loading module io.github.lsposed.disableflagsecure
[ 2026-10-02T23:43:23.791     1000:  5571:  5571 V/VectorModuleManager ] Loading class class l
[ 2026-10-02T23:43:23.792     1000:  5571:  5571 D/VectorModuleManager ] Loaded module io.github.lsposed.disableflagsecure successfully.
[ 2026-10-02T23:43:23.905     1001:  5188:  5188 D/VectorLifecycle ] dispatchPackageReady d1@2005395
[ 2026-10-02T23:43:23.906     1002:  5342:  5342 D/VectorLifecycle ] dispatchPackageReady d1@8a94a7
[ 2026-10-02T23:43:23.906     1000:  5571:  5571 D/VectorLifecycle ] dispatchPackageReady d1@8a94a7
[ 2026-10-02T23:43:23.934     1001:  5188:  5188 D/VectorLifecycle ] dispatchPackageReady d1@d5f9411
[ 2026-10-02T23:43:23.939     1000:  3532:  3532 D/VectorLifecycle ] dispatchPackageReady d1@eb08700
[ 2026-10-02T23:43:23.939     1000:  3532:  3532 D/VectorLifecycle ] dispatchPackageReady d1@eb08700
[ 2026-10-02T23:43:23.939     1000:  3532:  3532 D/VectorLifecycle ] dispatchPackageReady d1@eb08700
[ 2026-10-02T23:43:24.154     1000:  3532:  4748 D/VectorZygiskBridge ] onTransact: action=GET_BINDER, callerUid=10204
[ 2026-10-02T23:43:24.155     1000:  3532:  5805 D/VectorZygiskBridge ] onTransact: action=GET_BINDER, callerUid=1000
[ 2026-10-02T23:43:24.625     1000:  3532:  5799 D/VectorZygiskBridge ] onTransact: action=GET_BINDER, callerUid=10296
[ 2026-10-02T23:43:25.072     1000:  3532:  5845 D/VectorZygiskBridge ] onTransact: action=GET_BINDER, callerUid=1000
[ 2026-10-02T23:43:25.140     1000:  3532:  4865 D/VectorZygiskBridge ] onTransact: action=GET_BINDER, callerUid=10279
[ 2026-10-02T23:43:25.640    10216:  5289:  6369 I/VectorLegacyBridge ] ChargePowerLsp v65: charging -> true
[ 2026-10-02T23:43:25.720    10216:  5289:  5549 D/VectorLifecycle ] dispatchPackageReady d1@a3fad82
[ 2026-10-02T23:43:25.721    10216:  5289:  5549 I/VectorLegacyBridge ] ChargePowerLsp v65: setDozeScreenState hooks=0
[ 2026-10-02T23:43:25.721    10216:  5289:  5549 I/VectorLegacyBridge ] ChargePowerLsp v65: hooks installed: sleep=0 wake=0 (0 表示该系统版本方法名不同，将由广播/轮询兜底)
[ 2026-10-02T23:43:25.870    10216:  5289:  5289 I/VectorLegacyBridge ] ChargePowerLsp v65: overlay window added, type=2017
[ 2026-10-02T23:43:26.078    10216:  5289:  5289 D/VectorLifecycle ] dispatchPackageReady d1@e38d1f1
[ 2026-10-02T23:43:26.112     1000:  3532:  4417 D/VectorZygiskBridge ] onTransact: action=GET_BINDER, callerUid=10330
[ 2026-10-02T23:43:26.141     1000:  3532:  5704 D/VectorZygiskBridge ] onTransact: action=GET_BINDER, callerUid=10187
[ 2026-10-02T23:43:26.475     1000:  3532:  5805 D/VectorZygiskBridge ] onTransact: action=GET_BINDER, callerUid=1000
[ 2026-10-02T23:43:26.530     1000:  6594:  6594 V/VectorDeopter   ] Skipping deopt for android.app.Instrumentation#newApplication: android.app.Instrumentation.newApplication [class java.lang.ClassLoader, class android.content.Context]
[ 2026-10-02T23:43:26.530     1000:  6594:  6594 V/Vector          ] Loading Vector/Xposed for com.android.settings (UID: 1000)
[ 2026-10-02T23:43:26.638     1000:  6594:  6594 D/VectorModuleManager ] Loading module dev.ven11.module
[ 2026-10-02T23:43:26.683     1000:  6594:  6594 V/VectorModuleManager ] Loading class class dev.ven11.module.Ven11Module
[ 2026-10-02T23:43:26.692     1000:  6594:  6594 D/VectorModuleManager ] Loaded module dev.ven11.module successfully.
[ 2026-10-02T23:43:26.910     1000:  6594:  6594 D/VectorLifecycle ] dispatchPackageReady d1@8a94a7
[ 2026-10-02T23:43:26.919     1000:  3532:  5845 D/VectorZygiskBridge ] onTransact: action=GET_BINDER, callerUid=10106
[ 2026-10-02T23:43:27.006        0:  1572:  1574 I/Magisk          ] ** boot-complete triggered
[ 2026-10-02T23:43:27.068        0:  6759:  6759 F/libc            ] Fatal signal 6 (SIGABRT), code -1 (SI_QUEUE) in tid 6759 (init), pid 6759 (init)
[ 2026-10-02T23:43:27.125     1000:  3532:  5805 D/VectorZygiskBridge ] onTransact: action=GET_BINDER, callerUid=1000
[ 2026-10-02T23:43:27.180        0:  6759:  6759 F/libc            ] Crash due to signal: crash_dump helper failed to exec, or was killed
[ 2026-10-02T23:43:27.512        0:  2619:  2634 I/SELinux         ] SELinux: Loaded file context from:
[ 2026-10-02T23:43:27.512        0:  2619:  2634 I/SELinux         ] 		/system/etc/selinux/plat_file_contexts
[ 2026-10-02T23:43:27.512        0:  2619:  2634 I/SELinux         ] 		/system_ext/etc/selinux/system_ext_file_contexts
[ 2026-10-02T23:43:27.512        0:  2619:  2634 I/SELinux         ] 		/product/etc/selinux/product_file_contexts
[ 2026-10-02T23:43:27.512        0:  2619:  2634 I/SELinux         ] 		/vendor/etc/selinux/vendor_file_contexts
[ 2026-10-02T23:43:27.682     1000:  3532:  5813 D/VectorZygiskBridge ] onTransact: action=GET_BINDER, callerUid=10258
[ 2026-10-02T23:43:27.870    10216:  5289:  5289 I/VectorLegacyBridge ] ChargePowerLsp v65: armed (KeyguardService$3) type=2017 displayState=2
[ 2026-10-02T23:43:27.886    10216:  5289:  5289 I/VectorLegacyBridge ] ChargePowerLsp v65: overlay applied +17ms after arm, text="9.6W 2309mA 4.16V"
[ 2026-10-02T23:43:27.944    10216:  5289:  5289 I/VectorLegacyBridge ] ChargePowerLsp v65: DozeService started +75ms after arm
[ 2026-10-02T23:43:27.980    10216:  5289:  5289 D/VectorLifecycle ] dispatchPackageReady d1@f501a2a
[ 2026-10-02T23:43:28.087    10258:  7110:  7110 V/VectorDeopter   ] Skipping deopt for android.app.Instrumentation#newApplication: android.app.Instrumentation.newApplication [class java.lang.ClassLoader, class android.content.Context]
[ 2026-10-02T23:43:28.090    10258:  7110:  7110 V/Vector          ] Loading Vector/Xposed for com.google.android.gms (UID: 10258)
[ 2026-10-02T23:43:28.179    10258:  7110:  7110 D/VectorModuleManager ] Loading module dev.ven11.module
[ 2026-10-02T23:43:28.193    10258:  7110:  7110 V/VectorModuleManager ] Loading class class dev.ven11.module.Ven11Module
[ 2026-10-02T23:43:28.194    10258:  7110:  7110 D/VectorModuleManager ] Loaded module dev.ven11.module successfully.
[ 2026-10-02T23:43:28.385     1000:  3532:  4865 D/VectorZygiskBridge ] onTransact: action=GET_BINDER, callerUid=10241
[ 2026-10-02T23:43:28.465     1000:  3532:  5810 D/VectorZygiskBridge ] onTransact: action=GET_BINDER, callerUid=10280
[ 2026-10-02T23:43:28.467     1000:  3532:  5087 D/VectorZygiskBridge ] onTransact: action=GET_BINDER, callerUid=1027
[ 2026-10-02T23:43:28.472     1000:  3532:  4749 D/VectorZygiskBridge ] onTransact: action=GET_BINDER, callerUid=1000
[ 2026-10-02T23:43:28.483     1000:  3532:  4748 D/VectorZygiskBridge ] onTransact: action=GET_BINDER, callerUid=10195
[ 2026-10-02T23:43:28.483     1000:  3532:  4865 D/VectorZygiskBridge ] onTransact: action=GET_BINDER, callerUid=10244
[ 2026-10-02T23:43:28.487     1000:  3532:  5813 D/VectorZygiskBridge ] onTransact: action=GET_BINDER, callerUid=10100
[ 2026-10-02T23:43:28.489     1000:  3532:  5846 D/VectorZygiskBridge ] onTransact: action=GET_BINDER, callerUid=10209
[ 2026-10-02T23:43:28.489     1000:  3532:  5503 D/VectorZygiskBridge ] onTransact: action=GET_BINDER, callerUid=10121
[ 2026-10-02T23:43:28.490     1000:  3532:  4418 D/VectorZygiskBridge ] onTransact: action=GET_BINDER, callerUid=1000
[ 2026-10-02T23:43:28.490     1000:  3532:  5808 D/VectorZygiskBridge ] onTransact: action=GET_BINDER, callerUid=10249
[ 2026-10-02T23:43:28.504     1000:  3532:  4754 D/VectorZygiskBridge ] onTransact: action=GET_BINDER, callerUid=10134
[ 2026-10-02T23:43:28.686     1000:  3532:  5845 D/VectorZygiskBridge ] onTransact: action=GET_BINDER, callerUid=10197
[ 2026-10-02T23:43:28.697     1000:  3532:  4430 D/VectorZygiskBridge ] onTransact: action=GET_BINDER, callerUid=10155
[ 2026-10-02T23:43:28.915     1000:  3532:  4749 D/VectorZygiskBridge ] onTransact: action=GET_BINDER, callerUid=10307
[ 2026-10-02T23:43:29.142    10258:  7110:  7110 D/VectorLifecycle ] dispatchPackageReady d1@8823941
[ 2026-10-02T23:43:29.475     1000:  3532:  5845 D/VectorZygiskBridge ] onTransact: action=GET_BINDER, callerUid=10112
[ 2026-10-02T23:43:29.553     1000:  3532:  5087 D/VectorZygiskBridge ] onTransact: action=GET_BINDER, callerUid=1002
[ 2026-10-02T23:43:29.665     1002:  7830:  7830 V/VectorDeopter   ] Skipping deopt for android.app.Instrumentation#newApplication: android.app.Instrumentation.newApplication [class java.lang.ClassLoader, class android.content.Context]
[ 2026-10-02T23:43:29.670     1002:  7830:  7830 V/Vector          ] Loading Vector/Xposed for com.android.bluetooth (UID: 1002)
[ 2026-10-02T23:43:29.828     1000:  3532:  5835 D/VectorZygiskBridge ] onTransact: action=GET_BINDER, callerUid=10100
[ 2026-10-02T23:43:29.878     1000:  3532:  5845 D/VectorZygiskBridge ] onTransact: action=GET_BINDER, callerUid=10119
[ 2026-10-02T23:43:29.900     1002:  7830:  7830 D/VectorModuleManager ] Loading module dev.ven11.module
[ 2026-10-02T23:43:29.914     1002:  7830:  7830 V/VectorModuleManager ] Loading class class dev.ven11.module.Ven11Module
[ 2026-10-02T23:43:29.917     1002:  7830:  7830 D/VectorModuleManager ] Loaded module dev.ven11.module successfully.
[ 2026-10-02T23:43:29.936     1002:  7830:  7830 D/VectorLifecycle ] dispatchPackageReady d1@8a94a7
[ 2026-10-02T23:43:30.064     1000:  3532:  4865 D/VectorZygiskBridge ] onTransact: action=GET_BINDER, callerUid=10118
[ 2026-10-02T23:43:30.065     1000:  3532:  5725 D/VectorZygiskBridge ] onTransact: action=GET_BINDER, callerUid=10135
[ 2026-10-02T23:43:30.065     1000:  3532:  4430 D/VectorZygiskBridge ] onTransact: action=GET_BINDER, callerUid=10181
[ 2026-10-02T23:43:30.065     1000:  3532:  5805 D/VectorZygiskBridge ] onTransact: action=GET_BINDER, callerUid=10157
[ 2026-10-02T23:43:30.160     1000:  3532:  3904 D/VectorZygiskBridge ] onTransact: action=GET_BINDER, callerUid=10116
[ 2026-10-02T23:43:30.417        0:  1572:  7333 W/Magisk          ] pkg: no dyn APK, ignore
[ 2026-10-02T23:43:30.463     1000:  3532:  5837 D/VectorZygiskBridge ] onTransact: action=GET_BINDER, callerUid=10375
[ 2026-10-02T23:43:30.498    10216:  5289:  5289 I/VectorLegacyBridge ] ChargePowerLsp v65: text shown +2629ms after arm, displayState=3
[ 2026-10-02T23:43:30.552     1000:  3532:  4865 D/VectorZygiskBridge ] onTransact: action=GET_BINDER, callerUid=1000
[ 2026-10-02T23:43:30.920     1000:  3532:  4418 D/VectorZygiskBridge ] onTransact: action=GET_BINDER, callerUid=99910294
[ 2026-10-02T23:43:31.039     1000:  3532:  5827 D/VectorZygiskBridge ] onTransact: action=GET_BINDER, callerUid=10104
[ 2026-10-02T23:43:31.044     1000:  3532:  4430 D/VectorZygiskBridge ] onTransact: action=GET_BINDER, callerUid=10399
[ 2026-10-02T23:43:31.058     1000:  3532:  4418 D/VectorZygiskBridge ] onTransact: action=GET_BINDER, callerUid=10157
[ 2026-10-02T23:43:31.068     1000:  3532:  5803 D/VectorZygiskBridge ] onTransact: action=GET_BINDER, callerUid=10197
[ 2026-10-02T23:43:31.074     1000:  3532:  4754 D/VectorZygiskBridge ] onTransact: action=GET_BINDER, callerUid=10318
[ 2026-10-02T23:43:31.179     1000:  3532:  4748 D/VectorZygiskBridge ] onTransact: action=GET_BINDER, callerUid=1000
[ 2026-10-02T23:43:31.231     1000:  3532:  4752 D/VectorZygiskBridge ] onTransact: action=GET_BINDER, callerUid=10123
[ 2026-10-02T23:43:31.232     1000:  3532:  5436 D/VectorZygiskBridge ] onTransact: action=GET_BINDER, callerUid=10124
[ 2026-10-02T23:43:31.429     1000:  3532:  4859 D/VectorZygiskBridge ] onTransact: action=GET_BINDER, callerUid=10413
[ 2026-10-02T23:43:31.540     1001:  5188:  5188 D/VectorLifecycle ] dispatchPackageReady d1@e84e9a5
[ 2026-10-02T23:43:31.862     1000:  3532:  5087 D/VectorZygiskBridge ] onTransact: action=GET_BINDER, callerUid=1000
[ 2026-10-02T23:43:32.016     1000:  3532:  5552 D/VectorZygiskBridge ] onTransact: action=GET_BINDER, callerUid=10116
[ 2026-10-02T23:43:32.035     1000:  3532:  4430 D/VectorZygiskBridge ] onTransact: action=GET_BINDER, callerUid=10134
[ 2026-10-02T23:43:32.185     1000:  3532:  5436 D/VectorZygiskBridge ] onTransact: action=GET_BINDER, callerUid=1000
[ 2026-10-02T23:43:32.338     1000:  3532:  5808 D/VectorZygiskBridge ] onTransact: action=GET_BINDER, callerUid=10400
[ 2026-10-02T23:43:32.462     1000:  3532:  5704 D/VectorZygiskBridge ] onTransact: action=GET_BINDER, callerUid=10417
[ 2026-10-02T23:43:32.489     1000:  3532:  4865 D/VectorZygiskBridge ] onTransact: action=GET_BINDER, callerUid=10416
[ 2026-10-02T23:43:32.889     1001:  5188:  5188 D/VectorLifecycle ] dispatchPackageReady d1@66fc1ba
[ 2026-10-02T23:43:33.023     1000:  3532:  4865 D/VectorZygiskBridge ] onTransact: action=GET_BINDER, callerUid=10108
[ 2026-10-02T23:43:33.069     1000:  3532:  4430 D/VectorZygiskBridge ] onTransact: action=GET_BINDER, callerUid=10197
[ 2026-10-02T23:43:33.155     1000:  3532:  4859 D/VectorZygiskBridge ] onTransact: action=GET_BINDER, callerUid=10129
[ 2026-10-02T23:43:33.415     1000:  3532:  3904 D/VectorZygiskBridge ] onTransact: action=GET_BINDER, callerUid=10064
[ 2026-10-02T23:43:33.532     1000:  3532:  4859 D/VectorZygiskBridge ] onTransact: action=GET_BINDER, callerUid=10214
[ 2026-10-02T23:43:33.540     1000:  3532:  4417 D/VectorLifecycle ] dispatchPackageReady d1@ae5a9a5
[ 2026-10-02T23:43:33.540     1000:  3532:  4417 D/VectorLifecycle ] dispatchPackageReady d1@ae5a9a5
[ 2026-10-02T23:43:33.540     1000:  3532:  4417 D/VectorLifecycle ] dispatchPackageReady d1@ae5a9a5
[ 2026-10-02T23:43:33.541     1000:  3532:  5803 D/VectorZygiskBridge ] onTransact: action=GET_BINDER, callerUid=10399
[ 2026-10-02T23:43:33.652     1000:  3532:  5754 D/VectorZygiskBridge ] onTransact: action=GET_BINDER, callerUid=10312
[ 2026-10-02T23:43:33.776        0:  1572:  1574 W/Magisk          ] pkg: no dyn APK, ignore
[ 2026-10-02T23:43:33.868     1000:  3532:  5837 D/VectorZygiskBridge ] onTransact: action=GET_BINDER, callerUid=99910258
[ 2026-10-02T23:43:34.025     1000:  3532:  4416 D/VectorZygiskBridge ] onTransact: action=GET_BINDER, callerUid=10103
[ 2026-10-02T23:43:34.237     1000:  3532:  5813 D/VectorZygiskBridge ] onTransact: action=GET_BINDER, callerUid=1000
[ 2026-10-02T23:43:34.237     1000:  3532:  5837 D/VectorZygiskBridge ] onTransact: action=GET_BINDER, callerUid=10173
[ 2026-10-02T23:43:34.995     1000:  3532:  4865 D/VectorZygiskBridge ] onTransact: action=GET_BINDER, callerUid=10080
[ 2026-10-02T23:43:35.002     1000:  3532:  5436 D/VectorZygiskBridge ] onTransact: action=GET_BINDER, callerUid=10423
[ 2026-10-02T23:43:35.798     1000:  3532:  5754 D/VectorZygiskBridge ] onTransact: action=GET_BINDER, callerUid=10102
[ 2026-10-02T23:43:36.057     1000:  3532:  5503 D/VectorZygiskBridge ] onTransact: action=GET_BINDER, callerUid=1000
[ 2026-10-02T23:43:36.078     1000:  3532:  5503 D/VectorZygiskBridge ] onTransact: action=GET_BINDER, callerUid=10139
[ 2026-10-02T23:43:36.243    10139: 11370: 11575 F/libc            ] Fatal signal 11 (SIGSEGV), code 1 (SEGV_MAPERR), fault addr 0x7df10560e4 in tid 11575 (.oplus.dmp:main), pid 11370 (.oplus.dmp:main)
[ 2026-10-02T23:43:36.284     1000:  3532:  5846 D/VectorZygiskBridge ] onTransact: action=GET_BINDER, callerUid=10301
[ 2026-10-02T23:43:36.675     1000:  3532:  5813 D/VectorZygiskBridge ] onTransact: action=GET_BINDER, callerUid=10116
[ 2026-10-02T23:43:37.099     1000:  3532:  5810 D/VectorZygiskBridge ] onTransact: action=GET_BINDER, callerUid=10157
[ 2026-10-02T23:43:37.107     1000:  3532:  5805 D/VectorZygiskBridge ] onTransact: action=GET_BINDER, callerUid=10166
[ 2026-10-02T23:43:37.178     1000:  3532:  5810 D/VectorZygiskBridge ] onTransact: action=GET_BINDER, callerUid=10291
[ 2026-10-02T23:43:37.473     1000:  3532:  4752 D/VectorZygiskBridge ] onTransact: action=GET_BINDER, callerUid=10307
[ 2026-10-02T23:43:37.661    10139: 11903: 11903 F/DEBUG           ] Process name is zygote64, uid is 10139, not key_process
[ 2026-10-02T23:43:37.661    10139: 11903: 11903 F/DEBUG           ] keyProcess: 0
[ 2026-10-02T23:43:37.661    10139: 11903: 11903 F/DEBUG           ] *** *** *** *** *** *** *** *** *** *** *** *** *** *** *** ***
[ 2026-10-02T23:43:37.661    10139: 11903: 11903 F/DEBUG           ] Build fingerprint: 'OnePlus/PKG110/OP5D2BL1:16/UKQ1.231108.001/V.1e1c4bc_295f5d_27842a:user/release-keys'
[ 2026-10-02T23:43:37.661    10139: 11903: 11903 F/DEBUG           ] Revision: '0'
[ 2026-10-02T23:43:37.661    10139: 11903: 11903 F/DEBUG           ] ABI: 'arm64'
[ 2026-10-02T23:43:37.661    10139: 11903: 11903 F/DEBUG           ] Timestamp: 2026-10-02 23:43:36.993184626+0800
[ 2026-10-02T23:43:37.661    10139: 11903: 11903 F/DEBUG           ] Process uptime: 2s
[ 2026-10-02T23:43:37.661    10139: 11903: 11903 F/DEBUG           ] Cmdline: zygote64
[ 2026-10-02T23:43:37.661    10139: 11903: 11903 F/DEBUG           ] pid: 11370, tid: 11575, name: .oplus.dmp:main  >>> zygote64 <<<
[ 2026-10-02T23:43:37.661    10139: 11903: 11903 F/DEBUG           ] uid: 10139
[ 2026-10-02T23:43:37.661    10139: 11903: 11903 F/DEBUG           ] tagged_addr_ctrl: 0000000000000001 (PR_TAGGED_ADDR_ENABLE)
[ 2026-10-02T23:43:37.661    10139: 11903: 11903 F/DEBUG           ] pac_enabled_keys: 000000000000000f (PR_PAC_APIAKEY, PR_PAC_APIBKEY, PR_PAC_APDAKEY, PR_PAC_APDBKEY)
[ 2026-10-02T23:43:37.661    10139: 11903: 11903 F/DEBUG           ] signal 11 (SIGSEGV), code 1 (SEGV_MAPERR), fault addr 0x0000007df10560e4
[ 2026-10-02T23:43:37.661    10139: 11903: 11903 F/DEBUG           ]     x0  0000007de7258240  x1  0000007de72581f0  x2  0000007de72581f8  x3  0000000000000000
[ 2026-10-02T23:43:37.661    10139: 11903: 11903 F/DEBUG           ]     x4  b400007dcec2b250  x5  0000000000000004  x6  0000000037353131  x7  7f7f7f7f7f7f7f7f
[ 2026-10-02T23:43:37.661    10139: 11903: 11903 F/DEBUG           ]     x8  0000007ef1b14bbc  x9  f32faaf1365458a5  x10 0000000000000001  x11 00000000ffffffff
[ 2026-10-02T23:43:37.661    10139: 11903: 11903 F/DEBUG           ]     x12 0000000000000027  x13 0000000000000400  x14 0000000000000000  x15 0000000000000020
[ 2026-10-02T23:43:37.661    10139: 11903: 11903 F/DEBUG           ]     x16 0000007e3a438520  x17 0000007df10560c8  x18 0000007de6cc0000  x19 b400007dcec2a958
[ 2026-10-02T23:43:37.661    10139: 11903: 11903 F/DEBUG           ]     x20 b400007dcec2a800  x21 b400007dd4d11a00  x22 0000000000000706  x23 0000000000000001
[ 2026-10-02T23:43:37.661    10139: 11903: 11903 F/DEBUG           ]     x24 0000000000000001  x25 b400007e3ee6d6c0  x26 0000000000104000  x27 b400007e3ee11800
[ 2026-10-02T23:43:37.661    10139: 11903: 11903 F/DEBUG           ]     x28 b400007e3ee29800  x29 0000007de7258290
[ 2026-10-02T23:43:37.661    10139: 11903: 11903 F/DEBUG           ]     lr  0000007e39cd2e68  sp  0000007de7258160  pc  0000007df10560e4  pst 0000000060001000
[ 2026-10-02T23:43:37.661    10139: 11903: 11903 F/DEBUG           ] 7 total frames
[ 2026-10-02T23:43:37.661    10139: 11903: 11903 F/DEBUG           ] backtrace:
[ 2026-10-02T23:43:37.661    10139: 11903: 11903 F/DEBUG           ]       #00 pc 0000007df10560e4  <unknown>
[ 2026-10-02T23:43:37.661    10139: 11903: 11903 F/DEBUG           ]       #01 pc 00000000006d2e64  /apex/com.android.art/lib64/libart.so (art::Thread::Init(art::ThreadList*, art::JavaVMExt*, art::JNIEnvExt*)+208) (BuildId: 462328ce56ccb0b250187a7cc481539a)
[ 2026-10-02T23:43:37.661    10139: 11903: 11903 F/DEBUG           ]       #02 pc 00000000006c9288  /apex/com.android.art/lib64/libart.so (art::Thread::Attach(char const*, bool, _jobject*, bool, bool)+192) (BuildId: 462328ce56ccb0b250187a7cc481539a)
[ 2026-10-02T23:43:37.661    10139: 11903: 11903 F/DEBUG           ]       #03 pc 00000000006c8698  /apex/com.android.art/lib64/libart.so (art::Runtime::AttachCurrentThread(char const*, bool, _jobject*, bool, bool)+100) (BuildId: 462328ce56ccb0b250187a7cc481539a)
[ 2026-10-02T23:43:37.661    10139: 11903: 11903 F/DEBUG           ]       #04 pc 00000000006c8128  /apex/com.android.art/lib64/libart.so (art::ThreadPoolWorker::Callback(void*)+128) (BuildId: 462328ce56ccb0b250187a7cc481539a)
[ 2026-10-02T23:43:37.661    10139: 11903: 11903 F/DEBUG           ]       #05 pc 000000000009a1ac  /apex/com.android.runtime/lib64/bionic/libc.so (__pthread_start(void*)+184) (BuildId: 729ca2eb4fb5ce36e0058b2742c0e097)
[ 2026-10-02T23:43:37.661    10139: 11903: 11903 F/DEBUG           ]       #06 pc 000000000008c9c8  /apex/com.android.runtime/lib64/bionic/libc.so (__start_thread+68) (BuildId: 729ca2eb4fb5ce36e0058b2742c0e097)
[ 2026-10-02T23:43:37.881     1000:  3532:  5803 D/VectorZygiskBridge ] onTransact: action=GET_BINDER, callerUid=10175
[ 2026-10-02T23:43:37.893     1000:  3532:  5503 D/VectorZygiskBridge ] onTransact: action=GET_BINDER, callerUid=1000
[ 2026-10-02T23:43:37.970    10175: 12199: 12199 V/VectorDeopter   ] Skipping deopt for android.app.Instrumentation#newApplication: android.app.Instrumentation.newApplication [class java.lang.ClassLoader, class android.content.Context]
[ 2026-10-02T23:43:37.970    10175: 12199: 12199 V/Vector          ] Loading Vector/Xposed for com.nearme.instant.platform:provider (UID: 10175)
[ 2026-10-02T23:43:37.983    10175: 12199: 12199 V/VectorLegacyBridge ] Loading legacy module io.operit.jumpblocker from /data/app/~~1yuYF3G1Uhg5KeEJNhEhgQ==/io.operit.jumpblocker-HynKuCGpx-8N9bbtlK1Nfw==/base.apk
[ 2026-10-02T23:43:37.987    10175: 12199: 12199 V/VectorLegacyBridge ]   Loading class io.operit.jumpblocker.JumpBlocker
[ 2026-10-02T23:43:38.208     1000:  3532:  5827 D/VectorZygiskBridge ] onTransact: action=GET_BINDER, callerUid=10063
[ 2026-10-02T23:43:38.386    10175: 12199: 12199 I/VectorLegacyBridge ] JumpBlocker: active in com.nearme.instant.platform
[ 2026-10-02T23:43:38.530     1000:  3532:  5087 D/VectorZygiskBridge ] onTransact: action=GET_BINDER, callerUid=10102
[ 2026-10-02T23:43:38.681     1000:  3532:  5835 D/VectorZygiskBridge ] onTransact: action=GET_BINDER, callerUid=10078
[ 2026-10-02T23:43:39.293     1000:  3532:  4417 D/VectorZygiskBridge ] onTransact: action=GET_BINDER, callerUid=10102
[ 2026-10-02T23:43:39.556     1000:  3532:  5754 D/VectorZygiskBridge ] onTransact: action=GET_BINDER, callerUid=10296
[ 2026-10-02T23:43:39.831     1000:  3532:  4865 D/VectorZygiskBridge ] onTransact: action=GET_BINDER, callerUid=10170
[ 2026-10-02T23:43:39.842     1000:  3532:  5086 D/VectorZygiskBridge ] onTransact: action=GET_BINDER, callerUid=10098
[ 2026-10-02T23:43:40.121     1000:  3532:  5808 D/VectorZygiskBridge ] onTransact: action=GET_BINDER, callerUid=10394
[ 2026-10-02T23:43:41.202     1000:  3532:  4430 D/VectorZygiskBridge ] onTransact: action=GET_BINDER, callerUid=10151
[ 2026-10-02T23:43:41.312    10258:  7110:  9439 D/VectorLifecycle ] dispatchPackageReady d1@d367d0d
[ 2026-10-02T23:43:41.712     1000:  3532:  4865 D/VectorZygiskBridge ] onTransact: action=GET_BINDER, callerUid=10258
[ 2026-10-02T23:43:41.777    10258: 13920: 13920 V/VectorDeopter   ] Skipping deopt for android.app.Instrumentation#newApplication: android.app.Instrumentation.newApplication [class java.lang.ClassLoader, class android.content.Context]
[ 2026-10-02T23:43:41.779    10258: 13920: 13920 V/Vector          ] Loading Vector/Xposed for com.google.android.gms.unstable (UID: 10258)
[ 2026-10-02T23:43:41.839     1000:  3532:  5846 D/VectorZygiskBridge ] onTransact: action=GET_BINDER, callerUid=10247
[ 2026-10-02T23:43:42.038    10258: 13920: 13920 D/VectorModuleManager ] Loading module dev.ven11.module
[ 2026-10-02T23:43:42.067     1000:  3532:  5087 D/VectorZygiskBridge ] onTransact: action=GET_BINDER, callerUid=10181
[ 2026-10-02T23:43:42.070    10258: 13920: 13920 V/VectorModuleManager ] Loading class class dev.ven11.module.Ven11Module
[ 2026-10-02T23:43:42.072    10258: 13920: 13920 D/VectorModuleManager ] Loaded module dev.ven11.module successfully.
[ 2026-10-02T23:43:42.210     1000:  3532:  4752 D/VectorZygiskBridge ] onTransact: action=GET_BINDER, callerUid=10262
[ 2026-10-02T23:43:42.546    10258: 13920: 13920 D/VectorLifecycle ] dispatchPackageReady d1@8823941
[ 2026-10-02T23:43:42.768    10258:  7110: 11729 D/VectorLifecycle ] dispatchPackageReady d1@4a21976
[ 2026-10-02T23:43:42.945     1000:  3532:  4754 D/VectorZygiskBridge ] onTransact: action=GET_BINDER, callerUid=10256
[ 2026-10-02T23:43:43.037     1000:  3532:  5503 D/VectorZygiskBridge ] onTransact: action=GET_BINDER, callerUid=10267
[ 2026-10-02T23:43:43.131     1000:  3532:  5841 D/VectorZygiskBridge ] onTransact: action=GET_BINDER, callerUid=10095
[ 2026-10-02T23:43:43.418     1000:  3532:  5827 D/VectorZygiskBridge ] onTransact: action=GET_BINDER, callerUid=10294
[ 2026-10-02T23:43:43.495     1000:  3532:  4749 D/VectorZygiskBridge ] onTransact: action=GET_BINDER, callerUid=10262
[ 2026-10-02T23:43:43.566     1000:  3532:  5827 D/VectorZygiskBridge ] onTransact: action=GET_BINDER, callerUid=1000
[ 2026-10-02T23:43:43.680     1000: 14611: 14611 V/VectorDeopter   ] Skipping deopt for android.app.Instrumentation#newApplication: android.app.Instrumentation.newApplication [class java.lang.ClassLoader, class android.content.Context]
[ 2026-10-02T23:43:43.687     1000: 14611: 14611 V/Vector          ] Loading Vector/Xposed for com.android.settings:background (UID: 1000)
[ 2026-10-02T23:43:43.753        0:  1572:  3588 W/Magisk          ] pkg: no dyn APK, ignore
[ 2026-10-02T23:43:43.756     1000:  3532:  4416 D/VectorZygiskBridge ] onTransact: action=GET_BINDER, callerUid=1000
[ 2026-10-02T23:43:43.788     1000:  3532:  5845 D/VectorZygiskBridge ] onTransact: action=GET_BINDER, callerUid=99910258
[ 2026-10-02T23:43:43.889    10258:  7110: 14638 D/Vector          ] Hooker [dev.ven11.module.hook.util.CallbackHooks$install$2$1] crashed before proceed. Skipping.
java.lang.UnsupportedOperationException
	at java.util.Collections$UnmodifiableList.set(Collections.java:1548)
	at dev.ven11.module.hook.wifi.ClientConnectivityHooks$installRegister$1.intercept$lambda$3$lambda$2(ClientConnectivityHooks.kt:105)
	at dev.ven11.module.hook.wifi.ClientConnectivityHooks$installRegister$1.$r8$lambda$0Abhbetjnsqx3A-eI7HU58hd-9s(Unknown Source:0)
	at dev.ven11.module.hook.wifi.ClientConnectivityHooks$installRegister$1$$ExternalSyntheticLambda0.invoke(D8$$SyntheticClass:0)
	at dev.ven11.module.hook.util.CallbackHooks$install$2$1.intercept(CallbackHooks.kt:75)
	at e2.b(r8-map-id-f87a6aaed69d4b6b5d89bdf829bd4191ff85c921d8c0d71a96bdc2cbb2e9a328:58)
	at e2.proceed(r8-map-id-f87a6aaed69d4b6b5d89bdf829bd4191ff85c921d8c0d71a96bdc2cbb2e9a328:11)
	at c3.callback(r8-map-id-f87a6aaed69d4b6b5d89bdf829bd4191ff85c921d8c0d71a96bdc2cbb2e9a328:106)
	at Vector_.onCapabilitiesChanged(Unknown Source:14)
	at android.net.ConnectivityManager$NetworkCallback.onAvailable(ConnectivityManager.java:4217)
	at android.net.ConnectivityManager$NetworkCallback.onAvailable(ConnectivityManager.java:4182)
	at android.net.ConnectivityManager$CallbackHandler.handleMessage(ConnectivityManager.java:4672)
	at android.os.Handler.dispatchMessage(Handler.java:115)
	at android.os.Looper.loopOnce(Looper.java:298)
	at android.os.Looper.loop(Looper.java:408)
	at android.os.HandlerThread.run(HandlerThread.java:85)
[ 2026-10-02T23:43:43.895    10258:  7110: 14638 D/Vector          ] Hooker [dev.ven11.module.hook.util.CallbackHooks$install$2$1] crashed before proceed. Skipping.
java.lang.UnsupportedOperationException
	at java.util.Collections$UnmodifiableList.set(Collections.java:1548)
	at dev.ven11.module.hook.wifi.ClientConnectivityHooks$installRegister$1.intercept$lambda$3$lambda$2(ClientConnectivityHooks.kt:105)
	at dev.ven11.module.hook.wifi.ClientConnectivityHooks$installRegister$1.$r8$lambda$0Abhbetjnsqx3A-eI7HU58hd-9s(Unknown Source:0)
	at dev.ven11.module.hook.wifi.ClientConnectivityHooks$installRegister$1$$ExternalSyntheticLambda0.invoke(D8$$SyntheticClass:0)
	at dev.ven11.module.hook.util.CallbackHooks$install$2$1.intercept(CallbackHooks.kt:75)
	at e2.b(r8-map-id-f87a6aaed69d4b6b5d89bdf829bd4191ff85c921d8c0d71a96bdc2cbb2e9a328:58)
	at e2.proceed(r8-map-id-f87a6aaed69d4b6b5d89bdf829bd4191ff85c921d8c0d71a96bdc2cbb2e9a328:11)
	at c3.callback(r8-map-id-f87a6aaed69d4b6b5d89bdf829bd4191ff85c921d8c0d71a96bdc2cbb2e9a328:106)
	at Vector_.onCapabilitiesChanged(Unknown Source:14)
	at android.net.ConnectivityManager$NetworkCallback.onAvailable(ConnectivityManager.java:4217)
	at android.net.ConnectivityManager$NetworkCallback.onAvailable(ConnectivityManager.java:4182)
	at android.net.ConnectivityManager$CallbackHandler.handleMessage(ConnectivityManager.java:4672)
	at android.os.Handler.dispatchMessage(Handler.java:115)
	at android.os.Looper.loopOnce(Looper.java:298)
	at android.os.Looper.loop(Looper.java:408)
	at android.os.HandlerThread.run(HandlerThread.java:85)
[ 2026-10-02T23:43:43.897    10258:  7110: 14638 D/Vector          ] Hooker [dev.ven11.module.hook.util.CallbackHooks$install$2$1] crashed before proceed. Skipping.
java.lang.UnsupportedOperationException
	at java.util.Collections$UnmodifiableList.set(Collections.java:1548)
	at dev.ven11.module.hook.wifi.ClientConnectivityHooks$installRegister$1.intercept$lambda$3$lambda$2(ClientConnectivityHooks.kt:105)
	at dev.ven11.module.hook.wifi.ClientConnectivityHooks$installRegister$1.$r8$lambda$0Abhbetjnsqx3A-eI7HU58hd-9s(Unknown Source:0)
	at dev.ven11.module.hook.wifi.ClientConnectivityHooks$installRegister$1$$ExternalSyntheticLambda0.invoke(D8$$SyntheticClass:0)
	at dev.ven11.module.hook.util.CallbackHooks$install$2$1.intercept(CallbackHooks.kt:75)
	at e2.b(r8-map-id-f87a6aaed69d4b6b5d89bdf829bd4191ff85c921d8c0d71a96bdc2cbb2e9a328:58)
	at e2.proceed(r8-map-id-f87a6aaed69d4b6b5d89bdf829bd4191ff85c921d8c0d71a96bdc2cbb2e9a328:11)
	at c3.callback(r8-map-id-f87a6aaed69d4b6b5d89bdf829bd4191ff85c921d8c0d71a96bdc2cbb2e9a328:106)
	at Vector_.onCapabilitiesChanged(Unknown Source:14)
	at android.net.ConnectivityManager$NetworkCallback.onAvailable(ConnectivityManager.java:4217)
	at android.net.ConnectivityManager$NetworkCallback.onAvailable(ConnectivityManager.java:4182)
	at android.net.ConnectivityManager$CallbackHandler.handleMessage(ConnectivityManager.java:4672)
	at android.os.Handler.dispatchMessage(Handler.java:115)
	at android.os.Looper.loopOnce(Looper.java:298)
	at android.os.Looper.loop(Looper.java:408)
	at android.os.HandlerThread.run(HandlerThread.java:85)
[ 2026-10-02T23:43:43.938     1000: 14611: 14611 D/VectorModuleManager ] Loading module dev.ven11.module
[ 2026-10-02T23:43:44.004     1000:  3532:  5799 D/VectorZygiskBridge ] onTransact: action=GET_BINDER, callerUid=10063
[ 2026-10-02T23:43:44.164     1000: 14611: 14611 V/VectorModuleManager ] Loading class class dev.ven11.module.Ven11Module
[ 2026-10-02T23:43:44.199     1000:  3532:  5827 D/VectorZygiskBridge ] onTransact: action=GET_BINDER, callerUid=10284
[ 2026-10-02T23:43:44.203     1000: 14611: 14611 D/VectorModuleManager ] Loaded module dev.ven11.module successfully.
[ 2026-10-02T23:43:44.205     1000:  3532:  5087 D/VectorZygiskBridge ] onTransact: action=GET_BINDER, callerUid=1000
[ 2026-10-02T23:43:44.256     1000:  3532:  5704 D/VectorZygiskBridge ] onTransact: action=GET_BINDER, callerUid=10307
[ 2026-10-02T23:43:44.382        0:  1572:  3587 W/Magisk          ] pkg: no dyn APK, ignore
[ 2026-10-02T23:43:44.471     1000:  3532:  5803 D/VectorZygiskBridge ] onTransact: action=GET_BINDER, callerUid=2000
[ 2026-10-02T23:43:44.474     1000:  3532:  5808 D/VectorZygiskBridge ] onTransact: action=GET_BINDER, callerUid=99901000
[ 2026-10-02T23:43:44.488     1000: 14611: 14611 D/VectorLifecycle ] dispatchPackageReady d1@8a94a7
[ 2026-10-02T23:43:44.533    10258:  7110:  9281 D/Vector          ] Hooker [dev.ven11.module.hook.util.CallbackHooks$install$2$1] crashed before proceed. Skipping.
java.lang.UnsupportedOperationException
	at java.util.Collections$UnmodifiableList.set(Collections.java:1548)
	at dev.ven11.module.hook.wifi.ClientConnectivityHooks$installRegister$1.intercept$lambda$3$lambda$2(ClientConnectivityHooks.kt:105)
	at dev.ven11.module.hook.wifi.ClientConnectivityHooks$installRegister$1.$r8$lambda$0Abhbetjnsqx3A-eI7HU58hd-9s(Unknown Source:0)
	at dev.ven11.module.hook.wifi.ClientConnectivityHooks$installRegister$1$$ExternalSyntheticLambda0.invoke(D8$$SyntheticClass:0)
	at dev.ven11.module.hook.util.CallbackHooks$install$2$1.intercept(CallbackHooks.kt:75)
	at e2.b(r8-map-id-f87a6aaed69d4b6b5d89bdf829bd4191ff85c921d8c0d71a96bdc2cbb2e9a328:58)
	at e2.proceed(r8-map-id-f87a6aaed69d4b6b5d89bdf829bd4191ff85c921d8c0d71a96bdc2cbb2e9a328:11)
	at c3.callback(r8-map-id-f87a6aaed69d4b6b5d89bdf829bd4191ff85c921d8c0d71a96bdc2cbb2e9a328:106)
	at Vector_.onCapabilitiesChanged(Unknown Source:14)
	at android.net.ConnectivityManager$NetworkCallback.onAvailable(ConnectivityManager.java:4217)
	at android.net.ConnectivityManager$NetworkCallback.onAvailable(ConnectivityManager.java:4182)
	at android.net.ConnectivityManager$CallbackHandler.handleMessage(ConnectivityManager.java:4672)
	at android.os.Handler.dispatchMessage(Handler.java:115)
	at android.os.Looper.loopOnce(Looper.java:298)
	at android.os.Looper.loop(Looper.java:408)
	at android.os.HandlerThread.run(HandlerThread.java:85)
[ 2026-10-02T23:43:44.533    10258:  7110:  9281 D/Vector          ] Hooker [dev.ven11.module.hook.util.CallbackHooks$install$2$1] crashed before proceed. Skipping.
java.lang.UnsupportedOperationException
	at java.util.Collections$UnmodifiableList.set(Collections.java:1548)
	at dev.ven11.module.hook.wifi.ClientConnectivityHooks$installRegister$1.intercept$lambda$3$lambda$2(ClientConnectivityHooks.kt:105)
	at dev.ven11.module.hook.wifi.ClientConnectivityHooks$installRegister$1.$r8$lambda$0Abhbetjnsqx3A-eI7HU58hd-9s(Unknown Source:0)
	at dev.ven11.module.hook.wifi.ClientConnectivityHooks$installRegister$1$$ExternalSyntheticLambda0.invoke(D8$$SyntheticClass:0)
	at dev.ven11.module.hook.util.CallbackHooks$install$2$1.intercept(CallbackHooks.kt:75)
	at e2.b(r8-map-id-f87a6aaed69d4b6b5d89bdf829bd4191ff85c921d8c0d71a96bdc2cbb2e9a328:58)
	at e2.proceed(r8-map-id-f87a6aaed69d4b6b5d89bdf829bd4191ff85c921d8c0d71a96bdc2cbb2e9a328:11)
	at c3.callback(r8-map-id-f87a6aaed69d4b6b5d89bdf829bd4191ff85c921d8c0d71a96bdc2cbb2e9a328:106)
	at Vector_.onCapabilitiesChanged(Unknown Source:14)
	at android.net.ConnectivityManager$NetworkCallback.onAvailable(ConnectivityManager.java:4217)
	at android.net.ConnectivityManager$NetworkCallback.onAvailable(ConnectivityManager.java:4182)
	at android.net.ConnectivityManager$CallbackHandler.handleMessage(ConnectivityManager.java:4672)
	at android.os.Handler.dispatchMessage(Handler.java:115)
	at android.os.Looper.loopOnce(Looper.java:298)
	at android.os.Looper.loop(Looper.java:408)
	at android.os.HandlerThread.run(HandlerThread.java:85)
[ 2026-10-02T23:43:44.838     1000:  3532:  5436 D/VectorZygiskBridge ] onTransact: action=GET_BINDER, callerUid=10166
[ 2026-10-02T23:43:45.040    10258:  7110:  9281 D/Vector          ] Hooker [dev.ven11.module.hook.util.CallbackHooks$install$2$1] crashed before proceed. Skipping.
java.lang.UnsupportedOperationException
	at java.util.Collections$UnmodifiableList.set(Collections.java:1548)
	at dev.ven11.module.hook.wifi.ClientConnectivityHooks$installRegister$1.intercept$lambda$3$lambda$2(ClientConnectivityHooks.kt:105)
	at dev.ven11.module.hook.wifi.ClientConnectivityHooks$installRegister$1.$r8$lambda$0Abhbetjnsqx3A-eI7HU58hd-9s(Unknown Source:0)
	at dev.ven11.module.hook.wifi.ClientConnectivityHooks$installRegister$1$$ExternalSyntheticLambda0.invoke(D8$$SyntheticClass:0)
	at dev.ven11.module.hook.util.CallbackHooks$install$2$1.intercept(CallbackHooks.kt:75)
	at e2.b(r8-map-id-f87a6aaed69d4b6b5d89bdf829bd4191ff85c921d8c0d71a96bdc2cbb2e9a328:58)
	at e2.proceed(r8-map-id-f87a6aaed69d4b6b5d89bdf829bd4191ff85c921d8c0d71a96bdc2cbb2e9a328:11)
	at c3.callback(r8-map-id-f87a6aaed69d4b6b5d89bdf829bd4191ff85c921d8c0d71a96bdc2cbb2e9a328:106)
	at Vector_.onCapabilitiesChanged(Unknown Source:14)
	at android.net.ConnectivityManager$NetworkCallback.onAvailable(ConnectivityManager.java:4217)
	at android.net.ConnectivityManager$NetworkCallback.onAvailable(ConnectivityManager.java:4182)
	at android.net.ConnectivityManager$CallbackHandler.handleMessage(ConnectivityManager.java:4672)
	at android.os.Handler.dispatchMessage(Handler.java:115)
	at android.os.Looper.loopOnce(Looper.java:298)
	at android.os.Looper.loop(Looper.java:408)
	at android.os.HandlerThread.run(HandlerThread.java:85)
[ 2026-10-02T23:43:45.052     1000:  3532:  5827 D/VectorZygiskBridge ] onTransact: action=GET_BINDER, callerUid=10301
[ 2026-10-02T23:43:45.413        0:  3404:  3555 I/app_process     ] gc_priority_optimize set UX fail-3
[ 2026-10-02T23:43:45.414        0:  3404:  3555 I/app_process     ] gc_priority_optimize set UX fail-3
[ 2026-10-02T23:43:45.460        0:  3404:  3555 I/app_process     ] gc_priority_optimize set UX fail-3
[ 2026-10-02T23:43:45.461        0:  3404:  3555 I/app_process     ] gc_priority_optimize set UX fail-3
[ 2026-10-02T23:43:45.471        0:  3404:  3555 I/app_process     ] gc_priority_optimize set UX fail-3
[ 2026-10-02T23:43:45.472        0:  3404:  3555 I/app_process     ] gc_priority_optimize set UX fail-3
[ 2026-10-02T23:43:45.477        0:  3404:  3555 I/app_process     ] gc_priority_optimize set UX fail-1
[ 2026-10-02T23:43:45.481        0:  3404:  3555 I/app_process     ] gc_priority_optimize set UX fail-1
[ 2026-10-02T23:43:45.495     1000:  3532:  4754 D/VectorZygiskBridge ] onTransact: action=GET_BINDER, callerUid=10186
[ 2026-10-02T23:43:45.518        0:  3404:  3557 W/System          ] A resource was acquired at attached stack trace but never released. See java.io.Closeable for information on avoiding resource leaks.
[ 2026-10-02T23:43:45.519        0:  3404:  3557 W/System          ] java.lang.Throwable: Explicit termination method 'close' not called
	at dalvik.system.CloseGuard.openWithCallSite(CloseGuard.java:288)
	at dalvik.system.CloseGuard.open(CloseGuard.java:257)
	at sun.nio.ch.FileChannelImpl.<init>(FileChannelImpl.java:115)
	at sun.nio.ch.FileChannelImpl.open(FileChannelImpl.java:125)
	at sun.nio.fs.UnixChannelFactory.newFileChannel(UnixChannelFactory.java:137)
	at sun.nio.fs.UnixChannelFactory.newFileChannel(UnixChannelFactory.java:151)
	at sun.nio.fs.UnixFileSystemProvider.newFileChannel(UnixFileSystemProvider.java:181)
	at java.nio.channels.FileChannel.open(FileChannel.java:292)
	at org.matrix.vector.daemon.VectorDaemon.main(r8-map-id-a0ba2af9ea62f6dd06c97dd6bd830c9cb1bf7c5847fb9fa894f80054d3e82450:41)
	at com.android.internal.os.RuntimeInit.nativeFinishInit(Native Method)
	at com.android.internal.os.RuntimeInit.main(RuntimeInit.java:391)
[ 2026-10-02T23:43:45.592     1000:  3532:  4000 D/VectorLifecycle ] dispatchPackageReady d1@a6b9030
[ 2026-10-02T23:43:45.592     1000:  3532:  4000 D/VectorLifecycle ] dispatchPackageReady d1@a6b9030
[ 2026-10-02T23:43:45.592     1000:  3532:  4000 D/VectorLifecycle ] dispatchPackageReady d1@a6b9030
[ 2026-10-02T23:43:45.705     1000:  3532:  5725 D/VectorZygiskBridge ] onTransact: action=GET_BINDER, callerUid=10264
[ 2026-10-02T23:43:45.807     1000:  3532:  5799 D/VectorZygiskBridge ] onTransact: action=GET_BINDER, callerUid=10301
[ 2026-10-02T23:43:45.980     1000:  3532:  5725 D/VectorZygiskBridge ] onTransact: action=GET_BINDER, callerUid=10139
[ 2026-10-02T23:43:46.078     1000:  3532:  5810 D/VectorZygiskBridge ] onTransact: action=GET_BINDER, callerUid=10300
[ 2026-10-02T23:43:46.289     1000:  3532:  5086 D/VectorZygiskBridge ] onTransact: action=GET_BINDER, callerUid=1000
[ 2026-10-02T23:43:46.733     1000:  3532:  5552 D/VectorZygiskBridge ] onTransact: action=GET_BINDER, callerUid=10203
[ 2026-10-02T23:43:46.822     1000:  3532:  5087 D/VectorZygiskBridge ] onTransact: action=GET_BINDER, callerUid=10127
[ 2026-10-02T23:43:47.217     1000:  3532:  5503 D/VectorZygiskBridge ] onTransact: action=GET_BINDER, callerUid=10093
[ 2026-10-02T23:43:47.301     1000:  3532:  5503 D/VectorZygiskBridge ] onTransact: action=GET_BINDER, callerUid=10202
[ 2026-10-02T23:43:47.460     1000:  3532:  5725 D/VectorZygiskBridge ] onTransact: action=GET_BINDER, callerUid=10324
[ 2026-10-02T23:43:47.641     1000:  3532:  5799 D/VectorZygiskBridge ] onTransact: action=GET_BINDER, callerUid=10395
[ 2026-10-02T23:43:47.679    10395: 16077: 16077 V/VectorDeopter   ] Skipping deopt for android.app.Instrumentation#newApplication: android.app.Instrumentation.newApplication [class java.lang.ClassLoader, class android.content.Context]
[ 2026-10-02T23:43:47.679    10395: 16077: 16077 V/Vector          ] Loading Vector/Xposed for com.tencent.mm (UID: 10395)
[ 2026-10-02T23:43:47.746    10395: 16077: 16077 D/VectorModuleManager ] Loading module dev.ven11.module
[ 2026-10-02T23:43:47.759        0:  1572:  7344 W/Magisk          ] pkg: no dyn APK, ignore
[ 2026-10-02T23:43:47.782     1000:  3532:  5835 D/VectorZygiskBridge ] onTransact: action=GET_BINDER, callerUid=99910284
[ 2026-10-02T23:43:47.797    10395: 16077: 16077 V/VectorModuleManager ] Loading class class dev.ven11.module.Ven11Module
[ 2026-10-02T23:43:47.801    10395: 16077: 16077 D/VectorModuleManager ] Loaded module dev.ven11.module successfully.
[ 2026-10-02T23:43:47.914     1000:  3532:  5704 D/VectorZygiskBridge ] onTransact: action=GET_BINDER, callerUid=10067
[ 2026-10-02T23:43:48.131    10395: 16077: 16077 D/VectorLifecycle ] dispatchPackageReady d1@4d8ac27
[ 2026-10-02T23:43:48.148     1000:  3532:  5813 D/VectorZygiskBridge ] onTransact: action=GET_BINDER, callerUid=10149
[ 2026-10-02T23:43:48.176     1000:  3532:  4749 D/VectorZygiskBridge ] onTransact: action=GET_BINDER, callerUid=1000
[ 2026-10-02T23:43:48.278     1000:  3532:  4754 D/VectorZygiskBridge ] onTransact: action=GET_BINDER, callerUid=1000
[ 2026-10-02T23:43:48.377     1000:  3532:  4754 D/VectorZygiskBridge ] onTransact: action=GET_BINDER, callerUid=10296
[ 2026-10-02T23:43:48.999     1000:  3532:  5813 D/VectorZygiskBridge ] onTransact: action=GET_BINDER, callerUid=10299
[ 2026-10-02T23:43:49.061     1000:  3532:  4749 D/VectorZygiskBridge ] onTransact: action=GET_BINDER, callerUid=10345
[ 2026-10-02T23:43:49.232    10258: 13920: 14486 D/VectorLifecycle ] dispatchPackageReady d1@7c5dc47
[ 2026-10-02T23:43:49.292    10258: 13920: 16547 D/Vector          ] Hooker [dev.ven11.module.hook.util.CallbackHooks$install$2$1] crashed before proceed. Skipping.
java.lang.UnsupportedOperationException
	at java.util.Collections$UnmodifiableList.set(Collections.java:1548)
	at dev.ven11.module.hook.wifi.ClientConnectivityHooks$installRegister$1.intercept$lambda$3$lambda$2(ClientConnectivityHooks.kt:105)
	at dev.ven11.module.hook.wifi.ClientConnectivityHooks$installRegister$1.$r8$lambda$0Abhbetjnsqx3A-eI7HU58hd-9s(Unknown Source:0)
	at dev.ven11.module.hook.wifi.ClientConnectivityHooks$installRegister$1$$ExternalSyntheticLambda0.invoke(D8$$SyntheticClass:0)
	at dev.ven11.module.hook.util.CallbackHooks$install$2$1.intercept(CallbackHooks.kt:75)
	at e2.b(r8-map-id-f87a6aaed69d4b6b5d89bdf829bd4191ff85c921d8c0d71a96bdc2cbb2e9a328:58)
	at e2.proceed(r8-map-id-f87a6aaed69d4b6b5d89bdf829bd4191ff85c921d8c0d71a96bdc2cbb2e9a328:11)
	at c3.callback(r8-map-id-f87a6aaed69d4b6b5d89bdf829bd4191ff85c921d8c0d71a96bdc2cbb2e9a328:106)
	at Vector_.onCapabilitiesChanged(Unknown Source:14)
	at android.net.ConnectivityManager$NetworkCallback.onAvailable(ConnectivityManager.java:4217)
	at android.net.ConnectivityManager$NetworkCallback.onAvailable(ConnectivityManager.java:4182)
	at android.net.ConnectivityManager$CallbackHandler.handleMessage(ConnectivityManager.java:4672)
	at android.os.Handler.dispatchMessage(Handler.java:115)
	at android.os.Looper.loopOnce(Looper.java:298)
	at android.os.Looper.loop(Looper.java:408)
	at android.os.HandlerThread.run(HandlerThread.java:85)
[ 2026-10-02T23:43:49.294    10258: 13920: 16547 D/Vector          ] Hooker [dev.ven11.module.hook.util.CallbackHooks$install$2$1] crashed before proceed. Skipping.
java.lang.UnsupportedOperationException
	at java.util.Collections$UnmodifiableList.set(Collections.java:1548)
	at dev.ven11.module.hook.wifi.ClientConnectivityHooks$installRegister$1.intercept$lambda$3$lambda$2(ClientConnectivityHooks.kt:105)
	at dev.ven11.module.hook.wifi.ClientConnectivityHooks$installRegister$1.$r8$lambda$0Abhbetjnsqx3A-eI7HU58hd-9s(Unknown Source:0)
	at dev.ven11.module.hook.wifi.ClientConnectivityHooks$installRegister$1$$ExternalSyntheticLambda0.invoke(D8$$SyntheticClass:0)
	at dev.ven11.module.hook.util.CallbackHooks$install$2$1.intercept(CallbackHooks.kt:75)
	at e2.b(r8-map-id-f87a6aaed69d4b6b5d89bdf829bd4191ff85c921d8c0d71a96bdc2cbb2e9a328:58)
	at e2.proceed(r8-map-id-f87a6aaed69d4b6b5d89bdf829bd4191ff85c921d8c0d71a96bdc2cbb2e9a328:11)
	at c3.callback(r8-map-id-f87a6aaed69d4b6b5d89bdf829bd4191ff85c921d8c0d71a96bdc2cbb2e9a328:106)
	at Vector_.onCapabilitiesChanged(Unknown Source:14)
	at android.net.ConnectivityManager$NetworkCallback.onAvailable(ConnectivityManager.java:4217)
	at android.net.ConnectivityManager$NetworkCallback.onAvailable(ConnectivityManager.java:4182)
	at android.net.ConnectivityManager$CallbackHandler.handleMessage(ConnectivityManager.java:4672)
	at android.os.Handler.dispatchMessage(Handler.java:115)
	at android.os.Looper.loopOnce(Looper.java:298)
	at android.os.Looper.loop(Looper.java:408)
	at android.os.HandlerThread.run(HandlerThread.java:85)
[ 2026-10-02T23:43:49.294    10258: 13920: 16547 D/Vector          ] Hooker [dev.ven11.module.hook.util.CallbackHooks$install$2$1] crashed before proceed. Skipping.
java.lang.UnsupportedOperationException
	at java.util.Collections$UnmodifiableList.set(Collections.java:1548)
	at dev.ven11.module.hook.wifi.ClientConnectivityHooks$installRegister$1.intercept$lambda$3$lambda$2(ClientConnectivityHooks.kt:105)
	at dev.ven11.module.hook.wifi.ClientConnectivityHooks$installRegister$1.$r8$lambda$0Abhbetjnsqx3A-eI7HU58hd-9s(Unknown Source:0)
	at dev.ven11.module.hook.wifi.ClientConnectivityHooks$installRegister$1$$ExternalSyntheticLambda0.invoke(D8$$SyntheticClass:0)
	at dev.ven11.module.hook.util.CallbackHooks$install$2$1.intercept(CallbackHooks.kt:75)
	at e2.b(r8-map-id-f87a6aaed69d4b6b5d89bdf829bd4191ff85c921d8c0d71a96bdc2cbb2e9a328:58)
	at e2.proceed(r8-map-id-f87a6aaed69d4b6b5d89bdf829bd4191ff85c921d8c0d71a96bdc2cbb2e9a328:11)
	at c3.callback(r8-map-id-f87a6aaed69d4b6b5d89bdf829bd4191ff85c921d8c0d71a96bdc2cbb2e9a328:106)
	at Vector_.onCapabilitiesChanged(Unknown Source:14)
	at android.net.ConnectivityManager$NetworkCallback.onAvailable(ConnectivityManager.java:4217)
	at android.net.ConnectivityManager$NetworkCallback.onAvailable(ConnectivityManager.java:4182)
	at android.net.ConnectivityManager$CallbackHandler.handleMessage(ConnectivityManager.java:4672)
	at android.os.Handler.dispatchMessage(Handler.java:115)
	at android.os.Looper.loopOnce(Looper.java:298)
	at android.os.Looper.loop(Looper.java:408)
	at android.os.HandlerThread.run(HandlerThread.java:85)
[ 2026-10-02T23:43:49.380    10258: 13920: 16587 D/Vector          ] Hooker [dev.ven11.module.hook.util.CallbackHooks$install$2$1] crashed before proceed. Skipping.
java.lang.UnsupportedOperationException
	at java.util.Collections$UnmodifiableList.set(Collections.java:1548)
	at dev.ven11.module.hook.wifi.ClientConnectivityHooks$installRegister$1.intercept$lambda$3$lambda$2(ClientConnectivityHooks.kt:105)
	at dev.ven11.module.hook.wifi.ClientConnectivityHooks$installRegister$1.$r8$lambda$0Abhbetjnsqx3A-eI7HU58hd-9s(Unknown Source:0)
	at dev.ven11.module.hook.wifi.ClientConnectivityHooks$installRegister$1$$ExternalSyntheticLambda0.invoke(D8$$SyntheticClass:0)
	at dev.ven11.module.hook.util.CallbackHooks$install$2$1.intercept(CallbackHooks.kt:75)
	at e2.b(r8-map-id-f87a6aaed69d4b6b5d89bdf829bd4191ff85c921d8c0d71a96bdc2cbb2e9a328:58)
	at e2.proceed(r8-map-id-f87a6aaed69d4b6b5d89bdf829bd4191ff85c921d8c0d71a96bdc2cbb2e9a328:11)
	at c3.callback(r8-map-id-f87a6aaed69d4b6b5d89bdf829bd4191ff85c921d8c0d71a96bdc2cbb2e9a328:106)
	at Vector_.onCapabilitiesChanged(Unknown Source:14)
	at android.net.ConnectivityManager$NetworkCallback.onAvailable(ConnectivityManager.java:4217)
	at android.net.ConnectivityManager$NetworkCallback.onAvailable(ConnectivityManager.java:4182)
	at android.net.ConnectivityManager$CallbackHandler.handleMessage(ConnectivityManager.java:4672)
	at android.os.Handler.dispatchMessage(Handler.java:115)
	at android.os.Looper.loopOnce(Looper.java:298)
	at android.os.Looper.loop(Looper.java:408)
	at android.os.HandlerThread.run(HandlerThread.java:85)
[ 2026-10-02T23:43:49.872    10395: 16077: 16505 D/Vector          ] Hooker [dev.ven11.module.hook.util.CallbackHooks$install$2$1] crashed before proceed. Skipping.
java.lang.UnsupportedOperationException
	at java.util.Collections$UnmodifiableList.set(Collections.java:1548)
	at dev.ven11.module.hook.wifi.ClientConnectivityHooks$installRegister$1.intercept$lambda$3$lambda$2(ClientConnectivityHooks.kt:105)
	at dev.ven11.module.hook.wifi.ClientConnectivityHooks$installRegister$1.$r8$lambda$0Abhbetjnsqx3A-eI7HU58hd-9s(Unknown Source:0)
	at dev.ven11.module.hook.wifi.ClientConnectivityHooks$installRegister$1$$ExternalSyntheticLambda0.invoke(D8$$SyntheticClass:0)
	at dev.ven11.module.hook.util.CallbackHooks$install$2$1.intercept(CallbackHooks.kt:75)
	at e2.b(r8-map-id-f87a6aaed69d4b6b5d89bdf829bd4191ff85c921d8c0d71a96bdc2cbb2e9a328:58)
	at e2.proceed(r8-map-id-f87a6aaed69d4b6b5d89bdf829bd4191ff85c921d8c0d71a96bdc2cbb2e9a328:11)
	at c3.callback(r8-map-id-f87a6aaed69d4b6b5d89bdf829bd4191ff85c921d8c0d71a96bdc2cbb2e9a328:106)
	at Vector_.onCapabilitiesChanged(Unknown Source:14)
	at android.net.ConnectivityManager$NetworkCallback.onAvailable(ConnectivityManager.java:4217)
	at android.net.ConnectivityManager$NetworkCallback.onAvailable(ConnectivityManager.java:4182)
	at android.net.ConnectivityManager$CallbackHandler.handleMessage(ConnectivityManager.java:4672)
	at android.os.Handler.dispatchMessage(Handler.java:115)
	at android.os.Looper.loopOnce(Looper.java:298)
	at android.os.Looper.loop(Looper.java:408)
	at android.os.HandlerThread.run(HandlerThread.java:85)
[ 2026-10-02T23:43:49.909    10395: 16077: 16505 D/Vector          ] Hooker [dev.ven11.module.hook.util.CallbackHooks$install$2$1] crashed before proceed. Skipping.
java.lang.UnsupportedOperationException
	at java.util.Collections$UnmodifiableList.set(Collections.java:1548)
	at dev.ven11.module.hook.wifi.ClientConnectivityHooks$installRegister$1.intercept$lambda$3$lambda$2(ClientConnectivityHooks.kt:105)
	at dev.ven11.module.hook.wifi.ClientConnectivityHooks$installRegister$1.$r8$lambda$0Abhbetjnsqx3A-eI7HU58hd-9s(Unknown Source:0)
	at dev.ven11.module.hook.wifi.ClientConnectivityHooks$installRegister$1$$ExternalSyntheticLambda0.invoke(D8$$SyntheticClass:0)
	at dev.ven11.module.hook.util.CallbackHooks$install$2$1.intercept(CallbackHooks.kt:75)
	at e2.b(r8-map-id-f87a6aaed69d4b6b5d89bdf829bd4191ff85c921d8c0d71a96bdc2cbb2e9a328:58)
	at e2.proceed(r8-map-id-f87a6aaed69d4b6b5d89bdf829bd4191ff85c921d8c0d71a96bdc2cbb2e9a328:11)
	at c3.callback(r8-map-id-f87a6aaed69d4b6b5d89bdf829bd4191ff85c921d8c0d71a96bdc2cbb2e9a328:106)
	at Vector_.onCapabilitiesChanged(Unknown Source:14)
	at android.net.ConnectivityManager$NetworkCallback.onAvailable(ConnectivityManager.java:4217)
	at android.net.ConnectivityManager$NetworkCallback.onAvailable(ConnectivityManager.java:4182)
	at android.net.ConnectivityManager$CallbackHandler.handleMessage(ConnectivityManager.java:4672)
	at android.os.Handler.dispatchMessage(Handler.java:115)
	at android.os.Looper.loopOnce(Looper.java:298)
	at android.os.Looper.loop(Looper.java:408)
	at android.os.HandlerThread.run(HandlerThread.java:85)
[ 2026-10-02T23:43:49.926    10395: 16077: 16505 D/Vector          ] Hooker [dev.ven11.module.hook.util.CallbackHooks$install$2$1] crashed before proceed. Skipping.
java.lang.UnsupportedOperationException
	at java.util.Collections$UnmodifiableList.set(Collections.java:1548)
	at dev.ven11.module.hook.wifi.ClientConnectivityHooks$installRegister$1.intercept$lambda$3$lambda$2(ClientConnectivityHooks.kt:105)
	at dev.ven11.module.hook.wifi.ClientConnectivityHooks$installRegister$1.$r8$lambda$0Abhbetjnsqx3A-eI7HU58hd-9s(Unknown Source:0)
	at dev.ven11.module.hook.wifi.ClientConnectivityHooks$installRegister$1$$ExternalSyntheticLambda0.invoke(D8$$SyntheticClass:0)
	at dev.ven11.module.hook.util.CallbackHooks$install$2$1.intercept(CallbackHooks.kt:75)
	at e2.b(r8-map-id-f87a6aaed69d4b6b5d89bdf829bd4191ff85c921d8c0d71a96bdc2cbb2e9a328:58)
	at e2.proceed(r8-map-id-f87a6aaed69d4b6b5d89bdf829bd4191ff85c921d8c0d71a96bdc2cbb2e9a328:11)
	at c3.callback(r8-map-id-f87a6aaed69d4b6b5d89bdf829bd4191ff85c921d8c0d71a96bdc2cbb2e9a328:106)
	at Vector_.onCapabilitiesChanged(Unknown Source:14)
	at android.net.ConnectivityManager$NetworkCallback.onAvailable(ConnectivityManager.java:4217)
	at android.net.ConnectivityManager$NetworkCallback.onAvailable(ConnectivityManager.java:4182)
	at android.net.ConnectivityManager$CallbackHandler.handleMessage(ConnectivityManager.java:4672)
	at android.os.Handler.dispatchMessage(Handler.java:115)
	at android.os.Looper.loopOnce(Looper.java:298)
	at android.os.Looper.loop(Looper.java:408)
	at android.os.HandlerThread.run(HandlerThread.java:85)
[ 2026-10-02T23:43:50.372     1000:  3532:  4749 D/VectorZygiskBridge ] onTransact: action=GET_BINDER, callerUid=10118
[ 2026-10-02T23:43:50.558     1000:  3532:  4865 D/VectorZygiskBridge ] onTransact: action=GET_BINDER, callerUid=10173
[ 2026-10-02T23:43:50.755     1000:  3532:  4430 D/VectorZygiskBridge ] onTransact: action=GET_BINDER, callerUid=10173
[ 2026-10-02T23:43:51.659     1000:  3532:  5845 D/VectorZygiskBridge ] onTransact: action=GET_BINDER, callerUid=10395
[ 2026-10-02T23:43:51.686     1000:  3532:  5845 D/VectorZygiskBridge ] onTransact: action=GET_BINDER, callerUid=10395
[ 2026-10-02T23:43:51.706    10395: 17038: 17038 V/VectorDeopter   ] Skipping deopt for android.app.Instrumentation#newApplication: android.app.Instrumentation.newApplication [class java.lang.ClassLoader, class android.content.Context]
[ 2026-10-02T23:43:51.706    10395: 17038: 17038 V/Vector          ] Loading Vector/Xposed for com.tencent.mm:appbrand0 (UID: 10395)
[ 2026-10-02T23:43:51.739    10395: 17041: 17041 V/VectorDeopter   ] Skipping deopt for android.app.Instrumentation#newApplication: android.app.Instrumentation.newApplication [class java.lang.ClassLoader, class android.content.Context]
[ 2026-10-02T23:43:51.740    10395: 17041: 17041 V/Vector          ] Loading Vector/Xposed for com.tencent.mm:push (UID: 10395)
[ 2026-10-02T23:43:51.747    10395: 17038: 17038 D/VectorModuleManager ] Loading module dev.ven11.module
[ 2026-10-02T23:43:51.771    10395: 17038: 17038 V/VectorModuleManager ] Loading class class dev.ven11.module.Ven11Module
[ 2026-10-02T23:43:51.773    10395: 17038: 17038 D/VectorModuleManager ] Loaded module dev.ven11.module successfully.
[ 2026-10-02T23:43:51.779    10395: 17041: 17041 D/VectorModuleManager ] Loading module dev.ven11.module
[ 2026-10-02T23:43:51.793    10395: 17041: 17041 V/VectorModuleManager ] Loading class class dev.ven11.module.Ven11Module
[ 2026-10-02T23:43:51.794    10395: 17041: 17041 D/VectorModuleManager ] Loaded module dev.ven11.module successfully.
[ 2026-10-02T23:43:51.915    10395: 17038: 17038 D/VectorLifecycle ] dispatchPackageReady d1@4d8ac27
[ 2026-10-02T23:43:51.935    10395: 17041: 17041 D/VectorLifecycle ] dispatchPackageReady d1@4d8ac27
[ 2026-10-02T23:43:51.977    10395: 16077: 16953 D/Vector          ] Hooker [dev.ven11.module.hook.util.CallbackHooks$install$2$1] crashed before proceed. Skipping.
java.lang.UnsupportedOperationException
	at java.util.Collections$UnmodifiableList.set(Collections.java:1548)
	at dev.ven11.module.hook.wifi.ClientConnectivityHooks$installRegister$1.intercept$lambda$3$lambda$2(ClientConnectivityHooks.kt:105)
	at dev.ven11.module.hook.wifi.ClientConnectivityHooks$installRegister$1.$r8$lambda$0Abhbetjnsqx3A-eI7HU58hd-9s(Unknown Source:0)
	at dev.ven11.module.hook.wifi.ClientConnectivityHooks$installRegister$1$$ExternalSyntheticLambda0.invoke(D8$$SyntheticClass:0)
	at dev.ven11.module.hook.util.CallbackHooks$install$2$1.intercept(CallbackHooks.kt:75)
	at e2.b(r8-map-id-f87a6aaed69d4b6b5d89bdf829bd4191ff85c921d8c0d71a96bdc2cbb2e9a328:58)
	at e2.proceed(r8-map-id-f87a6aaed69d4b6b5d89bdf829bd4191ff85c921d8c0d71a96bdc2cbb2e9a328:11)
	at c3.callback(r8-map-id-f87a6aaed69d4b6b5d89bdf829bd4191ff85c921d8c0d71a96bdc2cbb2e9a328:106)
	at Vector_.onCapabilitiesChanged(Unknown Source:14)
	at android.net.ConnectivityManager$NetworkCallback.onAvailable(ConnectivityManager.java:4217)
	at android.net.ConnectivityManager$NetworkCallback.onAvailable(ConnectivityManager.java:4182)
	at android.net.ConnectivityManager$CallbackHandler.handleMessage(ConnectivityManager.java:4672)
	at android.os.Handler.dispatchMessage(Handler.java:115)
	at android.os.Looper.loopOnce(Looper.java:298)
	at android.os.Looper.loop(Looper.java:408)
	at android.os.HandlerThread.run(HandlerThread.java:85)
[ 2026-10-02T23:43:52.286    10395: 17038: 17165 D/Vector          ] Hooker [dev.ven11.module.hook.util.CallbackHooks$install$2$1] crashed before proceed. Skipping.
java.lang.UnsupportedOperationException
	at java.util.Collections$UnmodifiableList.set(Collections.java:1548)
	at dev.ven11.module.hook.wifi.ClientConnectivityHooks$installRegister$1.intercept$lambda$3$lambda$2(ClientConnectivityHooks.kt:105)
	at dev.ven11.module.hook.wifi.ClientConnectivityHooks$installRegister$1.$r8$lambda$0Abhbetjnsqx3A-eI7HU58hd-9s(Unknown Source:0)
	at dev.ven11.module.hook.wifi.ClientConnectivityHooks$installRegister$1$$ExternalSyntheticLambda0.invoke(D8$$SyntheticClass:0)
	at dev.ven11.module.hook.util.CallbackHooks$install$2$1.intercept(CallbackHooks.kt:75)
	at e2.b(r8-map-id-f87a6aaed69d4b6b5d89bdf829bd4191ff85c921d8c0d71a96bdc2cbb2e9a328:58)
	at e2.proceed(r8-map-id-f87a6aaed69d4b6b5d89bdf829bd4191ff85c921d8c0d71a96bdc2cbb2e9a328:11)
	at c3.callback(r8-map-id-f87a6aaed69d4b6b5d89bdf829bd4191ff85c921d8c0d71a96bdc2cbb2e9a328:106)
	at Vector_.onCapabilitiesChanged(Unknown Source:14)
	at android.net.ConnectivityManager$NetworkCallback.onAvailable(ConnectivityManager.java:4217)
	at android.net.ConnectivityManager$NetworkCallback.onAvailable(ConnectivityManager.java:4182)
	at android.net.ConnectivityManager$CallbackHandler.handleMessage(ConnectivityManager.java:4672)
	at android.os.Handler.dispatchMessage(Handler.java:115)
	at android.os.Looper.loopOnce(Looper.java:298)
	at android.os.Looper.loop(Looper.java:408)
	at android.os.HandlerThread.run(HandlerThread.java:85)
[ 2026-10-02T23:43:52.287    10395: 17038: 17165 D/Vector          ] Hooker [dev.ven11.module.hook.util.CallbackHooks$install$2$1] crashed before proceed. Skipping.
java.lang.UnsupportedOperationException
	at java.util.Collections$UnmodifiableList.set(Collections.java:1548)
	at dev.ven11.module.hook.wifi.ClientConnectivityHooks$installRegister$1.intercept$lambda$3$lambda$2(ClientConnectivityHooks.kt:105)
	at dev.ven11.module.hook.wifi.ClientConnectivityHooks$installRegister$1.$r8$lambda$0Abhbetjnsqx3A-eI7HU58hd-9s(Unknown Source:0)
	at dev.ven11.module.hook.wifi.ClientConnectivityHooks$installRegister$1$$ExternalSyntheticLambda0.invoke(D8$$SyntheticClass:0)
	at dev.ven11.module.hook.util.CallbackHooks$install$2$1.intercept(CallbackHooks.kt:75)
	at e2.b(r8-map-id-f87a6aaed69d4b6b5d89bdf829bd4191ff85c921d8c0d71a96bdc2cbb2e9a328:58)
	at e2.proceed(r8-map-id-f87a6aaed69d4b6b5d89bdf829bd4191ff85c921d8c0d71a96bdc2cbb2e9a328:11)
	at c3.callback(r8-map-id-f87a6aaed69d4b6b5d89bdf829bd4191ff85c921d8c0d71a96bdc2cbb2e9a328:106)
	at Vector_.onCapabilitiesChanged(Unknown Source:14)
	at android.net.ConnectivityManager$NetworkCallback.onAvailable(ConnectivityManager.java:4217)
	at android.net.ConnectivityManager$NetworkCallback.onAvailable(ConnectivityManager.java:4182)
	at android.net.ConnectivityManager$CallbackHandler.handleMessage(ConnectivityManager.java:4672)
	at android.os.Handler.dispatchMessage(Handler.java:115)
	at android.os.Looper.loopOnce(Looper.java:298)
	at android.os.Looper.loop(Looper.java:408)
	at android.os.HandlerThread.run(HandlerThread.java:85)
[ 2026-10-02T23:43:52.289    10395: 17038: 17165 D/Vector          ] Hooker [dev.ven11.module.hook.util.CallbackHooks$install$2$1] crashed before proceed. Skipping.
java.lang.UnsupportedOperationException
	at java.util.Collections$UnmodifiableList.set(Collections.java:1548)
	at dev.ven11.module.hook.wifi.ClientConnectivityHooks$installRegister$1.intercept$lambda$3$lambda$2(ClientConnectivityHooks.kt:105)
	at dev.ven11.module.hook.wifi.ClientConnectivityHooks$installRegister$1.$r8$lambda$0Abhbetjnsqx3A-eI7HU58hd-9s(Unknown Source:0)
	at dev.ven11.module.hook.wifi.ClientConnectivityHooks$installRegister$1$$ExternalSyntheticLambda0.invoke(D8$$SyntheticClass:0)
	at dev.ven11.module.hook.util.CallbackHooks$install$2$1.intercept(CallbackHooks.kt:75)
	at e2.b(r8-map-id-f87a6aaed69d4b6b5d89bdf829bd4191ff85c921d8c0d71a96bdc2cbb2e9a328:58)
	at e2.proceed(r8-map-id-f87a6aaed69d4b6b5d89bdf829bd4191ff85c921d8c0d71a96bdc2cbb2e9a328:11)
	at c3.callback(r8-map-id-f87a6aaed69d4b6b5d89bdf829bd4191ff85c921d8c0d71a96bdc2cbb2e9a328:106)
	at Vector_.onCapabilitiesChanged(Unknown Source:14)
	at android.net.ConnectivityManager$NetworkCallback.onAvailable(ConnectivityManager.java:4217)
	at android.net.ConnectivityManager$NetworkCallback.onAvailable(ConnectivityManager.java:4182)
	at android.net.ConnectivityManager$CallbackHandler.handleMessage(ConnectivityManager.java:4672)
	at android.os.Handler.dispatchMessage(Handler.java:115)
	at android.os.Looper.loopOnce(Looper.java:298)
	at android.os.Looper.loop(Looper.java:408)
	at android.os.HandlerThread.run(HandlerThread.java:85)
[ 2026-10-02T23:43:52.496     1000:  3532:  4752 D/VectorZygiskBridge ] onTransact: action=GET_BINDER, callerUid=10395
[ 2026-10-02T23:43:52.541    10395: 17332: 17332 V/VectorDeopter   ] Skipping deopt for android.app.Instrumentation#newApplication: android.app.Instrumentation.newApplication [class java.lang.ClassLoader, class android.content.Context]
[ 2026-10-02T23:43:52.542    10395: 17332: 17332 V/Vector          ] Loading Vector/Xposed for com.tencent.mm:appbrand1 (UID: 10395)
[ 2026-10-02T23:43:52.578    10395: 17041: 17258 D/Vector          ] Hooker [dev.ven11.module.hook.util.CallbackHooks$install$2$1] crashed before proceed. Skipping.
java.lang.UnsupportedOperationException
	at java.util.Collections$UnmodifiableList.set(Collections.java:1548)
	at dev.ven11.module.hook.wifi.ClientConnectivityHooks$installRegister$1.intercept$lambda$3$lambda$2(ClientConnectivityHooks.kt:105)
	at dev.ven11.module.hook.wifi.ClientConnectivityHooks$installRegister$1.$r8$lambda$0Abhbetjnsqx3A-eI7HU58hd-9s(Unknown Source:0)
	at dev.ven11.module.hook.wifi.ClientConnectivityHooks$installRegister$1$$ExternalSyntheticLambda0.invoke(D8$$SyntheticClass:0)
	at dev.ven11.module.hook.util.CallbackHooks$install$2$1.intercept(CallbackHooks.kt:75)
	at e2.b(r8-map-id-f87a6aaed69d4b6b5d89bdf829bd4191ff85c921d8c0d71a96bdc2cbb2e9a328:58)
	at e2.proceed(r8-map-id-f87a6aaed69d4b6b5d89bdf829bd4191ff85c921d8c0d71a96bdc2cbb2e9a328:11)
	at c3.callback(r8-map-id-f87a6aaed69d4b6b5d89bdf829bd4191ff85c921d8c0d71a96bdc2cbb2e9a328:106)
	at Vector_.onCapabilitiesChanged(Unknown Source:14)
	at android.net.ConnectivityManager$NetworkCallback.onAvailable(ConnectivityManager.java:4217)
	at android.net.ConnectivityManager$NetworkCallback.onAvailable(ConnectivityManager.java:4182)
	at android.net.ConnectivityManager$CallbackHandler.handleMessage(ConnectivityManager.java:4672)
	at android.os.Handler.dispatchMessage(Handler.java:115)
	at android.os.Looper.loopOnce(Looper.java:298)
	at android.os.Looper.loop(Looper.java:408)
	at android.os.HandlerThread.run(HandlerThread.java:85)
[ 2026-10-02T23:43:52.578    10395: 17041: 17258 D/Vector          ] Hooker [dev.ven11.module.hook.util.CallbackHooks$install$2$1] crashed before proceed. Skipping.
java.lang.UnsupportedOperationException
	at java.util.Collections$UnmodifiableList.set(Collections.java:1548)
	at dev.ven11.module.hook.wifi.ClientConnectivityHooks$installRegister$1.intercept$lambda$3$lambda$2(ClientConnectivityHooks.kt:105)
	at dev.ven11.module.hook.wifi.ClientConnectivityHooks$installRegister$1.$r8$lambda$0Abhbetjnsqx3A-eI7HU58hd-9s(Unknown Source:0)
	at dev.ven11.module.hook.wifi.ClientConnectivityHooks$installRegister$1$$ExternalSyntheticLambda0.invoke(D8$$SyntheticClass:0)
	at dev.ven11.module.hook.util.CallbackHooks$install$2$1.intercept(CallbackHooks.kt:75)
	at e2.b(r8-map-id-f87a6aaed69d4b6b5d89bdf829bd4191ff85c921d8c0d71a96bdc2cbb2e9a328:58)
	at e2.proceed(r8-map-id-f87a6aaed69d4b6b5d89bdf829bd4191ff85c921d8c0d71a96bdc2cbb2e9a328:11)
	at c3.callback(r8-map-id-f87a6aaed69d4b6b5d89bdf829bd4191ff85c921d8c0d71a96bdc2cbb2e9a328:106)
	at Vector_.onCapabilitiesChanged(Unknown Source:14)
	at android.net.ConnectivityManager$NetworkCallback.onAvailable(ConnectivityManager.java:4217)
	at android.net.ConnectivityManager$NetworkCallback.onAvailable(ConnectivityManager.java:4182)
	at android.net.ConnectivityManager$CallbackHandler.handleMessage(ConnectivityManager.java:4672)
	at android.os.Handler.dispatchMessage(Handler.java:115)
	at android.os.Looper.loopOnce(Looper.java:298)
	at android.os.Looper.loop(Looper.java:408)
	at android.os.HandlerThread.run(HandlerThread.java:85)
[ 2026-10-02T23:43:52.578    10395: 17041: 17258 D/Vector          ] Hooker [dev.ven11.module.hook.util.CallbackHooks$install$2$1] crashed before proceed. Skipping.
java.lang.UnsupportedOperationException
	at java.util.Collections$UnmodifiableList.set(Collections.java:1548)
	at dev.ven11.module.hook.wifi.ClientConnectivityHooks$installRegister$1.intercept$lambda$3$lambda$2(ClientConnectivityHooks.kt:105)
	at dev.ven11.module.hook.wifi.ClientConnectivityHooks$installRegister$1.$r8$lambda$0Abhbetjnsqx3A-eI7HU58hd-9s(Unknown Source:0)
	at dev.ven11.module.hook.wifi.ClientConnectivityHooks$installRegister$1$$ExternalSyntheticLambda0.invoke(D8$$SyntheticClass:0)
	at dev.ven11.module.hook.util.CallbackHooks$install$2$1.intercept(CallbackHooks.kt:75)
	at e2.b(r8-map-id-f87a6aaed69d4b6b5d89bdf829bd4191ff85c921d8c0d71a96bdc2cbb2e9a328:58)
	at e2.proceed(r8-map-id-f87a6aaed69d4b6b5d89bdf829bd4191ff85c921d8c0d71a96bdc2cbb2e9a328:11)
	at c3.callback(r8-map-id-f87a6aaed69d4b6b5d89bdf829bd4191ff85c921d8c0d71a96bdc2cbb2e9a328:106)
	at Vector_.onCapabilitiesChanged(Unknown Source:14)
	at android.net.ConnectivityManager$NetworkCallback.onAvailable(ConnectivityManager.java:4217)
	at android.net.ConnectivityManager$NetworkCallback.onAvailable(ConnectivityManager.java:4182)
	at android.net.ConnectivityManager$CallbackHandler.handleMessage(ConnectivityManager.java:4672)
	at android.os.Handler.dispatchMessage(Handler.java:115)
	at android.os.Looper.loopOnce(Looper.java:298)
	at android.os.Looper.loop(Looper.java:408)
	at android.os.HandlerThread.run(HandlerThread.java:85)
[ 2026-10-02T23:43:52.581    10395: 17332: 17332 D/VectorModuleManager ] Loading module dev.ven11.module
[ 2026-10-02T23:43:52.607    10395: 17332: 17332 V/VectorModuleManager ] Loading class class dev.ven11.module.Ven11Module
[ 2026-10-02T23:43:52.609    10395: 17332: 17332 D/VectorModuleManager ] Loaded module dev.ven11.module successfully.
[ 2026-10-02T23:43:52.639    10395: 17038: 17351 D/Vector          ] Hooker [dev.ven11.module.hook.util.CallbackHooks$install$2$1] crashed before proceed. Skipping.
java.lang.UnsupportedOperationException
	at java.util.Collections$UnmodifiableList.set(Collections.java:1548)
	at dev.ven11.module.hook.wifi.ClientConnectivityHooks$installRegister$1.intercept$lambda$3$lambda$2(ClientConnectivityHooks.kt:105)
	at dev.ven11.module.hook.wifi.ClientConnectivityHooks$installRegister$1.$r8$lambda$0Abhbetjnsqx3A-eI7HU58hd-9s(Unknown Source:0)
	at dev.ven11.module.hook.wifi.ClientConnectivityHooks$installRegister$1$$ExternalSyntheticLambda0.invoke(D8$$SyntheticClass:0)
	at dev.ven11.module.hook.util.CallbackHooks$install$2$1.intercept(CallbackHooks.kt:75)
	at e2.b(r8-map-id-f87a6aaed69d4b6b5d89bdf829bd4191ff85c921d8c0d71a96bdc2cbb2e9a328:58)
	at e2.proceed(r8-map-id-f87a6aaed69d4b6b5d89bdf829bd4191ff85c921d8c0d71a96bdc2cbb2e9a328:11)
	at c3.callback(r8-map-id-f87a6aaed69d4b6b5d89bdf829bd4191ff85c921d8c0d71a96bdc2cbb2e9a328:106)
	at Vector_.onCapabilitiesChanged(Unknown Source:14)
	at android.net.ConnectivityManager$NetworkCallback.onAvailable(ConnectivityManager.java:4217)
	at android.net.ConnectivityManager$NetworkCallback.onAvailable(ConnectivityManager.java:4182)
	at android.net.ConnectivityManager$CallbackHandler.handleMessage(ConnectivityManager.java:4672)
	at android.os.Handler.dispatchMessage(Handler.java:115)
	at android.os.Looper.loopOnce(Looper.java:298)
	at android.os.Looper.loop(Looper.java:408)
	at android.os.HandlerThread.run(HandlerThread.java:85)
[ 2026-10-02T23:43:52.680    10395: 17041: 17396 D/Vector          ] Hooker [dev.ven11.module.hook.util.CallbackHooks$install$2$1] crashed before proceed. Skipping.
java.lang.UnsupportedOperationException
	at java.util.Collections$UnmodifiableList.set(Collections.java:1548)
	at dev.ven11.module.hook.wifi.ClientConnectivityHooks$installRegister$1.intercept$lambda$3$lambda$2(ClientConnectivityHooks.kt:105)
	at dev.ven11.module.hook.wifi.ClientConnectivityHooks$installRegister$1.$r8$lambda$0Abhbetjnsqx3A-eI7HU58hd-9s(Unknown Source:0)
	at dev.ven11.module.hook.wifi.ClientConnectivityHooks$installRegister$1$$ExternalSyntheticLambda0.invoke(D8$$SyntheticClass:0)
	at dev.ven11.module.hook.util.CallbackHooks$install$2$1.intercept(CallbackHooks.kt:75)
	at e2.b(r8-map-id-f87a6aaed69d4b6b5d89bdf829bd4191ff85c921d8c0d71a96bdc2cbb2e9a328:58)
	at e2.proceed(r8-map-id-f87a6aaed69d4b6b5d89bdf829bd4191ff85c921d8c0d71a96bdc2cbb2e9a328:11)
	at c3.callback(r8-map-id-f87a6aaed69d4b6b5d89bdf829bd4191ff85c921d8c0d71a96bdc2cbb2e9a328:106)
	at Vector_.onCapabilitiesChanged(Unknown Source:14)
	at android.net.ConnectivityManager$NetworkCallback.onAvailable(ConnectivityManager.java:4217)
	at android.net.ConnectivityManager$NetworkCallback.onAvailable(ConnectivityManager.java:4182)
	at android.net.ConnectivityManager$CallbackHandler.handleMessage(ConnectivityManager.java:4672)
	at android.os.Handler.dispatchMessage(Handler.java:115)
	at android.os.Looper.loopOnce(Looper.java:298)
	at android.os.Looper.loop(Looper.java:408)
	at android.os.HandlerThread.run(HandlerThread.java:85)
[ 2026-10-02T23:43:52.681    10395: 17041: 17396 D/Vector          ] Hooker [dev.ven11.module.hook.util.CallbackHooks$install$2$1] crashed before proceed. Skipping.
java.lang.UnsupportedOperationException
	at java.util.Collections$UnmodifiableList.set(Collections.java:1548)
	at dev.ven11.module.hook.wifi.ClientConnectivityHooks$installRegister$1.intercept$lambda$3$lambda$2(ClientConnectivityHooks.kt:105)
	at dev.ven11.module.hook.wifi.ClientConnectivityHooks$installRegister$1.$r8$lambda$0Abhbetjnsqx3A-eI7HU58hd-9s(Unknown Source:0)
	at dev.ven11.module.hook.wifi.ClientConnectivityHooks$installRegister$1$$ExternalSyntheticLambda0.invoke(D8$$SyntheticClass:0)
	at dev.ven11.module.hook.util.CallbackHooks$install$2$1.intercept(CallbackHooks.kt:75)
	at e2.b(r8-map-id-f87a6aaed69d4b6b5d89bdf829bd4191ff85c921d8c0d71a96bdc2cbb2e9a328:58)
	at e2.proceed(r8-map-id-f87a6aaed69d4b6b5d89bdf829bd4191ff85c921d8c0d71a96bdc2cbb2e9a328:11)
	at c3.callback(r8-map-id-f87a6aaed69d4b6b5d89bdf829bd4191ff85c921d8c0d71a96bdc2cbb2e9a328:106)
	at Vector_.onCapabilitiesChanged(Unknown Source:14)
	at android.net.ConnectivityManager$NetworkCallback.onAvailable(ConnectivityManager.java:4217)
	at android.net.ConnectivityManager$NetworkCallback.onAvailable(ConnectivityManager.java:4182)
	at android.net.ConnectivityManager$CallbackHandler.handleMessage(ConnectivityManager.java:4672)
	at android.os.Handler.dispatchMessage(Handler.java:115)
	at android.os.Looper.loopOnce(Looper.java:298)
	at android.os.Looper.loop(Looper.java:408)
	at android.os.HandlerThread.run(HandlerThread.java:85)
[ 2026-10-02T23:43:52.694    10395: 17332: 17332 D/VectorLifecycle ] dispatchPackageReady d1@4d8ac27
[ 2026-10-02T23:43:53.045    10395: 17041: 17396 D/Vector          ] Hooker [dev.ven11.module.hook.util.CallbackHooks$install$2$1] crashed before proceed. Skipping.
java.lang.UnsupportedOperationException
	at java.util.Collections$UnmodifiableList.set(Collections.java:1548)
	at dev.ven11.module.hook.wifi.ClientConnectivityHooks$installRegister$1.intercept$lambda$3$lambda$2(ClientConnectivityHooks.kt:105)
	at dev.ven11.module.hook.wifi.ClientConnectivityHooks$installRegister$1.$r8$lambda$0Abhbetjnsqx3A-eI7HU58hd-9s(Unknown Source:0)
	at dev.ven11.module.hook.wifi.ClientConnectivityHooks$installRegister$1$$ExternalSyntheticLambda0.invoke(D8$$SyntheticClass:0)
	at dev.ven11.module.hook.util.CallbackHooks$install$2$1.intercept(CallbackHooks.kt:75)
	at e2.b(r8-map-id-f87a6aaed69d4b6b5d89bdf829bd4191ff85c921d8c0d71a96bdc2cbb2e9a328:58)
	at e2.proceed(r8-map-id-f87a6aaed69d4b6b5d89bdf829bd4191ff85c921d8c0d71a96bdc2cbb2e9a328:11)
	at c3.callback(r8-map-id-f87a6aaed69d4b6b5d89bdf829bd4191ff85c921d8c0d71a96bdc2cbb2e9a328:106)
	at Vector_.onCapabilitiesChanged(Unknown Source:14)
	at android.net.ConnectivityManager$NetworkCallback.onAvailable(ConnectivityManager.java:4217)
	at android.net.ConnectivityManager$NetworkCallback.onAvailable(ConnectivityManager.java:4182)
	at android.net.ConnectivityManager$CallbackHandler.handleMessage(ConnectivityManager.java:4672)
	at android.os.Handler.dispatchMessage(Handler.java:115)
	at android.os.Looper.loopOnce(Looper.java:298)
	at android.os.Looper.loop(Looper.java:408)
	at android.os.HandlerThread.run(HandlerThread.java:85)
[ 2026-10-02T23:43:53.046    10395: 17041: 17396 D/Vector          ] Hooker [dev.ven11.module.hook.util.CallbackHooks$install$2$1] crashed before proceed. Skipping.
java.lang.UnsupportedOperationException
	at java.util.Collections$UnmodifiableList.set(Collections.java:1548)
	at dev.ven11.module.hook.wifi.ClientConnectivityHooks$installRegister$1.intercept$lambda$3$lambda$2(ClientConnectivityHooks.kt:105)
	at dev.ven11.module.hook.wifi.ClientConnectivityHooks$installRegister$1.$r8$lambda$0Abhbetjnsqx3A-eI7HU58hd-9s(Unknown Source:0)
	at dev.ven11.module.hook.wifi.ClientConnectivityHooks$installRegister$1$$ExternalSyntheticLambda0.invoke(D8$$SyntheticClass:0)
	at dev.ven11.module.hook.util.CallbackHooks$install$2$1.intercept(CallbackHooks.kt:75)
	at e2.b(r8-map-id-f87a6aaed69d4b6b5d89bdf829bd4191ff85c921d8c0d71a96bdc2cbb2e9a328:58)
	at e2.proceed(r8-map-id-f87a6aaed69d4b6b5d89bdf829bd4191ff85c921d8c0d71a96bdc2cbb2e9a328:11)
	at c3.callback(r8-map-id-f87a6aaed69d4b6b5d89bdf829bd4191ff85c921d8c0d71a96bdc2cbb2e9a328:106)
	at Vector_.onCapabilitiesChanged(Unknown Source:14)
	at li.t.onCapabilitiesChanged(Unknown Source:35)
	at java.lang.reflect.Method.invoke(Native Method)
	at iFHmY.ECAcUL.wa.L.bI.h.eXl.PEQ.HookBridge.invokeOriginalMethod(Native Method)
	at c3.a(r8-map-id-f87a6aaed69d4b6b5d89bdf829bd4191ff85c921d8c0d71a96bdc2cbb2e9a328:8)
	at g.a(r8-map-id-f87a6aaed69d4b6b5d89bdf829bd4191ff85c921d8c0d71a96bdc2cbb2e9a328:75)
	at e2.b(r8-map-id-f87a6aaed69d4b6b5d89bdf829bd4191ff85c921d8c0d71a96bdc2cbb2e9a328:20)
	at e2.a(r8-map-id-f87a6aaed69d4b6b5d89bdf829bd4191ff85c921d8c0d71a96bdc2cbb2e9a328:58)
	at e2.b(r8-map-id-f87a6aaed69d4b6b5d89bdf829bd4191ff85c921d8c0d71a96bdc2cbb2e9a328:79)
	at e2.proceed(r8-map-id-f87a6aaed69d4b6b5d89bdf829bd4191ff85c921d8c0d71a96bdc2cbb2e9a328:11)
	at c3.callback(r8-map-id-f87a6aaed69d4b6b5d89bdf829bd4191ff85c921d8c0d71a96bdc2cbb2e9a328:106)
	at Vector_.onCapabilitiesChanged(Unknown Source:14)
	at android.net.ConnectivityManager$NetworkCallback.onAvailable(ConnectivityManager.java:4217)
	at android.net.ConnectivityManager$NetworkCallback.onAvailable(ConnectivityManager.java:4182)
	at android.net.ConnectivityManager$CallbackHandler.handleMessage(ConnectivityManager.java:4672)
	at android.os.Handler.dispatchMessage(Handler.java:115)
	at android.os.Looper.loopOnce(Looper.java:298)
	at android.os.Looper.loop(Looper.java:408)
	at android.os.HandlerThread.run(HandlerThread.java:85)
[ 2026-10-02T23:43:53.148    10395: 17332: 17509 D/Vector          ] Hooker [dev.ven11.module.hook.util.CallbackHooks$install$2$1] crashed before proceed. Skipping.
java.lang.UnsupportedOperationException
	at java.util.Collections$UnmodifiableList.set(Collections.java:1548)
	at dev.ven11.module.hook.wifi.ClientConnectivityHooks$installRegister$1.intercept$lambda$3$lambda$2(ClientConnectivityHooks.kt:105)
	at dev.ven11.module.hook.wifi.ClientConnectivityHooks$installRegister$1.$r8$lambda$0Abhbetjnsqx3A-eI7HU58hd-9s(Unknown Source:0)
	at dev.ven11.module.hook.wifi.ClientConnectivityHooks$installRegister$1$$ExternalSyntheticLambda0.invoke(D8$$SyntheticClass:0)
	at dev.ven11.module.hook.util.CallbackHooks$install$2$1.intercept(CallbackHooks.kt:75)
	at e2.b(r8-map-id-f87a6aaed69d4b6b5d89bdf829bd4191ff85c921d8c0d71a96bdc2cbb2e9a328:58)
	at e2.proceed(r8-map-id-f87a6aaed69d4b6b5d89bdf829bd4191ff85c921d8c0d71a96bdc2cbb2e9a328:11)
	at c3.callback(r8-map-id-f87a6aaed69d4b6b5d89bdf829bd4191ff85c921d8c0d71a96bdc2cbb2e9a328:106)
	at Vector_.onCapabilitiesChanged(Unknown Source:14)
	at android.net.ConnectivityManager$NetworkCallback.onAvailable(ConnectivityManager.java:4217)
	at android.net.ConnectivityManager$NetworkCallback.onAvailable(ConnectivityManager.java:4182)
	at android.net.ConnectivityManager$CallbackHandler.handleMessage(ConnectivityManager.java:4672)
	at android.os.Handler.dispatchMessage(Handler.java:115)
	at android.os.Looper.loopOnce(Looper.java:298)
	at android.os.Looper.loop(Looper.java:408)
	at android.os.HandlerThread.run(HandlerThread.java:85)
[ 2026-10-02T23:43:53.149    10395: 17332: 17509 D/Vector          ] Hooker [dev.ven11.module.hook.util.CallbackHooks$install$2$1] crashed before proceed. Skipping.
java.lang.UnsupportedOperationException
	at java.util.Collections$UnmodifiableList.set(Collections.java:1548)
	at dev.ven11.module.hook.wifi.ClientConnectivityHooks$installRegister$1.intercept$lambda$3$lambda$2(ClientConnectivityHooks.kt:105)
	at dev.ven11.module.hook.wifi.ClientConnectivityHooks$installRegister$1.$r8$lambda$0Abhbetjnsqx3A-eI7HU58hd-9s(Unknown Source:0)
	at dev.ven11.module.hook.wifi.ClientConnectivityHooks$installRegister$1$$ExternalSyntheticLambda0.invoke(D8$$SyntheticClass:0)
	at dev.ven11.module.hook.util.CallbackHooks$install$2$1.intercept(CallbackHooks.kt:75)
	at e2.b(r8-map-id-f87a6aaed69d4b6b5d89bdf829bd4191ff85c921d8c0d71a96bdc2cbb2e9a328:58)
	at e2.proceed(r8-map-id-f87a6aaed69d4b6b5d89bdf829bd4191ff85c921d8c0d71a96bdc2cbb2e9a328:11)
	at c3.callback(r8-map-id-f87a6aaed69d4b6b5d89bdf829bd4191ff85c921d8c0d71a96bdc2cbb2e9a328:106)
	at Vector_.onCapabilitiesChanged(Unknown Source:14)
	at android.net.ConnectivityManager$NetworkCallback.onAvailable(ConnectivityManager.java:4217)
	at android.net.ConnectivityManager$NetworkCallback.onAvailable(ConnectivityManager.java:4182)
	at android.net.ConnectivityManager$CallbackHandler.handleMessage(ConnectivityManager.java:4672)
	at android.os.Handler.dispatchMessage(Handler.java:115)
	at android.os.Looper.loopOnce(Looper.java:298)
	at android.os.Looper.loop(Looper.java:408)
	at android.os.HandlerThread.run(HandlerThread.java:85)
[ 2026-10-02T23:43:53.150    10395: 17332: 17509 D/Vector          ] Hooker [dev.ven11.module.hook.util.CallbackHooks$install$2$1] crashed before proceed. Skipping.
java.lang.UnsupportedOperationException
	at java.util.Collections$UnmodifiableList.set(Collections.java:1548)
	at dev.ven11.module.hook.wifi.ClientConnectivityHooks$installRegister$1.intercept$lambda$3$lambda$2(ClientConnectivityHooks.kt:105)
	at dev.ven11.module.hook.wifi.ClientConnectivityHooks$installRegister$1.$r8$lambda$0Abhbetjnsqx3A-eI7HU58hd-9s(Unknown Source:0)
	at dev.ven11.module.hook.wifi.ClientConnectivityHooks$installRegister$1$$ExternalSyntheticLambda0.invoke(D8$$SyntheticClass:0)
	at dev.ven11.module.hook.util.CallbackHooks$install$2$1.intercept(CallbackHooks.kt:75)
	at e2.b(r8-map-id-f87a6aaed69d4b6b5d89bdf829bd4191ff85c921d8c0d71a96bdc2cbb2e9a328:58)
	at e2.proceed(r8-map-id-f87a6aaed69d4b6b5d89bdf829bd4191ff85c921d8c0d71a96bdc2cbb2e9a328:11)
	at c3.callback(r8-map-id-f87a6aaed69d4b6b5d89bdf829bd4191ff85c921d8c0d71a96bdc2cbb2e9a328:106)
	at Vector_.onCapabilitiesChanged(Unknown Source:14)
	at android.net.ConnectivityManager$NetworkCallback.onAvailable(ConnectivityManager.java:4217)
	at android.net.ConnectivityManager$NetworkCallback.onAvailable(ConnectivityManager.java:4182)
	at android.net.ConnectivityManager$CallbackHandler.handleMessage(ConnectivityManager.java:4672)
	at android.os.Handler.dispatchMessage(Handler.java:115)
	at android.os.Looper.loopOnce(Looper.java:298)
	at android.os.Looper.loop(Looper.java:408)
	at android.os.HandlerThread.run(HandlerThread.java:85)
[ 2026-10-02T23:43:53.211    10395: 16077: 16953 D/Vector          ] Hooker [dev.ven11.module.hook.util.CallbackHooks$install$2$1] crashed before proceed. Skipping.
java.lang.UnsupportedOperationException
	at java.util.Collections$UnmodifiableList.set(Collections.java:1548)
	at dev.ven11.module.hook.wifi.ClientConnectivityHooks$installRegister$1.intercept$lambda$3$lambda$2(ClientConnectivityHooks.kt:105)
	at dev.ven11.module.hook.wifi.ClientConnectivityHooks$installRegister$1.$r8$lambda$0Abhbetjnsqx3A-eI7HU58hd-9s(Unknown Source:0)
	at dev.ven11.module.hook.wifi.ClientConnectivityHooks$installRegister$1$$ExternalSyntheticLambda0.invoke(D8$$SyntheticClass:0)
	at dev.ven11.module.hook.util.CallbackHooks$install$2$1.intercept(CallbackHooks.kt:75)
	at e2.b(r8-map-id-f87a6aaed69d4b6b5d89bdf829bd4191ff85c921d8c0d71a96bdc2cbb2e9a328:58)
	at e2.proceed(r8-map-id-f87a6aaed69d4b6b5d89bdf829bd4191ff85c921d8c0d71a96bdc2cbb2e9a328:11)
	at c3.callback(r8-map-id-f87a6aaed69d4b6b5d89bdf829bd4191ff85c921d8c0d71a96bdc2cbb2e9a328:106)
	at Vector_.onCapabilitiesChanged(Unknown Source:14)
	at li.t.onCapabilitiesChanged(Unknown Source:35)
	at android.net.ConnectivityManager$NetworkCallback.onAvailable(ConnectivityManager.java:4217)
	at android.net.ConnectivityManager$NetworkCallback.onAvailable(ConnectivityManager.java:4182)
	at android.net.ConnectivityManager$CallbackHandler.handleMessage(ConnectivityManager.java:4672)
	at android.os.Handler.dispatchMessage(Handler.java:115)
	at android.os.Looper.loopOnce(Looper.java:298)
	at android.os.Looper.loop(Looper.java:408)
	at android.os.HandlerThread.run(HandlerThread.java:85)
[ 2026-10-02T23:43:53.384    10395: 17332: 17635 D/Vector          ] Hooker [dev.ven11.module.hook.util.CallbackHooks$install$2$1] crashed before proceed. Skipping.
java.lang.UnsupportedOperationException
	at java.util.Collections$UnmodifiableList.set(Collections.java:1548)
	at dev.ven11.module.hook.wifi.ClientConnectivityHooks$installRegister$1.intercept$lambda$3$lambda$2(ClientConnectivityHooks.kt:105)
	at dev.ven11.module.hook.wifi.ClientConnectivityHooks$installRegister$1.$r8$lambda$0Abhbetjnsqx3A-eI7HU58hd-9s(Unknown Source:0)
	at dev.ven11.module.hook.wifi.ClientConnectivityHooks$installRegister$1$$ExternalSyntheticLambda0.invoke(D8$$SyntheticClass:0)
	at dev.ven11.module.hook.util.CallbackHooks$install$2$1.intercept(CallbackHooks.kt:75)
	at e2.b(r8-map-id-f87a6aaed69d4b6b5d89bdf829bd4191ff85c921d8c0d71a96bdc2cbb2e9a328:58)
	at e2.proceed(r8-map-id-f87a6aaed69d4b6b5d89bdf829bd4191ff85c921d8c0d71a96bdc2cbb2e9a328:11)
	at c3.callback(r8-map-id-f87a6aaed69d4b6b5d89bdf829bd4191ff85c921d8c0d71a96bdc2cbb2e9a328:106)
	at Vector_.onCapabilitiesChanged(Unknown Source:14)
	at android.net.ConnectivityManager$NetworkCallback.onAvailable(ConnectivityManager.java:4217)
	at android.net.ConnectivityManager$NetworkCallback.onAvailable(ConnectivityManager.java:4182)
	at android.net.ConnectivityManager$CallbackHandler.handleMessage(ConnectivityManager.java:4672)
	at android.os.Handler.dispatchMessage(Handler.java:115)
	at android.os.Looper.loopOnce(Looper.java:298)
	at android.os.Looper.loop(Looper.java:408)
	at android.os.HandlerThread.run(HandlerThread.java:85)
[ 2026-10-02T23:43:53.852    10395: 17041: 17396 D/Vector          ] Hooker [dev.ven11.module.hook.util.CallbackHooks$install$2$1] crashed before proceed. Skipping.
java.lang.UnsupportedOperationException
	at java.util.Collections$UnmodifiableList.set(Collections.java:1548)
	at dev.ven11.module.hook.wifi.ClientConnectivityHooks$installRegister$1.intercept$lambda$3$lambda$2(ClientConnectivityHooks.kt:105)
	at dev.ven11.module.hook.wifi.ClientConnectivityHooks$installRegister$1.$r8$lambda$0Abhbetjnsqx3A-eI7HU58hd-9s(Unknown Source:0)
	at dev.ven11.module.hook.wifi.ClientConnectivityHooks$installRegister$1$$ExternalSyntheticLambda0.invoke(D8$$SyntheticClass:0)
	at dev.ven11.module.hook.util.CallbackHooks$install$2$1.intercept(CallbackHooks.kt:75)
	at e2.b(r8-map-id-f87a6aaed69d4b6b5d89bdf829bd4191ff85c921d8c0d71a96bdc2cbb2e9a328:58)
	at e2.proceed(r8-map-id-f87a6aaed69d4b6b5d89bdf829bd4191ff85c921d8c0d71a96bdc2cbb2e9a328:11)
	at c3.callback(r8-map-id-f87a6aaed69d4b6b5d89bdf829bd4191ff85c921d8c0d71a96bdc2cbb2e9a328:106)
	at Vector_.onCapabilitiesChanged(Unknown Source:14)
	at android.net.ConnectivityManager$NetworkCallback.onAvailable(ConnectivityManager.java:4217)
	at android.net.ConnectivityManager$NetworkCallback.onAvailable(ConnectivityManager.java:4182)
	at android.net.ConnectivityManager$CallbackHandler.handleMessage(ConnectivityManager.java:4672)
	at android.os.Handler.dispatchMessage(Handler.java:115)
	at android.os.Looper.loopOnce(Looper.java:298)
	at android.os.Looper.loop(Looper.java:408)
	at android.os.HandlerThread.run(HandlerThread.java:85)
[ 2026-10-02T23:43:53.852    10395: 17041: 17396 D/Vector          ] Hooker [dev.ven11.module.hook.util.CallbackHooks$install$2$1] crashed before proceed. Skipping.
java.lang.UnsupportedOperationException
	at java.util.Collections$UnmodifiableList.set(Collections.java:1548)
	at dev.ven11.module.hook.wifi.ClientConnectivityHooks$installRegister$1.intercept$lambda$3$lambda$2(ClientConnectivityHooks.kt:105)
	at dev.ven11.module.hook.wifi.ClientConnectivityHooks$installRegister$1.$r8$lambda$0Abhbetjnsqx3A-eI7HU58hd-9s(Unknown Source:0)
	at dev.ven11.module.hook.wifi.ClientConnectivityHooks$installRegister$1$$ExternalSyntheticLambda0.invoke(D8$$SyntheticClass:0)
	at dev.ven11.module.hook.util.CallbackHooks$install$2$1.intercept(CallbackHooks.kt:75)
	at e2.b(r8-map-id-f87a6aaed69d4b6b5d89bdf829bd4191ff85c921d8c0d71a96bdc2cbb2e9a328:58)
	at e2.proceed(r8-map-id-f87a6aaed69d4b6b5d89bdf829bd4191ff85c921d8c0d71a96bdc2cbb2e9a328:11)
	at c3.callback(r8-map-id-f87a6aaed69d4b6b5d89bdf829bd4191ff85c921d8c0d71a96bdc2cbb2e9a328:106)
	at Vector_.onCapabilitiesChanged(Unknown Source:14)
	at android.net.ConnectivityManager$NetworkCallback.onAvailable(ConnectivityManager.java:4217)
	at android.net.ConnectivityManager$NetworkCallback.onAvailable(ConnectivityManager.java:4182)
	at android.net.ConnectivityManager$CallbackHandler.handleMessage(ConnectivityManager.java:4672)
	at android.os.Handler.dispatchMessage(Handler.java:115)
	at android.os.Looper.loopOnce(Looper.java:298)
	at android.os.Looper.loop(Looper.java:408)
	at android.os.HandlerThread.run(HandlerThread.java:85)
[ 2026-10-02T23:43:54.046     1000:  3532:  4752 D/VectorZygiskBridge ] onTransact: action=GET_BINDER, callerUid=10250
[ 2026-10-02T23:43:55.482     1000:  3532:  4418 D/VectorZygiskBridge ] onTransact: action=GET_BINDER, callerUid=10361
[ 2026-10-02T23:43:55.502    10361: 18021: 18021 V/VectorDeopter   ] Skipping deopt for android.app.Instrumentation#newApplication: android.app.Instrumentation.newApplication [class java.lang.ClassLoader, class android.content.Context]
[ 2026-10-02T23:43:55.502    10361: 18021: 18021 V/Vector          ] Loading Vector/Xposed for com.autonavi.minimap (UID: 10361)
[ 2026-10-02T23:43:55.534    10361: 18021: 18021 D/VectorModuleManager ] Loading module org.matrix.vector.devmodehider
[ 2026-10-02T23:43:55.536    10361: 18021: 18021 V/VectorModuleManager ] Loading class class org.matrix.vector.devmodehider.Entry
[ 2026-10-02T23:43:55.538    10361: 18021: 18021 D/VectorModuleManager ] Loaded module org.matrix.vector.devmodehider successfully.
[ 2026-10-02T23:43:55.538    10361: 18021: 18021 D/VectorModuleManager ] Loading module dev.ven11.module
[ 2026-10-02T23:43:55.552    10361: 18021: 18021 V/VectorModuleManager ] Loading class class dev.ven11.module.Ven11Module
[ 2026-10-02T23:43:55.553    10361: 18021: 18021 D/VectorModuleManager ] Loaded module dev.ven11.module successfully.
[ 2026-10-02T23:43:55.632    10361: 18021: 18021 D/VectorLifecycle ] dispatchPackageReady d1@1e3cf79
[ 2026-10-02T23:43:55.632    10361: 18021: 18021 D/VectorLifecycle ] dispatchPackageReady d1@1e3cf79
[ 2026-10-02T23:43:55.649     1000:  3532:  4000 D/VectorLifecycle ] dispatchPackageReady d1@66d64c8
[ 2026-10-02T23:43:55.649     1000:  3532:  4000 D/VectorLifecycle ] dispatchPackageReady d1@66d64c8
[ 2026-10-02T23:43:55.649     1000:  3532:  4000 D/VectorLifecycle ] dispatchPackageReady d1@66d64c8
[ 2026-10-02T23:43:55.903     1000:  3532:  5808 D/VectorZygiskBridge ] onTransact: action=GET_BINDER, callerUid=10361
[ 2026-10-02T23:43:55.947    10361: 18096: 18096 V/VectorDeopter   ] Skipping deopt for android.app.Instrumentation#newApplication: android.app.Instrumentation.newApplication [class java.lang.ClassLoader, class android.content.Context]
[ 2026-10-02T23:43:55.948    10361: 18096: 18096 V/Vector          ] Loading Vector/Xposed for com.autonavi.minimap:locationservice (UID: 10361)
[ 2026-10-02T23:43:56.003    10361: 18096: 18096 D/VectorModuleManager ] Loading module org.matrix.vector.devmodehider
[ 2026-10-02T23:43:56.005    10361: 18096: 18096 V/VectorModuleManager ] Loading class class org.matrix.vector.devmodehider.Entry
[ 2026-10-02T23:43:56.011    10361: 18096: 18096 D/VectorModuleManager ] Loaded module org.matrix.vector.devmodehider successfully.
[ 2026-10-02T23:43:56.011    10361: 18096: 18096 D/VectorModuleManager ] Loading module dev.ven11.module
[ 2026-10-02T23:43:56.034    10361: 18096: 18096 V/VectorModuleManager ] Loading class class dev.ven11.module.Ven11Module
[ 2026-10-02T23:43:56.035    10361: 18096: 18096 D/VectorModuleManager ] Loaded module dev.ven11.module successfully.
[ 2026-10-02T23:43:56.129    10361: 18096: 18096 D/VectorLifecycle ] dispatchPackageReady d1@1e3cf79
[ 2026-10-02T23:43:56.129    10361: 18096: 18096 D/VectorLifecycle ] dispatchPackageReady d1@1e3cf79
[ 2026-10-02T23:43:56.192    10361: 18096: 18096 D/VectorLifecycle ] dispatchPackageReady d1@a77c6a9
[ 2026-10-02T23:43:56.192    10361: 18096: 18096 D/VectorLifecycle ] dispatchPackageReady d1@a77c6a9
[ 2026-10-02T23:43:56.297    10361: 18096: 18388 D/Vector          ] Hooker [dev.ven11.module.hook.util.CallbackHooks$install$2$1] crashed before proceed. Skipping.
java.lang.UnsupportedOperationException
	at java.util.Collections$UnmodifiableList.set(Collections.java:1548)
	at dev.ven11.module.hook.wifi.ClientConnectivityHooks$installRegister$1.intercept$lambda$3$lambda$2(ClientConnectivityHooks.kt:105)
	at dev.ven11.module.hook.wifi.ClientConnectivityHooks$installRegister$1.$r8$lambda$0Abhbetjnsqx3A-eI7HU58hd-9s(Unknown Source:0)
	at dev.ven11.module.hook.wifi.ClientConnectivityHooks$installRegister$1$$ExternalSyntheticLambda0.invoke(D8$$SyntheticClass:0)
	at dev.ven11.module.hook.util.CallbackHooks$install$2$1.intercept(CallbackHooks.kt:75)
	at e2.b(r8-map-id-f87a6aaed69d4b6b5d89bdf829bd4191ff85c921d8c0d71a96bdc2cbb2e9a328:58)
	at e2.proceed(r8-map-id-f87a6aaed69d4b6b5d89bdf829bd4191ff85c921d8c0d71a96bdc2cbb2e9a328:11)
	at c3.callback(r8-map-id-f87a6aaed69d4b6b5d89bdf829bd4191ff85c921d8c0d71a96bdc2cbb2e9a328:106)
	at Vector_.onCapabilitiesChanged(Unknown Source:14)
	at android.net.ConnectivityManager$NetworkCallback.onAvailable(ConnectivityManager.java:4217)
	at android.net.ConnectivityManager$NetworkCallback.onAvailable(ConnectivityManager.java:4182)
	at android.net.ConnectivityManager$CallbackHandler.handleMessage(ConnectivityManager.java:4672)
	at android.os.Handler.dispatchMessage(Handler.java:115)
	at android.os.Looper.loopOnce(Looper.java:298)
	at android.os.Looper.loop(Looper.java:408)
	at android.os.HandlerThread.run(HandlerThread.java:85)
[ 2026-10-02T23:43:56.298    10361: 18096: 18388 D/Vector          ] Hooker [dev.ven11.module.hook.util.CallbackHooks$install$2$1] crashed before proceed. Skipping.
java.lang.UnsupportedOperationException
	at java.util.Collections$UnmodifiableList.set(Collections.java:1548)
	at dev.ven11.module.hook.wifi.ClientConnectivityHooks$installRegister$1.intercept$lambda$3$lambda$2(ClientConnectivityHooks.kt:105)
	at dev.ven11.module.hook.wifi.ClientConnectivityHooks$installRegister$1.$r8$lambda$0Abhbetjnsqx3A-eI7HU58hd-9s(Unknown Source:0)
	at dev.ven11.module.hook.wifi.ClientConnectivityHooks$installRegister$1$$ExternalSyntheticLambda0.invoke(D8$$SyntheticClass:0)
	at dev.ven11.module.hook.util.CallbackHooks$install$2$1.intercept(CallbackHooks.kt:75)
	at e2.b(r8-map-id-f87a6aaed69d4b6b5d89bdf829bd4191ff85c921d8c0d71a96bdc2cbb2e9a328:58)
	at e2.proceed(r8-map-id-f87a6aaed69d4b6b5d89bdf829bd4191ff85c921d8c0d71a96bdc2cbb2e9a328:11)
	at c3.callback(r8-map-id-f87a6aaed69d4b6b5d89bdf829bd4191ff85c921d8c0d71a96bdc2cbb2e9a328:106)
	at Vector_.onCapabilitiesChanged(Unknown Source:14)
	at android.net.ConnectivityManager$NetworkCallback.onAvailable(ConnectivityManager.java:4217)
	at android.net.ConnectivityManager$NetworkCallback.onAvailable(ConnectivityManager.java:4182)
	at android.net.ConnectivityManager$CallbackHandler.handleMessage(ConnectivityManager.java:4672)
	at android.os.Handler.dispatchMessage(Handler.java:115)
	at android.os.Looper.loopOnce(Looper.java:298)
	at android.os.Looper.loop(Looper.java:408)
	at android.os.HandlerThread.run(HandlerThread.java:85)
[ 2026-10-02T23:43:56.299    10361: 18096: 18388 D/Vector          ] Hooker [dev.ven11.module.hook.util.CallbackHooks$install$2$1] crashed before proceed. Skipping.
java.lang.UnsupportedOperationException
	at java.util.Collections$UnmodifiableList.set(Collections.java:1548)
	at dev.ven11.module.hook.wifi.ClientConnectivityHooks$installRegister$1.intercept$lambda$3$lambda$2(ClientConnectivityHooks.kt:105)
	at dev.ven11.module.hook.wifi.ClientConnectivityHooks$installRegister$1.$r8$lambda$0Abhbetjnsqx3A-eI7HU58hd-9s(Unknown Source:0)
	at dev.ven11.module.hook.wifi.ClientConnectivityHooks$installRegister$1$$ExternalSyntheticLambda0.invoke(D8$$SyntheticClass:0)
	at dev.ven11.module.hook.util.CallbackHooks$install$2$1.intercept(CallbackHooks.kt:75)
	at e2.b(r8-map-id-f87a6aaed69d4b6b5d89bdf829bd4191ff85c921d8c0d71a96bdc2cbb2e9a328:58)
	at e2.proceed(r8-map-id-f87a6aaed69d4b6b5d89bdf829bd4191ff85c921d8c0d71a96bdc2cbb2e9a328:11)
	at c3.callback(r8-map-id-f87a6aaed69d4b6b5d89bdf829bd4191ff85c921d8c0d71a96bdc2cbb2e9a328:106)
	at Vector_.onCapabilitiesChanged(Unknown Source:14)
	at android.net.ConnectivityManager$NetworkCallback.onAvailable(ConnectivityManager.java:4217)
	at android.net.ConnectivityManager$NetworkCallback.onAvailable(ConnectivityManager.java:4182)
	at android.net.ConnectivityManager$CallbackHandler.handleMessage(ConnectivityManager.java:4672)
	at android.os.Handler.dispatchMessage(Handler.java:115)
	at android.os.Looper.loopOnce(Looper.java:298)
	at android.os.Looper.loop(Looper.java:408)
	at android.os.HandlerThread.run(HandlerThread.java:85)
[ 2026-10-02T23:43:56.344    10361: 18096: 18388 D/Vector          ] Hooker [dev.ven11.module.hook.util.CallbackHooks$install$2$1] crashed before proceed. Skipping.
java.lang.UnsupportedOperationException
	at java.util.Collections$UnmodifiableList.set(Collections.java:1548)
	at dev.ven11.module.hook.wifi.ClientConnectivityHooks$installRegister$1.intercept$lambda$3$lambda$2(ClientConnectivityHooks.kt:105)
	at dev.ven11.module.hook.wifi.ClientConnectivityHooks$installRegister$1.$r8$lambda$0Abhbetjnsqx3A-eI7HU58hd-9s(Unknown Source:0)
	at dev.ven11.module.hook.wifi.ClientConnectivityHooks$installRegister$1$$ExternalSyntheticLambda0.invoke(D8$$SyntheticClass:0)
	at dev.ven11.module.hook.util.CallbackHooks$install$2$1.intercept(CallbackHooks.kt:75)
	at e2.b(r8-map-id-f87a6aaed69d4b6b5d89bdf829bd4191ff85c921d8c0d71a96bdc2cbb2e9a328:58)
	at e2.proceed(r8-map-id-f87a6aaed69d4b6b5d89bdf829bd4191ff85c921d8c0d71a96bdc2cbb2e9a328:11)
	at c3.callback(r8-map-id-f87a6aaed69d4b6b5d89bdf829bd4191ff85c921d8c0d71a96bdc2cbb2e9a328:106)
	at Vector_.onCapabilitiesChanged(Unknown Source:14)
	at android.net.ConnectivityManager$NetworkCallback.onAvailable(ConnectivityManager.java:4217)
	at android.net.ConnectivityManager$NetworkCallback.onAvailable(ConnectivityManager.java:4182)
	at android.net.ConnectivityManager$CallbackHandler.handleMessage(ConnectivityManager.java:4672)
	at android.os.Handler.dispatchMessage(Handler.java:115)
	at android.os.Looper.loopOnce(Looper.java:298)
	at android.os.Looper.loop(Looper.java:408)
	at android.os.HandlerThread.run(HandlerThread.java:85)
[ 2026-10-02T23:44:24.100     1000:  3532:  4859 D/VectorZygiskBridge ] onTransact: action=GET_BINDER, callerUid=10120
[ 2026-10-02T23:44:46.652        0:  3404:  3555 I/app_process     ] gc_priority_optimize set UX fail-1
[ 2026-10-02T23:44:46.652        0:  3404:  3555 I/app_process     ] gc_priority_optimize set UX fail-1
[ 2026-10-02T23:44:46.678        0:  3404:  3555 I/app_process     ] gc_priority_optimize set UX fail-1
[ 2026-10-02T23:44:46.678        0:  3404:  3555 I/app_process     ] gc_priority_optimize set UX fail-1
[ 2026-10-02T23:44:46.682        0:  3404:  3555 I/app_process     ] gc_priority_optimize set UX fail-1
[ 2026-10-02T23:44:46.682        0:  3404:  3555 I/app_process     ] gc_priority_optimize set UX fail-1
[ 2026-10-02T23:44:46.683        0:  3404:  3555 I/app_process     ] gc_priority_optimize set UX fail-1
[ 2026-10-02T23:44:46.684        0:  3404:  3555 I/app_process     ] gc_priority_optimize set UX fail-1
[ 2026-10-02T23:45:13.135     1000:  3532:  5704 D/VectorZygiskBridge ] onTransact: action=GET_BINDER, callerUid=10239
[ 2026-10-02T23:45:33.135     1000:  3532:  5086 D/VectorZygiskBridge ] onTransact: action=GET_BINDER, callerUid=10087
[ 2026-10-02T23:45:51.633     1000:  3532:  4859 D/VectorZygiskBridge ] onTransact: action=GET_BINDER, callerUid=10293
[ 2026-10-02T23:45:51.720     1000:  3532:  4859 D/VectorZygiskBridge ] onTransact: action=GET_BINDER, callerUid=10285
[ 2026-10-02T23:45:53.242     1000:  3532:  3905 D/VectorZygiskBridge ] onTransact: action=GET_BINDER, callerUid=10068
[ 2026-10-02T23:45:54.204     1000:  3532:  4865 D/VectorZygiskBridge ] onTransact: action=GET_BINDER, callerUid=10375
[ 2026-10-02T23:45:54.328     1000:  3532:  3905 D/VectorZygiskBridge ] onTransact: action=GET_BINDER, callerUid=10301
[ 2026-10-02T23:45:55.568     1000:  3532:  5086 D/VectorZygiskBridge ] onTransact: action=GET_BINDER, callerUid=10135
[ 2026-10-02T23:45:56.620     1000:  3532:  5725 D/VectorZygiskBridge ] onTransact: action=GET_BINDER, callerUid=10291
[ 2026-10-02T23:45:58.338     1000:  3532:  5725 D/VectorZygiskBridge ] onTransact: action=GET_BINDER, callerUid=10292
[ 2026-10-02T23:45:59.608        0:  1572:  7333 W/Magisk          ] pkg: no dyn APK, ignore
[ 2026-10-02T23:45:59.618        0:  1572:  7344 W/Magisk          ] pkg: no dyn APK, ignore
[ 2026-10-02T23:45:59.643     1000:  3532:  5845 D/VectorZygiskBridge ] onTransact: action=GET_BINDER, callerUid=99910258
[ 2026-10-02T23:45:59.650     1000:  3532:  4749 D/VectorZygiskBridge ] onTransact: action=GET_BINDER, callerUid=99910258
[ 2026-10-02T23:45:59.656     1000:  3532:  5810 D/VectorZygiskBridge ] onTransact: action=GET_BINDER, callerUid=10258
[ 2026-10-02T23:45:59.692    10258: 20743: 20743 V/VectorDeopter   ] Skipping deopt for android.app.Instrumentation#newApplication: android.app.Instrumentation.newApplication [class java.lang.ClassLoader, class android.content.Context]
[ 2026-10-02T23:45:59.698    10258: 20743: 20743 V/Vector          ] Loading Vector/Xposed for com.google.android.gms.unstable (UID: 10258)
[ 2026-10-02T23:45:59.732    10258: 20743: 20743 D/VectorModuleManager ] Loading module dev.ven11.module
[ 2026-10-02T23:45:59.750    10258: 20743: 20743 V/VectorModuleManager ] Loading class class dev.ven11.module.Ven11Module
[ 2026-10-02T23:45:59.751    10258: 20743: 20743 D/VectorModuleManager ] Loaded module dev.ven11.module successfully.
[ 2026-10-02T23:45:59.818    10258: 20743: 20743 D/VectorLifecycle ] dispatchPackageReady d1@8823941
[ 2026-10-02T23:46:00.527    10258: 20743: 20876 D/VectorLifecycle ] dispatchPackageReady d1@ec80b65
[ 2026-10-02T23:46:00.802    10258: 20743: 20980 D/Vector          ] Hooker [dev.ven11.module.hook.util.CallbackHooks$install$2$1] crashed before proceed. Skipping.
java.lang.UnsupportedOperationException
	at java.util.Collections$UnmodifiableList.set(Collections.java:1548)
	at dev.ven11.module.hook.wifi.ClientConnectivityHooks$installRegister$1.intercept$lambda$3$lambda$2(ClientConnectivityHooks.kt:105)
	at dev.ven11.module.hook.wifi.ClientConnectivityHooks$installRegister$1.$r8$lambda$0Abhbetjnsqx3A-eI7HU58hd-9s(Unknown Source:0)
	at dev.ven11.module.hook.wifi.ClientConnectivityHooks$installRegister$1$$ExternalSyntheticLambda0.invoke(D8$$SyntheticClass:0)
	at dev.ven11.module.hook.util.CallbackHooks$install$2$1.intercept(CallbackHooks.kt:75)
	at e2.b(r8-map-id-f87a6aaed69d4b6b5d89bdf829bd4191ff85c921d8c0d71a96bdc2cbb2e9a328:58)
	at e2.proceed(r8-map-id-f87a6aaed69d4b6b5d89bdf829bd4191ff85c921d8c0d71a96bdc2cbb2e9a328:11)
	at c3.callback(r8-map-id-f87a6aaed69d4b6b5d89bdf829bd4191ff85c921d8c0d71a96bdc2cbb2e9a328:106)
	at Vector_.onCapabilitiesChanged(Unknown Source:14)
	at android.net.ConnectivityManager$NetworkCallback.onAvailable(ConnectivityManager.java:4217)
	at android.net.ConnectivityManager$NetworkCallback.onAvailable(ConnectivityManager.java:4182)
	at android.net.ConnectivityManager$CallbackHandler.handleMessage(ConnectivityManager.java:4672)
	at android.os.Handler.dispatchMessage(Handler.java:115)
	at android.os.Looper.loopOnce(Looper.java:298)
	at android.os.Looper.loop(Looper.java:408)
	at android.os.HandlerThread.run(HandlerThread.java:85)
[ 2026-10-02T23:46:00.805    10258: 20743: 20980 D/Vector          ] Hooker [dev.ven11.module.hook.util.CallbackHooks$install$2$1] crashed before proceed. Skipping.
java.lang.UnsupportedOperationException
	at java.util.Collections$UnmodifiableList.set(Collections.java:1548)
	at dev.ven11.module.hook.wifi.ClientConnectivityHooks$installRegister$1.intercept$lambda$3$lambda$2(ClientConnectivityHooks.kt:105)
	at dev.ven11.module.hook.wifi.ClientConnectivityHooks$installRegister$1.$r8$lambda$0Abhbetjnsqx3A-eI7HU58hd-9s(Unknown Source:0)
	at dev.ven11.module.hook.wifi.ClientConnectivityHooks$installRegister$1$$ExternalSyntheticLambda0.invoke(D8$$SyntheticClass:0)
	at dev.ven11.module.hook.util.CallbackHooks$install$2$1.intercept(CallbackHooks.kt:75)
	at e2.b(r8-map-id-f87a6aaed69d4b6b5d89bdf829bd4191ff85c921d8c0d71a96bdc2cbb2e9a328:58)
	at e2.proceed(r8-map-id-f87a6aaed69d4b6b5d89bdf829bd4191ff85c921d8c0d71a96bdc2cbb2e9a328:11)
	at c3.callback(r8-map-id-f87a6aaed69d4b6b5d89bdf829bd4191ff85c921d8c0d71a96bdc2cbb2e9a328:106)
	at Vector_.onCapabilitiesChanged(Unknown Source:14)
	at android.net.ConnectivityManager$NetworkCallback.onAvailable(ConnectivityManager.java:4217)
	at android.net.ConnectivityManager$NetworkCallback.onAvailable(ConnectivityManager.java:4182)
	at android.net.ConnectivityManager$CallbackHandler.handleMessage(ConnectivityManager.java:4672)
	at android.os.Handler.dispatchMessage(Handler.java:115)
	at android.os.Looper.loopOnce(Looper.java:298)
	at android.os.Looper.loop(Looper.java:408)
	at android.os.HandlerThread.run(HandlerThread.java:85)
[ 2026-10-02T23:46:00.812    10258: 20743: 21037 D/Vector          ] Hooker [dev.ven11.module.hook.util.CallbackHooks$install$2$1] crashed before proceed. Skipping.
java.lang.UnsupportedOperationException
	at java.util.Collections$UnmodifiableList.set(Collections.java:1548)
	at dev.ven11.module.hook.wifi.ClientConnectivityHooks$installRegister$1.intercept$lambda$3$lambda$2(ClientConnectivityHooks.kt:105)
	at dev.ven11.module.hook.wifi.ClientConnectivityHooks$installRegister$1.$r8$lambda$0Abhbetjnsqx3A-eI7HU58hd-9s(Unknown Source:0)
	at dev.ven11.module.hook.wifi.ClientConnectivityHooks$installRegister$1$$ExternalSyntheticLambda0.invoke(D8$$SyntheticClass:0)
	at dev.ven11.module.hook.util.CallbackHooks$install$2$1.intercept(CallbackHooks.kt:75)
	at e2.b(r8-map-id-f87a6aaed69d4b6b5d89bdf829bd4191ff85c921d8c0d71a96bdc2cbb2e9a328:58)
	at e2.proceed(r8-map-id-f87a6aaed69d4b6b5d89bdf829bd4191ff85c921d8c0d71a96bdc2cbb2e9a328:11)
	at c3.callback(r8-map-id-f87a6aaed69d4b6b5d89bdf829bd4191ff85c921d8c0d71a96bdc2cbb2e9a328:106)
	at Vector_.onCapabilitiesChanged(Unknown Source:14)
	at android.net.ConnectivityManager$NetworkCallback.onAvailable(ConnectivityManager.java:4217)
	at android.net.ConnectivityManager$NetworkCallback.onAvailable(ConnectivityManager.java:4182)
	at android.net.ConnectivityManager$CallbackHandler.handleMessage(ConnectivityManager.java:4672)
	at android.os.Handler.dispatchMessage(Handler.java:115)
	at android.os.Looper.loopOnce(Looper.java:298)
	at android.os.Looper.loop(Looper.java:408)
	at android.os.HandlerThread.run(HandlerThread.java:85)
[ 2026-10-02T23:46:00.839     1000:  3532:  5799 D/VectorZygiskBridge ] onTransact: action=GET_BINDER, callerUid=10173
[ 2026-10-02T23:46:09.771     1000:  3532:  3905 D/VectorZygiskBridge ] onTransact: action=GET_BINDER, callerUid=10170
[ 2026-10-02T23:46:24.083     1000:  3532:  5086 D/VectorZygiskBridge ] onTransact: action=GET_BINDER, callerUid=10212
[ 2026-10-02T23:46:24.305     1000:  3532:  5086 D/VectorZygiskBridge ] onTransact: action=GET_BINDER, callerUid=10188
[ 2026-10-02T23:46:44.216     1000:  3532:  3905 D/VectorZygiskBridge ] onTransact: action=GET_BINDER, callerUid=10203
[ 2026-10-02T23:46:44.228     1000:  3532:  3905 D/VectorZygiskBridge ] onTransact: action=GET_BINDER, callerUid=10127
[ 2026-10-02T23:46:44.304     1000:  3532:  5799 D/VectorZygiskBridge ] onTransact: action=GET_BINDER, callerUid=10072
[ 2026-10-02T23:46:49.382     1000:  3532:  5552 D/VectorZygiskBridge ] onTransact: action=GET_BINDER, callerUid=10113
[ 2026-10-02T23:47:09.502     1000:  3532:  5837 D/VectorZygiskBridge ] onTransact: action=GET_BINDER, callerUid=10393
[ 2026-10-02T23:47:24.217        0:  1572:  7333 W/Magisk          ] pkg: no dyn APK, ignore
[ 2026-10-02T23:47:24.263     1000:  3532:  5086 D/VectorZygiskBridge ] onTransact: action=GET_BINDER, callerUid=99910294
[ 2026-10-02T23:47:24.315        0:  1572:  3588 W/Magisk          ] pkg: no dyn APK, ignore
[ 2026-10-02T23:47:24.340     1000:  3532:  5837 D/VectorZygiskBridge ] onTransact: action=GET_BINDER, callerUid=99910285
[ 2026-10-02T23:47:36.158        0:  1572:  3587 W/Magisk          ] pkg: no dyn APK, ignore
[ 2026-10-02T23:47:36.191     1000:  3532:  5436 D/VectorZygiskBridge ] onTransact: action=GET_BINDER, callerUid=99910113
[ 2026-10-02T23:47:44.392     1000:  3532:  5837 D/VectorZygiskBridge ] onTransact: action=GET_BINDER, callerUid=10265
[ 2026-10-02T23:48:10.106     1000:  3532:  5086 D/VectorZygiskBridge ] onTransact: action=GET_BINDER, callerUid=10400
