10-03 02:11:53.296 I/CardConfig.StaticCardProviderProxy( 7151): notifyDataChange elements equal, update nothing
10-03 02:11:53.303 I/OplusHansManager ( 3557): pkg: com.android.vending has gms-backup-service
10-03 02:11:53.304 I/OplusHansManager ( 3557): uid=10262, pkg=com.android.vending cannot transition from R to M, importance=gms-backup-service
10-03 02:11:53.304 I/CardConfig.LoginManagerHelper( 7151): getUserAgeLevel, classify:ADULT [base|com.oplus.pantanal.ums|2.0.44-25e9612]
10-03 02:11:53.304 I/CardConfig.LoginManagerHelper( 7151): getUserAgeLevel, classify:ADULT
10-03 02:11:53.313 D/BatteryChargeControl( 2045): bcc get no support from charging protocol
10-03 02:11:53.315 I/CardConfig.QuickAppCardProviderProxy( 7151): createdEntities(499): [11701_101, 11702_101, 100368_101, 100478_101, 100474_103, 100068_103, 100193_103, 100317_101, 100459_103, 100460_103, 100743_101, 100744_101, 100680_101, 100566_101, 100567_101, 100572_101, 100573_101, 10001050_101, 10001117_101, 100286_101, 10001793_101, 100443_101, 100504_101, 100505_101, 100473_101, 100701_101, 100702_101, 10001165_101, 100343_101, 100366_101, 100015_101, 100016_101, 10001403_101, 10001579_101, 10001580_101, 100485_101, 200553_101, 100502_101, 100532_101, 100564_101, 100565_101, 100617_101, 100619_101, 100623_101, 100664_101, 100665_101, 100670_101, 100696_101, 100697_101, 100698_101, 100736_101, 100745_101, 100752_101, 100753_101, 100754_101, 100755_101, 100756_101, 100757_101, 100758_101, 100759_101, 100760_101, 100762_101, 100763_101, 100764_101, 100740_101, 100741_101, 100007_101, 100673_101, 100674_101, 10000454_101, 10001393_101, 10001394_101, 10001528_101, 100385_101, 100437_101, 100271_101, 100225_101, 10001275_101, 10001277_101, 100141_101, 100029_101, 100480_101, 100482_101, 100484_101, 100712_101, 100017_101, 100569_101, 5_101, 100369_101, 100370_101, 10000004_101, 31_101, 100190_101, 100191_101, 100192_101, 100796_101, 100044_101, 100124_101, 100140_101, 100438_101, 100439_101, 100511_102, 100341_101, 100097_101, 100450_101, 100586_101, 100587_101, 100782_101, 10000115_101, 10001557_101, 10001465_101, 100707_101, 100245_101, 10000269_101, 100047_101, 100048_101, 100150_101, 100164_101, 100461_101, 100678_101, 201880_101, 201941_101, 201942_101, 201943_101, 201966_101, 201967_101, 201968_101, 10000555_101, 10000556_101, 10000557_101, 10001029_101, 10001107_101, 10001108_101, 10001111_101, 10001112_101, 10001468_101, 10001469_101, 10001470_101, 100483_101, 100486_101, 100490_101, 100581_101, 100605_101, 100624_101, 10000077_101, 10000307_101, 100371_101, 10000117_101, 100773_101, 100774_101, 100775_101, 100512_101, 100513_101, 100514_101, 100515_101, 100516_101, 100517_101, 100518_101, 100519_101, 100520_101, 100521_101, 100777_101, 100781_101, 201805_101, 201806_101, 201822_101, 10001027_101, 100584_101, 100241_101, 10001737_101, 10001738_101, 100522_101, 18_101, 12530_101, 100089_101, 100357_101, 100358_101, 100359_103, 100360_103, 100399_102, 100400_102, 100451_103, 100452_103, 100666_101, 100616_101, 11713_103, 100243_103, 100305_103, 100361_103, 100596_103, 100403_101, 100404_101, 10000817_101, 10000818_101, 10000819_101, 10000820_101, 10000821_101, 10000822_101, 10000823_101, 100401_101, 100402_101, 10000829_101, 10001251_101, 10001236_101, 10001237_101, 100436_101, 10001080_101, 100283_101, 10001282_101, 10001283_101, 10001284_101, 10001364_101, 10001302_101, 10001383_101, 100309_101, 100310_101, 100618_101, 100620_101, 100685_101, 100686_101, 100687_101, 100688_101, 100689_101, 100690_101, 100692_101, 100321_101, 100323_101, 100691_101, 100683_101, 100684_101, 100750_101, 10000143_101, 10000144_101, 10000157_101, 10000158_101, 100749_101, 100793_101, 100794_101, 10000046_101, 201879_101, 201919_101, 201921_101, 201922_101, 201923_101, 201924_101, 10000129_101, 201925_101, 201926_101, 201927_101, 201928_101, 201929_101, 201930_101, 201931_101, 201932_101, 201934_101, 201936_101, 201937_101, 201938_101, 201939_101, 201940_101, 100307_101, 100308_101, 10000193_101, 10000194_101, 10000195_101, 10000201_101, 10000276_101, 10000277_101, 10000318_101, 10000319_101, 10000339_101, 10000345_101, 10000347_101, 10000373_101, 10000374_101, 10000497_101, 10000487_101, 10000489_101, 10000590_101, 10000791_101, 10000792_101, 10000594_101, 10000595_101, 10000596_101, 10000597_101, 10000789_101, 10000790_101, 10000787_101, 10000788_101, 100248_101, 100253_101, 10000666_101, 10000983_101, 10000984_101, 10000985_101, 10000986_101, 10000811_101, 10000812_101, 10000813_101, 10000814_101, 10000815_101, 10000816_101, 10000650_101, 10001974_101, 201896_101, 201909_101, 201911_101, 10000145_101, 10000146_101, 10000147_101, 10000150_101, 10002202_101, 11007_101, 11687_101, 100458_101, 100724_1
10-03 02:11:53.315 I/CardConfig.QuickAppCardProviderProxy( 7151): 01, 100725_101, 100728_101, 100729_101, 100731_101, 100732_101, 100706_101, 10000766_101, 10000767_101, 10000768_101, 10001388_101, 10001389_101, 100318_101, 100319_101, 100465_101, 11616_101, 10000586_101, 100681_101, 10001140_101, 100074_101, 100454_101, 10001690_101, 10001770_101, 100137_102, 100214_102, 10001532_101, 10001534_101, 10001536_101, 10001537_101, 10001538_101, 100131_101, 100226_101, 100353_101, 100355_101, 100347_101, 11644_101, 100025_101, 100026_101, 100027_101, 100035_101, 100051_101, 100065_101, 100077_101, 100314_101, 10000293_101, 10001629_101, 10001630_101, 100356_101, 100479_101, 10000294_101, 10001196_101, 10001197_101, 10001209_101, 100469_101, 100456_101, 100525_101, 100497_103, 100218_101, 100571_101, 10001859_101, 10001860_101, 100783_101, 100784_101, 100785_101, 100786_101, 100787_101, 100788_101, 100789_101, 100790_101, 100791_101, 100792_101, 10000932_101, 100188_103, 100475_103, 100770_101, 10000218_101, 10001463_101, 100207_101, 100247_102, 100668_102, 100772_102, 10000130_102, 10000336_101, 100771_101, 10000068_101, 10000097_101, 100675_101, 100676_101, 100718_101, 100287_101, 100364_101, 100491_101, 100800_101, 100801_101, 201036_101, 10000360_101, 10000361_101, 10000362_101, 10000418_101, 10000482_101, 10000483_101, 10000491_101, 10000492_101, 10001006_101, 10001007_101, 10001365_101, 10001569_101, 10001752_101, 10001816_101, 100085_101, 100086_101, 100114_101, 100123_101, 100467_101, 100595_101, 10000137_101, 10001633_101, 10001634_101, 100198_101, 100267_101, 100268_101, 100316_101, 100328_101, 100332_101, 100333_101, 100335_101, 100492_101, 100570_101, 10000931_101, 10001356_101, 10001358_101, 10001772_101, 100045_101, 100205_101, 100311_101, 100324_101, 100329_101, 100440_101, 100441_101, 100442_101, 100447_101, 100449_101, 100471_101, 100723_101, 100726_101, 100727_101, 100730_101, 100733_101, 100734_101, 11703_101, 11704_101, 10001400_101, 10000379_101, 10000438_101, 10000707_101, 10000708_101, 10002152_101, 10002153_101, 10002154_101, 10002155_101, 10002191_101, 82_101, 83_101, 100281_101, 100346_101, 201669_101, 10000196_101, 10000197_101, 10000935_101, 10001954_101, 10001955_101, 11036_101, 100038_101, 100110_101, 100201_101, 100284_101, 100481_101, 10000228_101, 10000310_101, 10002250_101, 10002271_101, 100609_201, 100610_201, 10000622_201]
10-03 02:11:53.318 I/CardConfig.QuickAppCardProviderProxy( 7151): notifyDataChange elements equal, update nothing
10-03 02:11:53.319 I/AC_SDK_AMS_AcAccountManager( 9183): accountManager not null = true ,invoke method = getAccountLoginStatus
10-03 02:11:53.319 W/ActivityManager( 3557): Unable to start service Intent { act=com.heytap.mcs.action.RECEIVE_MCS_MESSAGE xflg=0x4 pkg=com.sohu.inputmethod.sogou (has extras) mCallingUid=1000 } U=0: not found
10-03 02:11:53.326 I/FuseDaemon( 7067): gc_priority_optimize fd is empty
10-03 02:11:53.326 I/FuseDaemon( 7067): open sharedFd failed with Permission denied
10-03 02:11:53.326 I/FuseDaemon( 7067): gc_priority_optimize set UX fail-1
10-03 02:11:53.327 I/FuseDaemon( 7067): gc_priority_optimize fd is empty
10-03 02:11:53.327 I/FuseDaemon( 7067): open sharedFd failed with Permission denied
10-03 02:11:53.327 I/FuseDaemon( 7067): gc_priority_optimize set UX fail-1
10-03 02:11:53.332 I/mars::stn(16976): [longlink_connect_monitor.cc:560, OnHeartbeatAlarmSet]:longlink_progress on_heartbeat_set, time: 58014, time interval:210000
10-03 02:11:53.336 W/libc    (16976): Access denied finding property "ro.bootimage.build.fingerprint"
10-03 02:11:53.336 W/libc    (16976): Access denied finding property "ro.secure"
10-03 02:11:53.336 W/libc    (16976): Access denied finding property "ro.debuggable"
10-03 02:11:53.337 I/mars::stn(16976): [longlink_connect_monitor.cc:560, OnHeartbeatAlarmSet]:longlink_progress on_heartbeat_set, time: 58020, time interval:210000
10-03 02:11:53.341 I/FuseDaemon( 7067): gc_priority_optimize fd is empty
10-03 02:11:53.341 I/FuseDaemon( 7067): open sharedFd failed with Permission denied
10-03 02:11:53.341 I/FuseDaemon( 7067): gc_priority_optimize set UX fail-1
10-03 02:11:53.342 I/FuseDaemon( 7067): gc_priority_optimize fd is empty
10-03 02:11:53.342 I/FuseDaemon( 7067): open sharedFd failed with Permission denied
10-03 02:11:53.342 I/FuseDaemon( 7067): gc_priority_optimize set UX fail-1
10-03 02:11:53.345 I/FuseDaemon( 7067): gc_priority_optimize fd is empty
10-03 02:11:53.345 I/FuseDaemon( 7067): open sharedFd failed with Permission denied
10-03 02:11:53.345 I/FuseDaemon( 7067): gc_priority_optimize set UX fail-1
10-03 02:11:53.346 I/FuseDaemon( 7067): gc_priority_optimize fd is empty
10-03 02:11:53.346 I/FuseDaemon( 7067): open sharedFd failed with Permission denied
10-03 02:11:53.346 I/FuseDaemon( 7067): gc_priority_optimize set UX fail-1
10-03 02:11:53.346 D/AS.AudioService( 3557): uid 10395, callingApp = com.tencent.mm
10-03 02:11:53.348 I/CardConfig.SeedingCardProviderProxy( 7151): updateCloudCardConfigsCache needDiscovery: false, discoveryErrorIds: []
10-03 02:11:53.348 I/CardConfig.SeedingCardProviderProxy( 7151): updateCloudCardConfigsCache, elements equal, update nothing
10-03 02:11:53.348 I/FuseDaemon( 7067): gc_priority_optimize fd is empty
10-03 02:11:53.348 I/FuseDaemon( 7067): open sharedFd failed with Permission denied
10-03 02:11:53.348 I/FuseDaemon( 7067): gc_priority_optimize set UX fail-1
10-03 02:11:53.348 W/System  (16976): Attempt to load writable file: /data/data/com.tencent.mm/tinker/patch-5dc72812/lib/lib/arm64-v8a/libmmv8.so. This will throw on a future Android version
10-03 02:11:53.349 I/FuseDaemon( 7067): gc_priority_optimize fd is empty
10-03 02:11:53.349 I/FuseDaemon( 7067): open sharedFd failed with Permission denied
10-03 02:11:53.349 I/FuseDaemon( 7067): gc_priority_optimize set UX fail-1
10-03 02:11:53.349 D/nativeloader(16976): Load /data/data/com.tencent.mm/tinker/patch-5dc72812/lib/lib/arm64-v8a/libmmv8.so using class loader ns clns-11 (caller=/data/user/0/com.tencent.mm/tinker/patch-5dc72812/dex/tinker_classN.apk!classes12.dex): ok
10-03 02:11:53.350 D/nativeloader(16976): Load /data/app/~~0Y4qp9LHk91WWkhR5ew1fA==/com.tencent.mm-RxYg0KQioYg5WlphnLzbaQ==/lib/arm64/libmmnode.so using class loader ns clns-11 (caller=/data/user/0/com.tencent.mm/tinker/patch-5dc72812/dex/tinker_classN.apk!classes12.dex): ok
10-03 02:11:53.350 I/ChiX    ( 1909): [oplusAON:QSEEAON_ServiceCallback oplusSrvType:1] Receive QSEEAON Callback
10-03 02:11:53.350 I/ChiX    ( 1909): [oplusAON:ProcessAONServiceEvent] AON Event notify for hClientHandle= 0xb40000769ea69840
10-03 02:11:53.350 I/ChiX    ( 1909): [oplusAON:ClientEventCallBack] AON Event notify srvType=1, clientHandle:0xb40000769ea69840
10-03 02:11:53.350 I/ChiX    ( 1909): [oplusAON:TranslateToAonCallbackInfo  AONServiceType: 1] Translate to Service Event Info
10-03 02:11:53.350 D/ChiX    ( 1909): [oplusAON:AddFusionResult] Translate to fuison Event Info
10-03 02:11:53.350 D/ChiX    ( 1909): [oplusAON:AddFusionResult] fusion:rotation_angle = 90.000000
10-03 02:11:53.350 D/ChiX    ( 1909): [oplusAON] fusion->count:0
10-03 02:11:53.350 D/ChiX    ( 1909): fusion->itemLength:20
10-03 02:11:53.350 I/CardConfig.SeedingCardProviderProxy( 7151): createdEntities(602): [666660100_101, 666660141_101, 10000045_101, 200666_101, 10001243_101, 201772_101, 200574_101, 201045_101, 268451922_101, 268451922_101, 268451922_101, 201055_101, 268451840_101, 268451840_101, 666660059_101, 201393_101, 268451840_101, 200840_101, 10000782_101, 201434_101, 10002103_101, 268452014_101, 268452014_101, 268451902_101, 666660172_101, 200717_101, 201741_101, 201782_101, 10000076_101, 10001315_101, 200031_101, 10000168_101, 666660008_101, 666660264_101, 666660203_101, 200851_101, 268451933_101, 200892_101, 268451933_101, 268451933_101, 10000189_101, 666660111_101, 10000107_101, 200206_101, 201015_101, 10001305_101, 666660121_101, 200216_101, 10001223_101, 536878255_101, 201752_101, 268451902_101, 268451902_101, 666660060_101, 666660019_101, 10001203_101, 268451923_101, 201414_101, 666660101_101, 268451923_101, 200175_101, 200144_101, 268454145_101, 10001336_101, 268451841_101, 268451841_101, 201639_101, 268451841_101, 268451841_101, 200482_101, 666660234_101, 10001254_101, 10000998_101, 201035_101, 200523_101, 666660109_101, 666660068_101, 10000699_101, 10000996_101, 10000187_101, 268451913_101, 268451913_101, 666660119_101, 10000658_101, 268451913_101, 200360_101, 10000105_101, 666660160_101, 201210_101, 666660027_101, 666660242_101, 200657_101, 666660201_101, 201978_101, 268451934_101, 200452_101, 201906_101, 10000085_101, 666660007_101, 666660263_101, 200534_101, 201343_101, 666660017_101, 666660191_101, 201312_101, 666660058_101, 666660099_101, 200585_101, 10001334_101, 201097_101, 666660253_101, 268452006_101, 201436_101, 10002205_101, 200668_101, 268451924_101, 201262_101, 200494_101, 200023_101, 10000802_101, 10001826_101, 268451842_101, 268451842_101, 268451842_101, 10002297_101, 666660222_101, 268454146_101, 10001273_101, 201057_101, 10000126_101, 201395_101, 200842_101, 268451934_101, 200545_101, 268451934_101, 666660069_101, 666660028_101, 10000526_101, 666660202_101, 666660110_101, 268451914_101, 268451914_101, 536879178_101, 268451914_101, 536879178_101, 536879178_101, 666660120_101, 666660079_101, 10001857_101, 268452047_101, 10000024_101, 268452047_101, 268452047_101, 10001734_101, 268452006_101, 268452006_101, 200858_101, 10001732_101, 10000022_101, 666660159_101, 666660118_101, 10001179_101, 201544_101, 666660128_101, 10001824_101, 10000800_101, 268451904_101, 268451904_101, 268451904_101, 10001271_101, 10002295_101, 200131_101, 10000544_101, 666660108_101, 10002101_101, 268451925_101, 268451925_101, 268451925_101, 201339_101, 10000227_101, 200356_101, 268454147_101, 201206_101, 10000524_101, 268451843_101, 10000780_101, 268451843_101, 200919_101, 201984_101, 201216_101, 666660067_101, 10001855_101, 666660026_101, 666660200_101, 201043_101, 200101_101, 666660221_101, 200572_101, 268451915_101, 10000852_101, 268451915_101, 268451915_101, 201637_101, 10000043_101, 200183_101, 666660057_101, 10001241_101, 200838_101, 666660190_101, 268452048_101, 201391_101, 268452048_101, 666660098_101, 268452048_101, 201770_101, 268452007_101, 200664_101, 268452007_101, 268452007_101, 200019_101, 268451854_101, 200029_101, 268452028_101, 10001221_101, 268452028_101, 666660078_101, 268452028_101, 10000074_101, 201780_101, 201053_101, 10001313_101, 10000289_101, 268451905_101, 268451905_101, 268451905_101, 10000504_101, 201739_101, 200715_101, 666660219_101, 268451844_101, 201013_101, 268451844_101, 268451844_101, 201310_101, 10000164_101, 10000850_101, 268454148_101, 666660137_101, 201750_101, 666660096_101, 268451936_101, 10000041_101, 268451936_101, 200849_101, 268451854_101, 268451854_101, 666660117_101, 10000062_101, 200173_101, 268451916_101, 10001219_101, 200214_101, 268451916_101, 200982_101, 200470_101, 201412_101, 200224_101, 10000072_101, 268452008_101, 201033_101, 268452008_101, 666660209_101, 268452008_101, 10001311_101, 10000031_101, 10000502_101, 666660168_101, 10000287_101, 200860_101, 666660015_101, 10000994_101, 666660189_101, 10001332_101, 268451906_101, 268451906_101, 10000185_1
10-03 02:11:53.350 I/CardConfig.SeedingCardProviderProxy( 7151): 01, 268451906_101, 666660199_101, 200358_101, 201208_101, 200440_101, 10000656_101, 10000738_101, 201976_101, 200655_101, 10000697_101, 666660066_101, 201546_101, 666660107_101, 10000103_101, 268454149_101, 666660220_101, 268451845_101, 10000124_101, 268451845_101, 268451845_101, 10001445_101, 201341_101, 666660056_101, 268451937_101, 666660097_101, 10000810_101, 268451937_101, 268451937_101, 200583_101, 201904_101, 666660013_101, 200364_101, 268451917_101, 268451917_101, 268451917_101, 666660054_101, 200446_101, 201900_101, 200917_101, 666660105_101, 666660064_101, 10001586_101, 268452009_101, 10000736_101, 268452009_101, 268452009_101, 10000992_101, 10001330_101, 10000654_101, 200579_101, 268451927_101, 10000695_101, 666660146_101, 10000183_101, 10001207_101, 666660218_101, 10001443_101, 201101_101, 268451907_101, 268451907_101, 200384_101, 200896_101, 200169_101, 10000808_101, 666660259_101, 200507_101, 201019_101, 666660116_101, 10001853_101, 666660157_101, 200037_101, 200549_101, 666660198_101, 200119_101, 10000532_101, 268451938_101, 268451938_101, 268451938_101, 10001177_101, 666660167_101, 10000327_101, 200856_101, 10000542_101, 666660034_101, 666660208_101, 666660229_101, 268451918_101, 536879151_101, 536879151_101, 666660055_101, 666660014_101, 10002099_101, 10000778_101, 268452010_101, 268452010_101, 666660065_101, 536874236_101, 268452010_101, 201214_101, 201982_101, 268451928_101, 10000225_101, 268451928_101, 666660106_101, 268451928_101, 201337_101, 536874236_101, 666660237_101, 200570_101, 200181_101, 268451908_101, 268451908_101, 666660063_101, 268451908_101, 10000530_101, 200222_101, 201031_101, 201768_101, 200488_101, 201041_101, 200273_101, 200017_101, 666660032_101, 666660206_101, 10000786_101, 268452000_101, 666660155_101, 200099_101, 666660012_101, 201778_101, 666660135_101, 10000172_101, 201389_101, 666660104_101, 10000776_101, 201051_101, 10000223_101, 10000500_101, 201308_101, 10000029_101, 10000285_101, 10001309_101, 666660166_101, 201902_101, 10000162_101, 10001227_101, 200581_101, 268451929_101, 268451929_101, 268451929_101, 10000848_101, 200847_101, 268454151_101, 200458_101, 200202_101, 201011_101, 666660217_101, 200212_101, 200980_101, 201410_101, 268451909_101, 10000060_101, 200591_101, 10001217_101, 268452001_101, 10001258_101, 10001002_101, 268452001_101, 201369_101, 268452001_101, 666660207_101, 666660115_101, 200898_101, 268451919_101, 200386_101, 268451919_101, 201324_101, 666660164_101, 201365_101, 200894_101, 10001307_101, 666660205_101, 200167_101, 10000027_101, 10001225_101, 666660215_101, 10000160_101, 200177_101, 666660174_101, 201754_101, 200218_101, 10001205_101, 200996_101, 10000181_101, 268452012_101, 200525_101, 666660236_101, 268452012_101, 666660103_101, 666660062_101, 268452012_101, 200566_101, 200095_101, 268451930_101, 268451930_101, 268451930_101, 201047_101, 201774_101, 10001338_101, 10001256_101, 10001000_101, 201385_101, 268451848_101, 268451848_101, 10000191_101, 268451848_101, 666660154_101, 200659_101, 10000038_101, 201898_101, 200915_101, 666660134_101, 201212_101, 201980_101, 268452002_101, 268452002_101, 268452002_101, 10000089_101, 200536_101, 10001584_101, 201345_101, 200577_101, 10000734_101, 666660267_101, 200362_101, 10000540_101, 201908_101, 201099_101, 10000325_101, 666660165_101, 268451859_101, 268451859_101, 268451859_101, 666660257_101, 10001441_101, 200464_101, 666660083_101, 666660216_101, 10000806_101, 268452013_101, 268452013_101, 268452013_101, 200547_101, 666660255_101, 201438_101, 666660173_101, 666660214_101, 10001828_101, 268451931_101, 10000804_101, 268451931_101, 200199_101, 268451931_101, 10002299_101, 10000036_101, 268451849_101, 268451849_101, 268452023_101, 268452023_101, 10001582_101, 200035_101, 268452023_101, 10000128_101, 10000087_101, 666660163_101, 666660204_101, 666660071_101, 666660030_101, 10000323_101, 268451921_101, 268451921_101, 10001736_101, 10002207_101, 666660061_101, 200220_101, 268451901_101, 200476_101, 666660020_101, 268
10-03 02:11:53.350 I/CardConfig.SeedingCardProviderProxy( 7151): 451901_101, 268451860_101, 201029_101, 10001245_101, 666660102_101, 666660143_101, 268451860_101, 201367_101, 200271_101, 200015_101, 200568_101, 10000528_101, 10000784_101, 200097_101, 666660194_101, 200179_101, 268452014_101, 200998_101, 10000170_101, 201039_101, 201776_101, 268452024_101, 201049_101, 200025_101, 268452024_101, 268452024_101, 666660266_101, 201387_101]
10-03 02:11:53.350 D/nativeloader(16976): Load /data/app/~~0Y4qp9LHk91WWkhR5ew1fA==/com.tencent.mm-RxYg0KQioYg5WlphnLzbaQ==/lib/arm64/libcrypto.so using class loader ns clns-11 (caller=/data/user/0/com.tencent.mm/tinker/patch-5dc72812/dex/tinker_classN.apk!classes12.dex): ok
10-03 02:11:53.350 D/nativeloader(16976): Load /data/app/~~0Y4qp9LHk91WWkhR5ew1fA==/com.tencent.mm-RxYg0KQioYg5WlphnLzbaQ==/lib/arm64/libwechatboost.so using class loader ns clns-11 (caller=/data/user/0/com.tencent.mm/tinker/patch-5dc72812/dex/tinker_classN.apk!classes12.dex): ok
10-03 02:11:53.351 D/jnicat  (16976): cacheitem("java/lang/Throwable", "toString", "()Ljava/lang/String;", 1)
10-03 02:11:53.351 D/jnicat  (16976): cacheitem("android/util/Log", "getStackTraceString", "(Ljava/lang/Throwable;)Ljava/lang/String;", 2)
10-03 02:11:53.351 D/jnicat  (16976): cacheitem("com/tencent/mars/mm/MMStnManager$CallBack", "receiveWeakNetNotify", "(ZI)V", 1)
10-03 02:11:53.351 D/jnicat  (16976): cacheitem("com/tencent/mars/sdt/SdtManager$CallBack", "reportSignalDetectResults", "(Ljava/lang/String;)V", 1)
10-03 02:11:53.351 D/jnicat  (16976): cacheitem("com/tencent/paymars/mm/MMStnManager$CallBack", "receiveWeakNetNotify", "(ZI)V", 1)
10-03 02:11:53.351 D/jnicat  (16976): cacheitem("com/tencent/paymars/sdt/SdtManager$CallBack", "reportSignalDetectResults", "(Ljava/lang/String;)V", 1)
10-03 02:11:53.352 I/CardConfig.SeedingCardProviderProxy( 7151): notifyDataChange elements equal, update nothing
10-03 02:11:53.352 D/AONLog  (12042): SensorHubAonManager: [notify] clientHandle:-5476376637414664128,isStopped:false, callback:k.g@dddbe50
10-03 02:11:53.352 D/AONLog  (12042): SensorHubAonManager: aonCallBackInfo-> serviceType:1, results:[Lvendor.oplus.hardware.camera.aon.AONResult;@97e9272
10-03 02:11:53.352 D/AONLog  (12042): AONResultsClassify: convertToResult
10-03 02:11:53.352 D/AONLog  (12042): AONResultsClassify: have FusionResult
10-03 02:11:53.352 D/AONLog  (12042): sensorhub_engine: engineSwitchOn = true runningCmds.size()=1 stopRunningCmds.size()=0
10-03 02:11:53.352 D/AONLog  (12042): OSensorHubResultProcess: transform inParams：com.aon.service.aonsensorhublib.p@1af46c3
10-03 02:11:53.352 D/AONLog  (12042): OSensorHubResultProcess: transform fusionResult getDataCount：0 rotateAngle = 90
10-03 02:11:53.352 I/AONLog  (12042): i: detect->faces num = 0, gesture num = 0
10-03 02:11:53.352 I/AONLog  (12042): GAZESTATE: enter gaze detect0
10-03 02:11:53.352 I/AONLog  (12042): GAZESTATE: final gaze state:false
10-03 02:11:53.352 D/nativeloader(16976): Load /data/app/~~0Y4qp9LHk91WWkhR5ew1fA==/com.tencent.mm-RxYg0KQioYg5WlphnLzbaQ==/lib/arm64/libwxa-runtime-binding.so using class loader ns clns-11 (caller=/data/user/0/com.tencent.mm/tinker/patch-5dc72812/dex/tinker_classN.apk!classes12.dex): ok
10-03 02:11:53.352 D/AONLog  (12042): EngineContext: clear engine Context
10-03 02:11:53.352 D/AONLog  (12042): FramePackage: clear framePackage:0
10-03 02:11:53.352 D/AONLog  (12042): EngineContext: clear human Detected List
10-03 02:11:53.353 I/ChiX    ( 1909): [oplusAON:ProcessAONServiceEvent] AON Event notify: Success callback:0xb40000769ea6a460 for hClientHandle= 0xb40000769ea69840
10-03 02:11:53.353 I/OplusHansManager ( 3557): pkg: com.google.android.gsf has gms-backup-service
10-03 02:11:53.354 I/OplusHansManager ( 3557): uid=10258, pkg=com.google.android.gsf cannot transition from R to M, importance=gms-backup-service
10-03 02:11:53.355 I/AONLog  (12042): ListenerManager: type = 1  eventInfo = 65538
10-03 02:11:53.355 I/AONLog  (12042): ListenerManager: notifySpecialObserver lock. AonCmdType:393217
10-03 02:11:53.355 I/AONLog  (12042): AONAttentionService: onEventParam event:65538 callback:com.oplus.wrapper.service.attention.IAttentionService%24Stub%241%241@7534003
10-03 02:11:53.359 D/BoundBrokerSvc( 9760): onUnbind: Intent { act=com.google.android.gms.auth.proximity.devicesyncservice.START dat=chimera-action:/... xflg=0x4 cmp=com.google.android.gms/.chimera.PersistentBoundBrokerService mCallingUid=99910258 }
10-03 02:11:53.363 I/SDM     ( 1951): DisplayBase::CommitThread: Received idle timeout, panel: cmd, timeout: 70000 us
10-03 02:11:53.365 I/CardConfig.CardConfigRepository( 7151): updateAndNotify, elements equal, update nothing
10-03 02:11:53.374 D/BoundBrokerSvc( 9760): onUnbind: Intent { act=com.google.android.gms.time.trustedtime.service.START dat=chimera-action:/... xflg=0x4 cmp=com.google.android.gms/.chimera.PersistentDirectBootAwareApiService mCallingUid=99910258 }
10-03 02:11:53.375 W/System  ( 7151): A resource failed to call AbstractCursor.close. 
10-03 02:11:53.375 W/System  ( 7151): A resource failed to call CursorWrapperInner.close. 
10-03 02:11:53.375 W/System  ( 7151): A resource failed to call AbstractCursor.close. 
10-03 02:11:53.375 W/System  ( 7151): A resource failed to call CursorWrapperInner.close. 
10-03 02:11:53.375 W/System  ( 7151): A resource failed to call AbstractCursor.close. 
10-03 02:11:53.375 W/System  ( 7151): A resource failed to call CursorWrapperInner.close. 
10-03 02:11:53.375 W/System  ( 7151): A resource failed to call AbstractCursor.close. 
10-03 02:11:53.375 W/System  ( 7151): A resource failed to call CursorWrapperInner.close. 
10-03 02:11:53.375 W/System  ( 7151): A resource failed to call AbstractCursor.close. 
10-03 02:11:53.375 W/System  ( 7151): A resource failed to call CursorWrapperInner.close. 
10-03 02:11:53.375 W/System  ( 7151): A resource failed to call close. 
10-03 02:11:53.375 W/System  ( 7151): A resource failed to call close. 
10-03 02:11:53.376 I/OplusCpuLimitManager( 3557): OplusCpuHighLoad: release instant cpu load
10-03 02:11:53.424 I/mars::stn(16976): [longlink_task_manager.cc:764, __SingleRespHandle]:cgi trace error: (9, -15), cost:704, rtt:0, svr:(, 0, NullIP)
10-03 02:11:53.439 W/libc    (16976): Access denied finding property "net.dns1"
10-03 02:11:53.439 W/libc    (16976): Access denied finding property "net.dns2"
10-03 02:11:53.440 I/RemoteControl_main_DeviceStateScene( 9183): (DeviceStateScene) refresh count: 8
10-03 02:11:53.443 D/SensorFeature( 2024): name=ssc_screenshot_info ,index = 22
10-03 02:11:53.443 D/SensorFeature( 2024): write 29 bytes:58093591746,58124449298,136,0
10-03 02:11:53.444 D/NotificationService--OplusNotificationManagerServiceExtImpl( 3557): shouldInterceptToast: 
10-03 02:11:53.446 D/NotificationService( 3557): Show next toast CurrentToastShown =false
10-03 02:11:53.447 I/ostats_tpd( 6762): stats_write, records atomId:100100, event_id:868, cpu:0, values: 868-0-1-207-(cpu-1-2-1)-26-2-1
10-03 02:11:53.453 I/ChiX    ( 1909): [oplusAON:QSEEAON_ServiceCallback oplusSrvType:1] Receive QSEEAON Callback
10-03 02:11:53.454 I/ndroid.systemui( 5144): AssetManager2(0xb40000751705f828) locale list changing from [] to [zh-CN]
10-03 02:11:53.455 I/mars::stn(16976): [longlink_connect_monitor.cc:123, __LongLinkStateToSystemLog]:longlink_progress longlink state: connecting time: 58137
10-03 02:11:53.456 W/HWUI    ( 5144): Image decoding logging dropped!
10-03 02:11:53.456 I/ChiX    ( 1909): [oplusAON:ProcessAONServiceEvent] AON Event notify for hClientHandle= 0xb40000769ea69840
10-03 02:11:53.456 I/ChiX    ( 1909): [oplusAON:ClientEventCallBack] AON Event notify srvType=1, clientHandle:0xb40000769ea69840
10-03 02:11:53.456 I/ChiX    ( 1909): [oplusAON:TranslateToAonCallbackInfo  AONServiceType: 1] Translate to Service Event Info
10-03 02:11:53.456 D/ChiX    ( 1909): [oplusAON:AddFusionResult] Translate to fuison Event Info
10-03 02:11:53.456 D/ChiX    ( 1909): [oplusAON:AddFusionResult] fusion:rotation_angle = 90.000000
10-03 02:11:53.456 D/ChiX    ( 1909): [oplusAON] fusion->count:0
10-03 02:11:53.456 D/ChiX    ( 1909): fusion->itemLength:20
10-03 02:11:53.457 D/AONLog  (12042): SensorHubAonManager: [notify] clientHandle:-5476376637414664128,isStopped:false, callback:k.g@dddbe50
10-03 02:11:53.457 W/HWUI    ( 5144): Image decoding logging dropped!
10-03 02:11:53.458 D/OplusUxIconAppCheckUtils( 5144): preset local list = [com.coloros.bbs, com.oneplus.note, com.oneplus.soundrecorder, com.coloros.operationtips, com.oplus.consumerIRApp, com.oneplus.backuprestore, com.coloros.filemanager, com.oplus.themestore, com.heytap.book, com.heytap.cloud, com.coloros.findphone.client2, com.coloros.musiclink, com.heytap.market, com.coloros.gallery3d, com.oneplus.member, com.oneplus.camera, com.coloros.findmyphone, com.heytap.health, com.realmecomm.app, com.oneplus.brickmode, com.android.contacts, com.oplus.aimemory, com.heytap.reader, com.coloros.phonemanager, com.heytap.speechassist, com.coloros.digitalwellbeing, com.realme.storecn, com.oplus.videoeditor, com.netease.mail, com.coloros.soundrecorder, com.oplus.camera, com.oplus.vip, com.realmestore.app, com.coloros.backuprestore, com.coloros.shortcuts, com.heytap.music, com.android.stk, com.heytap.yoli, com.coloros.translate, com.oppo.camera, com.android.fmradio, com.coloros.calculator, com.coloros.aruler, com.coloros.weather2, com.oplus.games, com.android.email, com.coloros.onekeylockscreen, com.oplus.tips, com.coloros.alarmclock, com.redteamobile.roaming, com.oplus.member, com.oplus.play, net.oneplus.weather, com.google.android.contacts, com.coloros.video, com.heytap.usercenter, com.oppo.community, com.oneplus.deskclock, com.coloros.note, com.coloros.compass2, com.oneplus.filemanager, com.coloros.encryptiont, com.coloros.gamespaceui, com.oneplus.gallery, com.oneplus.mall, andes.oplus.documentsreader, com.coloros.calendar, com.caf.fmradio, com.heytap.smarthome, com.nearme.gamecenter, com.oneplus.calculator, com.android.bluetooth, net.oneplus.forums, com.heytap.vip, com.android.mms, com.coloros.familyguard, com.finshell.wallet, com.oneplus.bbs, com.google.android.dialer, com.heytap.themestore, com.oppo.im, com.heytap.browser, com.android.settings]
10-03 02:11:53.458 D/AONLog  (12042): SensorHubAonManager: aonCallBackInfo-> serviceType:1, results:[Lvendor.oplus.hardware.camera.aon.AONResult;@d02bb40
10-03 02:11:53.458 D/AONLog  (12042): AONResultsClassify: convertToResult
10-03 02:11:53.458 D/AONLog  (12042): AONResultsClassify: have FusionResult
10-03 02:11:53.458 D/AONLog  (12042): sensorhub_engine: engineSwitchOn = true runningCmds.size()=1 stopRunningCmds.size()=0
10-03 02:11:53.459 W/libc    (16976): Access denied finding property "net.dns1"
10-03 02:11:53.460 W/libc    (16976): Access denied finding property "net.dns2"
10-03 02:11:53.460 W/HWUI    ( 5144): Image decoding logging dropped!
10-03 02:11:53.459 D/AONLog  (12042): OSensorHubResultProcess: transform inParams：com.aon.service.aonsensorhublib.p@2b76a79
10-03 02:11:53.460 D/AONLog  (12042): OSensorHubResultProcess: transform fusionResult getDataCount：0 rotateAngle = 90
10-03 02:11:53.460 I/AONLog  (12042): i: detect->faces num = 0, gesture num = 0
10-03 02:11:53.461 I/AONLog  (12042): GAZESTATE: enter gaze detect0
10-03 02:11:53.462 I/ChiX    ( 1909): [oplusAON:ProcessAONServiceEvent] AON Event notify: Success callback:0xb40000769ea6a460 for hClientHandle= 0xb40000769ea69840
10-03 02:11:53.462 W/HWUI    ( 5144): Image decoding logging dropped!
10-03 02:11:53.463 I/AONLog  (12042): GAZESTATE: final gaze state:false
10-03 02:11:53.463 I/ndroid.systemui( 5144): AssetManager2(0xb400007517060d28) locale list changing from [] to [zh-CN]
10-03 02:11:53.464 D/AONLog  (12042): EngineContext: clear engine Context
10-03 02:11:53.464 I/AONLog  (12042): ListenerManager: type = 1  eventInfo = 65538
10-03 02:11:53.464 I/AONLog  (12042): ListenerManager: notifySpecialObserver lock. AonCmdType:393217
10-03 02:11:53.464 I/SystemUi--Notification( 5144): OplusNotificationLogger-->TOAST-->showToast , pkg = com.tencent.mm, uid = 10395 , token = android.os.BinderProxy@b20d530 , content = no_need_print
10-03 02:11:53.464 I/AONLog  (12042): AONAttentionService: onEventParam event:65538 callback:com.oplus.wrapper.service.attention.IAttentionService%24Stub%241%241@7534003
10-03 02:11:53.464 D/AONLog  (12042): FramePackage: clear framePackage:0
10-03 02:11:53.464 D/AONLog  (12042): EngineContext: clear human Detected List
10-03 02:11:53.465 D/WindowManager( 5144): Add to mViews: com.oplus.systemui.toast.OplusToastLayout{cf2672e I.E...... ......I. 0,0-0,0 alpha=1.0 viewInfo = },pkg= com.android.systemui
10-03 02:11:53.465 D/skia    ( 5144): setRusSupported enable 1
10-03 02:11:53.468 W/libc    (16976): Access denied finding property "net.dns1"
10-03 02:11:53.468 W/libc    (16976): Access denied finding property "net.dns2"
10-03 02:11:53.469 W/libc    (16976): Access denied finding property "net.dns1"
10-03 02:11:53.470 W/libc    (16976): Access denied finding property "net.dns2"
10-03 02:11:53.470 D/PhoneWindowManagerExtImpl( 3557): checkAddPermission: com.oplus.permission.safe.WINDOW OKAY packageName = com.android.systemui
10-03 02:11:53.471 I/WindowManager( 3557): addWindow: New client android.os.BinderProxy@85d2b29 : window=Window{d880eae u0 Toast}
10-03 02:11:53.472 D/ViewRootImplExtImpl( 5144): onDisplayChanged -1 for VRI android.view.ViewRootImpl@2c1c83a
10-03 02:11:53.473 I/AccessibilityWindowsPopulator( 3557): getInsensibleFlag flag = 0
10-03 02:11:53.476 E/OplusBracketLog( 5144): [OplusViewMirrorManager] updateHostViewRootIfNeeded, not support android.view.ViewRootImpl@2c1c83a
10-03 02:11:53.477 I/sensors-hal( 1882): handle_oplus_wise_rgb_event:160, wise_rgb:(687)(cct,lux,ir)[5633.01, 47.62, 0.000000](rgbc)[1648.55, 1268.47, 644.24, 3546.47](pwm,hbm,brl,algo)[0.0 0.0 1053.0 2.0],flag 136
10-03 02:11:53.477 V/WindowManager( 3557): Relayout Window{d880eae u0 Toast}: viewVisibility=4, oldvis=4, req=1180x336 , apr = 0, vsysui=, x=0, y=224
10-03 02:11:53.478 D/WindowManager( 3557): NFW_findFocusedWindowIfNeeded:Window{f9361e6 u0 com.android.systemui} mCurrentFocus:Window{f9361e6 u0 com.android.systemui}
10-03 02:11:53.485 V/WindowManager( 3557): Relayout Window{d880eae u0 Toast}: viewVisibility=4, oldvis=4, req=1052x336 , apr = 0, vsysui=
10-03 02:11:53.489 W/libc    (16976): Access denied finding property "net.dns1"
10-03 02:11:53.493 D/osense.compress( 3557): com.tencent.mobileqq do shrink, target ratio = 10, final ratio = 20, cur ratio = 0
10-03 02:11:53.494 W/libc    (16976): Access denied finding property "net.dns2"
10-03 02:11:53.494 V/WindowManager( 3557): Relayout Window{d880eae u0 Toast}: viewVisibility=0, oldvis=4, req=1192x381 , apr = 0, vsysui=
10-03 02:11:53.494 I/WindowManager( 3557): Window{d880eae u0 Toast} state from NO_SURFACE to DRAW_PENDING; reason: resetDrawState
10-03 02:11:53.498 D/WindowManager( 3557): NFW_findFocusedWindowIfNeeded:Window{f9361e6 u0 com.android.systemui} mCurrentFocus:Window{f9361e6 u0 com.android.systemui}
10-03 02:11:53.498 D/BufferQueueConsumer( 5144): [](id:14180000000d,api:0,p:-1,c:5144) connect: controlledByApp=false
10-03 02:11:53.499 D/BufferQueueConsumer( 5144): [VRI[Toast]#12(BLAST Consumer)12](id:14180000000d,api:0,p:-1,c:5144) setMaxAcquiredBufferCount: 2
10-03 02:11:53.501 D/HWUI    ( 5144): createSurface new attribs array
10-03 02:11:53.501 D/libEGL  ( 5144): this is from skia gles
10-03 02:11:53.501 D/BufferQueueProducer( 5144): [VRI[Toast]#12(BLAST Consumer)12](id:14180000000d,api:1,p:5144,c:5144) connect: api=1 producerControlledByApp=true
10-03 02:11:53.502 I/SurfaceControl( 5144):  setExtendedRangeBrightness sc=Surface(name=Toast)/@0x3154c8c,currentBufferRatio=1.0,desiredRatio=1.0
10-03 02:11:53.506 D/BLASTBufferQueue( 5144): [VRI[Toast]#12](f:0,a:1) acquireNextBufferLocked size=1192x381 mFrameNumber=1 applyTransaction=true mTimestamp=58188998569(auto) mPendingTransactions.size=0 graphicBufferId=22093311770698 transform=0
10-03 02:11:53.506 I/ostats_tpd( 6762): stats_write, records atomId:100100, event_id:868, cpu:0, values: 868-0-1-207-(cpu-1-2-1)-26-2-1
10-03 02:11:53.507 D/VRI[Toast]( 5144): Received frameCommittedCallback lastAttemptedDrawFrameNum=1 didProduceBuffer=true syncBuffer=false
10-03 02:11:53.507 D/VRI[Toast]( 5144): draw finished. seqId=0
10-03 02:11:53.508 I/WindowManager( 3557): Window{d880eae u0 Toast} state from DRAW_PENDING to COMMIT_DRAW_PENDING; reason: finishDrawingLocked
10-03 02:11:53.508 I/SurfaceControl( 5144):  setExtendedRangeBrightness sc=Surface(name=Toast)/@0x3154c8c,currentBufferRatio=1.0,desiredRatio=1.0
10-03 02:11:53.508 V/WindowManager( 3557): Relayout Window{d880eae u0 Toast}: viewVisibility=0, oldvis=0, req=1192x381 , apr = 0, vsysui=
10-03 02:11:53.509 D/VRI[Toast]( 5144): Received frameCommittedCallback lastAttemptedDrawFrameNum=2 didProduceBuffer=true syncBuffer=false
10-03 02:11:53.509 D/VRI[Toast]( 5144): draw finished. seqId=0
10-03 02:11:53.509 I/WindowManager( 3557): Window{d880eae u0 Toast} state from COMMIT_DRAW_PENDING to READY_TO_SHOW; reason: commitFinishDrawingLocked
10-03 02:11:53.509 I/WindowManager( 3557): Window{d880eae u0 Toast} state from READY_TO_SHOW to HAS_DRAWN; reason: performShowLocked
10-03 02:11:53.521 W/libc    (16976): Access denied finding property "net.dns1"
10-03 02:11:53.521 W/libc    (16976): Access denied finding property "net.dns2"
10-03 02:11:53.527 I/AccessibilityWindowsPopulator( 3557): getInsensibleFlag flag = 0
10-03 02:11:53.544 I/ostats_tpd( 6762): stats_write, records atomId:100100, event_id:868, cpu:0, values: 868-0-1-207-(cpu-1-2-1)-26-2-1
10-03 02:11:53.546 W/libc    (16976): Access denied finding property "net.dns1"
10-03 02:11:53.546 W/libc    (16976): Access denied finding property "net.dns2"
10-03 02:11:53.550 I/ChiX    ( 1909): [oplusAON:QSEEAON_ServiceCallback oplusSrvType:1] Receive QSEEAON Callback
10-03 02:11:53.550 I/ChiX    ( 1909): [oplusAON:ProcessAONServiceEvent] AON Event notify for hClientHandle= 0xb40000769ea69840
10-03 02:11:53.550 I/ChiX    ( 1909): [oplusAON:ClientEventCallBack] AON Event notify srvType=1, clientHandle:0xb40000769ea69840
10-03 02:11:53.550 I/ChiX    ( 1909): [oplusAON:TranslateToAonCallbackInfo  AONServiceType: 1] Translate to Service Event Info
10-03 02:11:53.550 D/ChiX    ( 1909): [oplusAON:AddFusionResult] Translate to fuison Event Info
10-03 02:11:53.550 D/ChiX    ( 1909): [oplusAON:AddFusionResult] fusion:rotation_angle = 90.000000
10-03 02:11:53.550 D/ChiX    ( 1909): [oplusAON] fusion->count:0
10-03 02:11:53.550 D/ChiX    ( 1909): fusion->itemLength:20
10-03 02:11:53.551 D/AONLog  (12042): SensorHubAonManager: [notify] clientHandle:-5476376637414664128,isStopped:false, callback:k.g@dddbe50
10-03 02:11:53.551 D/AONLog  (12042): SensorHubAonManager: aonCallBackInfo-> serviceType:1, results:[Lvendor.oplus.hardware.camera.aon.AONResult;@d1f63be
10-03 02:11:53.551 D/AONLog  (12042): AONResultsClassify: convertToResult
10-03 02:11:53.551 D/AONLog  (12042): AONResultsClassify: have FusionResult
10-03 02:11:53.551 D/AONLog  (12042): sensorhub_engine: engineSwitchOn = true runningCmds.size()=1 stopRunningCmds.size()=0
10-03 02:11:53.551 I/ChiX    ( 1909): [oplusAON:ProcessAONServiceEvent] AON Event notify: Success callback:0xb40000769ea6a460 for hClientHandle= 0xb40000769ea69840
10-03 02:11:53.553 D/AONLog  (12042): OSensorHubResultProcess: transform inParams：com.aon.service.aonsensorhublib.p@9b58c1f
10-03 02:11:53.554 D/AONLog  (12042): OSensorHubResultProcess: transform fusionResult getDataCount：0 rotateAngle = 90
10-03 02:11:53.554 I/AONLog  (12042): i: detect->faces num = 0, gesture num = 0
10-03 02:11:53.554 I/AONLog  (12042): GAZESTATE: enter gaze detect0
10-03 02:11:53.554 I/AONLog  (12042): GAZESTATE: final gaze state:false
10-03 02:11:53.554 D/AONLog  (12042): EngineContext: clear engine Context
10-03 02:11:53.554 D/AONLog  (12042): FramePackage: clear framePackage:0
10-03 02:11:53.554 D/AONLog  (12042): EngineContext: clear human Detected List
10-03 02:11:53.554 I/AONLog  (12042): ListenerManager: type = 1  eventInfo = 65538
10-03 02:11:53.555 I/AONLog  (12042): ListenerManager: notifySpecialObserver lock. AonCmdType:393217
10-03 02:11:53.555 I/AONLog  (12042): AONAttentionService: onEventParam event:65538 callback:com.oplus.wrapper.service.attention.IAttentionService%24Stub%241%241@7534003
10-03 02:11:53.555 I/AccessibilityWindowsPopulator( 3557): getInsensibleFlag flag = 0
10-03 02:11:53.573 I/mars::stn(16976): [longlink_connect_monitor.cc:123, __LongLinkStateToSystemLog]:longlink_progress longlink state: connected time: 58255
10-03 02:11:53.590 D/NetworkService[0]( 5280): getIfIndexByNetid netId:104,ifName:rmnet_data3,ifIndex:27
10-03 02:11:53.590 D/NetworkService[1]( 5280): getIfIndexByNetid netId:104,ifName:,ifIndex:-1
10-03 02:11:53.592 I/metis_v2_SettingUtils( 8433): initAppState, switchJsonStr:{"com.baidu.BaiduMap":0.0,"com.oplus.consumerIRApp":0.0,"com.unionpay":0.0,"app.net.sharemoe":0.0,"com.tencent.mm":0.0,"com.xunmeng.pinduoduo":0.0,"com.tencent.mobileqq":0.0,"com.coloros.filemanager":0.0,"com.kugou.android.lite":0.0,"gov.pianzong.androidnga":0.0,"com.oneplus.member":0.0,"com.tencent.weread":0.0,"com.hypergryph.arknights.bilibili":0.0,"com.heytap.health":0.0,"com.maidu.gkld":0.0,"com.netease.cloudmusic":0.0,"com.dmzjsq.manhua":0.0,"com.sohu.inputmethod.sogou":0.0,"com.miui.calculator":0.0,"com.oneplus.brickmode":0.0,"com.baidu.tieba":0.0,"com.microsoft.rdc.androidx":0.0,"android.v2board.app":0,"com.coloros.soundrecorder":0.0,"com.coloros.shortcuts":0.0,"com.heytap.yoli":0.0,"com.coloros.translate":0.0,"com.maxmpz.audioplayer":0.0,"com.limelight":0.0,"com.huatu.handheld_huatu":0.0,"com.fenbi.android.servant":0.0,"com.coloros.weather2":0.0,"com.gov.cn":0.0,"com.bilibili.comic":0.0,"com.android.email":0.0,"com.eg.android.AlipayGphone":0.0,"com.offcn.android.offcn":0.0,"com.zhihu.android":0.0,"com.coloros.alarmclock":0.0,"com.redteamobile.roaming":0.0,"org.mewx.wenku8":0.0,"net.mfuns.app.asuka":0.0,"com.taobao.taobao":0.0,"com.coloros.note":0.0,"com.hexin.plat.android":0.0,"com.onbonbx.ledshowtw":0.0,"com.hermes.mk.bilibili":0.0,"tv.acfundanmaku.video":0.0,"com.duolingo":0.0,"com.tencent.hunyuan.app.chat":0.0,"com.coloros.compass2":0.0,"andes.oplus.documentsreader":0.0,"com.coloros.calendar":0.0,"com.vivo.easyshare":0.0,"com.taobao.idlefish":0.0,"com.chaozh.iReaderFree":0.0,"cn.wps.moffice_eng":0.0,"com.finshell.wallet":0.0,"cn.dictcn.android.digitize.swg_xdhycd_21004":0.0,"mark.via":0.0,"com.manga2020.app":0.0,"cn.huidu.huiduapp":0.0,"com.heytap.themestore":0.0,"org.moegirl.moegirlview":0.0,"net.lk.qingguo":0.0}
10-03 02:11:53.593 I/mars::stn(16976): [longlink_connect_monitor.cc:560, OnHeartbeatAlarmSet]:longlink_progress on_heartbeat_set, time: 58276, time interval:210000
10-03 02:11:53.594 I/metis_v2_SettingUtils( 8433): initAppState, riskJsonStr:{"org.adaway":0,"io.github.muntashirakon.AppManager":0}
10-03 02:11:53.596 I/mars::stn(16976): [longlink_connect_monitor.cc:560, OnHeartbeatAlarmSet]:longlink_progress on_heartbeat_set, time: 58278, time interval:210000
10-03 02:11:53.619 I/sensors-hal( 1882): handle_sns_std_sensor_event:104, oplus rgb_rear sample: (cct, lux, ir, x, y)[5200, 0, 0, 0, 0]
10-03 02:11:53.619 I/sensors-hal( 1882): handle_sns_std_sensor_event:106, oplus rgb_rear sample: (r, g, b, c w)[0, 0, 0, 0, 0]
10-03 02:11:53.652 I/ChiX    ( 1909): [oplusAON:QSEEAON_ServiceCallback oplusSrvType:1] Receive QSEEAON Callback
10-03 02:11:53.658 I/ChiX    ( 1909): [oplusAON:ProcessAONServiceEvent] AON Event notify for hClientHandle= 0xb40000769ea69840
10-03 02:11:53.658 I/ChiX    ( 1909): [oplusAON:ClientEventCallBack] AON Event notify srvType=1, clientHandle:0xb40000769ea69840
10-03 02:11:53.658 I/ChiX    ( 1909): [oplusAON:TranslateToAonCallbackInfo  AONServiceType: 1] Translate to Service Event Info
10-03 02:11:53.658 D/ChiX    ( 1909): [oplusAON:AddFusionResult] Translate to fuison Event Info
10-03 02:11:53.658 D/ChiX    ( 1909): [oplusAON:AddFusionResult] fusion:rotation_angle = 90.000000
10-03 02:11:53.658 D/ChiX    ( 1909): [oplusAON] fusion->count:0
10-03 02:11:53.658 D/ChiX    ( 1909): fusion->itemLength:20
10-03 02:11:53.658 D/AONLog  (12042): SensorHubAonManager: [notify] clientHandle:-5476376637414664128,isStopped:false, callback:k.g@dddbe50
10-03 02:11:53.658 D/AONLog  (12042): SensorHubAonManager: aonCallBackInfo-> serviceType:1, results:[Lvendor.oplus.hardware.camera.aon.AONResult;@1f84b6c
10-03 02:11:53.658 D/AONLog  (12042): AONResultsClassify: convertToResult
10-03 02:11:53.658 D/AONLog  (12042): AONResultsClassify: have FusionResult
10-03 02:11:53.658 D/AONLog  (12042): sensorhub_engine: engineSwitchOn = true runningCmds.size()=1 stopRunningCmds.size()=0
10-03 02:11:53.658 D/AONLog  (12042): OSensorHubResultProcess: transform inParams：com.aon.service.aonsensorhublib.p@f3b3535
10-03 02:11:53.658 D/AONLog  (12042): OSensorHubResultProcess: transform fusionResult getDataCount：0 rotateAngle = 90
10-03 02:11:53.658 I/ChiX    ( 1909): [oplusAON:ProcessAONServiceEvent] AON Event notify: Success callback:0xb40000769ea6a460 for hClientHandle= 0xb40000769ea69840
10-03 02:11:53.658 I/AONLog  (12042): i: detect->faces num = 0, gesture num = 0
10-03 02:11:53.658 I/AONLog  (12042): GAZESTATE: enter gaze detect0
10-03 02:11:53.658 I/AONLog  (12042): GAZESTATE: final gaze state:false
10-03 02:11:53.658 D/AONLog  (12042): EngineContext: clear engine Context
10-03 02:11:53.658 D/AONLog  (12042): FramePackage: clear framePackage:0
10-03 02:11:53.658 D/AONLog  (12042): EngineContext: clear human Detected List
10-03 02:11:53.659 I/AONLog  (12042): ListenerManager: type = 1  eventInfo = 65538
10-03 02:11:53.659 I/AONLog  (12042): ListenerManager: notifySpecialObserver lock. AonCmdType:393217
10-03 02:11:53.659 I/AONLog  (12042): AONAttentionService: onEventParam event:65538 callback:com.oplus.wrapper.service.attention.IAttentionService%24Stub%241%241@7534003
10-03 02:11:53.696 W/PermissionManagerService( 3557): Datasource android.content.AttributionSource@6cc5269b protecting data with platform defined runtime permission android.permission.READ_CALENDAR while not having android.permission.UPDATE_APP_OPS_STATS
10-03 02:11:53.697 V/BinderSender( 8659): Uid 10300 already starts
10-03 02:11:53.697 V/BinderSender( 8659): Uid 10203 already starts
10-03 02:11:53.703 I/Finsky:background(16657): [85] playLoggingServerUrl: https://play.googleapis.com/play/log
10-03 02:11:53.703 I/Finsky:background(16657): [85] playLoggingServerTimestampUrl: https://play.googleapis.com/play/log/timestamp
10-03 02:11:53.705 D/QmiClient( 2622): qmiServiceEventCallback recv msg id 47
10-03 02:11:53.706 D/QmiClient( 2622): enter -mServiceType 10 onQmiServiceEventCallback msgId 47
10-03 02:11:53.706 D/QmiClient( 2622): onQmiServiceEventCallback - enter. msgId=47
10-03 02:11:53.707 D/OttProxy( 2622): handleMessage msg is 3001
10-03 02:11:53.708 D/SubsysRadioIndication[0]( 5280): radioLinkLatencyInfoInd
10-03 02:11:53.711 D/SensorFeature( 2024): name=ssc_screenshot_info ,index = 22
10-03 02:11:53.711 D/SensorFeature( 2024): write 29 bytes:58385036694,58393370027,137,0
10-03 02:11:53.712 D/SubsysRadioIndication[0]( 5280): notify enter
10-03 02:11:53.712 D/NetworkService[0]( 5280): handleMessage what:1008
10-03 02:11:53.712 D/NetworkService[0]( 5280): EVENT_REG_LINK_LATENCY_INFO_CHANGE ulLatency:21735
10-03 02:11:53.713 I/com.oplus.metis( 8433): AssetManager2(0xb40000765ff41128) locale list changing from [] to [zh-CN]
10-03 02:11:53.715 I/GetConfigSnapshotOp( 7191): (REDACTED) Succeeded but not registered: %s
10-03 02:11:53.717 I/FuseDaemon( 7067): gc_priority_optimize fd is empty
10-03 02:11:53.717 I/FuseDaemon( 7067): open sharedFd failed with Permission denied
10-03 02:11:53.717 I/FuseDaemon( 7067): gc_priority_optimize set UX fail-1
10-03 02:11:53.717 I/FuseDaemon( 7067): gc_priority_optimize fd is empty
10-03 02:11:53.717 I/FuseDaemon( 7067): open sharedFd failed with Permission denied
10-03 02:11:53.717 I/FuseDaemon( 7067): gc_priority_optimize set UX fail-1
10-03 02:11:53.719 I/ContextAware_CalendarDataProxy( 8433): calendarAgendaSource count =7
10-03 02:11:53.719 I/ContextAware_CalendarDataProxy( 8433): calendarAgendaSource accountType :LOCAL subscribeUrl:
10-03 02:11:53.720 I/ContextAware_CalendarDataProxy( 8433): calendarAgendaSource:= 3
10-03 02:11:53.720 I/ContextAware_CalendarDataProxy( 8433): selectionClause=_id IN ('27')
10-03 02:11:53.722 I/ContextAware_CalendarDataProxy( 8433): cursorToAgendaData rule :null endTimeMs:1790917200000
10-03 02:11:53.722 I/ContextAware_CalendarDataProxy( 8433): eventId =27  beginTimeMs  =1790913600000   endTimeMs:1790917200000 title =b币券提醒 10/12
10-03 02:11:53.722 I/ContextAware_CalendarDataProxy( 8433): eventLocation  =null   extendedProps:1 eventTimezoneAsia/Shanghai
10-03 02:11:53.722 I/ContextAware_CalendarDataProxy( 8433): agendaData: CalendarAgendaData(eventId=27, title=b币券提醒 10/12, description=b币券, beginTimeMs=1790913600000, endTimeMs=1790917200000, dtStartTimeMs=1790913600000, allDay=0, extendedProps=1, syncData4=null, dataSource=3, timezone=Asia/Shanghai)
10-03 02:11:53.723 W/PermissionManagerService( 3557): Datasource android.content.AttributionSource@6cc5269b protecting data with platform defined runtime permission android.permission.READ_CALENDAR while not having android.permission.UPDATE_APP_OPS_STATS
10-03 02:11:53.727 I/FuseDaemon( 7067): gc_priority_optimize fd is empty
10-03 02:11:53.727 I/FuseDaemon( 7067): open sharedFd failed with Permission denied
10-03 02:11:53.727 I/FuseDaemon( 7067): gc_priority_optimize set UX fail-1
10-03 02:11:53.728 I/FuseDaemon( 7067): gc_priority_optimize fd is empty
10-03 02:11:53.728 I/FuseDaemon( 7067): open sharedFd failed with Permission denied
10-03 02:11:53.728 I/FuseDaemon( 7067): gc_priority_optimize set UX fail-1
10-03 02:11:53.728 W/PermissionManagerService( 3557): Datasource android.content.AttributionSource@6cc5269b protecting data with platform defined runtime permission android.permission.READ_CALENDAR while not having android.permission.UPDATE_APP_OPS_STATS
10-03 02:11:53.729 I/FuseDaemon( 7067): gc_priority_optimize fd is empty
10-03 02:11:53.729 I/FuseDaemon( 7067): open sharedFd failed with Permission denied
10-03 02:11:53.730 I/FuseDaemon( 7067): gc_priority_optimize set UX fail-1
10-03 02:11:53.730 I/FuseDaemon( 7067): gc_priority_optimize fd is empty
10-03 02:11:53.730 I/FuseDaemon( 7067): open sharedFd failed with Permission denied
10-03 02:11:53.730 I/FuseDaemon( 7067): gc_priority_optimize set UX fail-1
10-03 02:11:53.733 I/FuseDaemon( 7067): gc_priority_optimize fd is empty
10-03 02:11:53.733 I/FuseDaemon( 7067): open sharedFd failed with Permission denied
10-03 02:11:53.733 I/FuseDaemon( 7067): gc_priority_optimize set UX fail-1
10-03 02:11:53.734 I/FuseDaemon( 7067): gc_priority_optimize fd is empty
10-03 02:11:53.734 I/FuseDaemon( 7067): open sharedFd failed with Permission denied
10-03 02:11:53.734 I/FuseDaemon( 7067): gc_priority_optimize set UX fail-1
10-03 02:11:53.736 W/libc    (16976): Access denied finding property "net.dns1"
10-03 02:11:53.737 W/libc    (16976): Access denied finding property "net.dns2"
10-03 02:11:53.740 E/PTC.DEVICEMGR.DeviceInfoCollectUtil( 7413): getNetworkStatus except!;getDataNetworkTypeForSubscriber
10-03 02:11:53.743 D/AudioManager( 7413): isBluetoothScoOn()=false, calling application:com.heytap.accessory
10-03 02:11:53.743 I/sensors-hal( 1882): handle_oplus_wise_rgb_event:160, wise_rgb:(692)(cct,lux,ir)[5724.52, 47.54, 0.000000](rgbc)[1685.18, 1285.93, 668.78, 3603.46](pwm,hbm,brl,algo)[0.0 0.0 1053.0 2.0],flag 137
10-03 02:11:53.743 I/sensors-hal( 1882): handle_oplus_wise_rgb_event:189, high_pwm_light:lux 47.5,cct 5724.5,brl/algo/ir 1053.0/2.0/0.0,pwm/dc 0.0/0.0,rgbc 1672.969727/1280.109985/656.512390/3546.465820,ts 58372169991,cnt 690,flag 137
10-03 02:11:53.744 D/FusionLightNextGen( 3557): process end reported = 1, mode: 0, cnt: 150, lux 16.3, cct 5300.0, r/g/b/c: 1685.2/1285.9/668.8/3603.5, R/G/B: 123.0/113.0/94.0, bri 1053.0, match 0.73, ir 0.000000, conf 2.0, ts 58397253012
10-03 02:11:53.744 I/SettingImpl( 7413): isMarketModeToggleChecked=0
10-03 02:11:53.745 E/discovery::sdp::lan::..( 7413): SDP: get_virtual_gateway_ip error: processor is None
10-03 02:11:53.748 E/connection::usb::exte..( 7413): usb host ip is None
10-03 02:11:53.748 I/PTC.DISC.UsbTunnelAdapter( 7413): getRemoteTunnelInterfaces: hostIp=127.0.0.1, isIpValid=true
10-03 02:11:53.750 I/ChiX    ( 1909): [oplusAON:QSEEAON_ServiceCallback oplusSrvType:1] Receive QSEEAON Callback
10-03 02:11:53.750 I/ChiX    ( 1909): [oplusAON:ProcessAONServiceEvent] AON Event notify for hClientHandle= 0xb40000769ea69840
10-03 02:11:53.750 I/ChiX    ( 1909): [oplusAON:ClientEventCallBack] AON Event notify srvType=1, clientHandle:0xb40000769ea69840
10-03 02:11:53.750 I/ChiX    ( 1909): [oplusAON:TranslateToAonCallbackInfo  AONServiceType: 1] Translate to Service Event Info
10-03 02:11:53.750 D/ChiX    ( 1909): [oplusAON:AddFusionResult] Translate to fuison Event Info
10-03 02:11:53.750 D/ChiX    ( 1909): [oplusAON:AddFusionResult] fusion:rotation_angle = 90.000000
10-03 02:11:53.750 D/ChiX    ( 1909): [oplusAON] fusion->count:0
10-03 02:11:53.750 D/ChiX    ( 1909): fusion->itemLength:20
10-03 02:11:53.750 D/AONLog  (12042): SensorHubAonManager: [notify] clientHandle:-5476376637414664128,isStopped:false, callback:k.g@dddbe50
10-03 02:11:53.750 D/AONLog  (12042): SensorHubAonManager: aonCallBackInfo-> serviceType:1, results:[Lvendor.oplus.hardware.camera.aon.AONResult;@269fdca
10-03 02:11:53.750 D/AONLog  (12042): AONResultsClassify: convertToResult
10-03 02:11:53.750 D/AONLog  (12042): AONResultsClassify: have FusionResult
10-03 02:11:53.750 D/AONLog  (12042): sensorhub_engine: engineSwitchOn = true runningCmds.size()=1 stopRunningCmds.size()=0
10-03 02:11:53.751 D/AONLog  (12042): OSensorHubResultProcess: transform inParams：com.aon.service.aonsensorhublib.p@6b0cb3b
10-03 02:11:53.753 I/ChiX    ( 1909): [oplusAON:ProcessAONServiceEvent] AON Event notify: Success callback:0xb40000769ea6a460 for hClientHandle= 0xb40000769ea69840
10-03 02:11:53.754 E/PTC.DEVICEMGR.DeviceInfoCollectUtil( 7413): getNetworkStatus except!;getDataNetworkTypeForSubscriber
10-03 02:11:53.754 D/AONLog  (12042): OSensorHubResultProcess: transform fusionResult getDataCount：0 rotateAngle = 90
10-03 02:11:53.754 I/AONLog  (12042): i: detect->faces num = 0, gesture num = 0
10-03 02:11:53.754 I/AONLog  (12042): GAZESTATE: enter gaze detect0
10-03 02:11:53.754 I/AONLog  (12042): GAZESTATE: final gaze state:false
10-03 02:11:53.755 D/AONLog  (12042): EngineContext: clear engine Context
10-03 02:11:53.755 D/AONLog  (12042): FramePackage: clear framePackage:0
10-03 02:11:53.755 D/AONLog  (12042): EngineContext: clear human Detected List
10-03 02:11:53.756 I/AONLog  (12042): ListenerManager: type = 1  eventInfo = 65538
10-03 02:11:53.756 I/AONLog  (12042): ListenerManager: notifySpecialObserver lock. AonCmdType:393217
10-03 02:11:53.756 I/AONLog  (12042): AONAttentionService: onEventParam event:65538 callback:com.oplus.wrapper.service.attention.IAttentionService%24Stub%241%241@7534003
10-03 02:11:53.757 D/AudioManager( 7413): isBluetoothScoOn()=false, calling application:com.heytap.accessory
10-03 02:11:53.757 W/libc    (16976): Access denied finding property "net.dns1"
10-03 02:11:53.757 W/libc    (16976): Access denied finding property "net.dns2"
10-03 02:11:53.769 W/System  (15119): A resource failed to call close. 
10-03 02:11:53.769 W/System  (15119): A resource failed to call close. 
10-03 02:11:53.769 W/System  (15119): A resource failed to call close. 
10-03 02:11:53.769 W/System  (15119): A resource failed to call close. 
10-03 02:11:53.778 W/libc    (16976): Access denied finding property "net.dns1"
10-03 02:11:53.778 W/libc    (16976): Access denied finding property "net.dns2"
10-03 02:11:53.810 D/IMApp-100-10395( 5280): transport layer data is invalid
10-03 02:11:53.810 D/IMApp-104-10395( 5280): commonScoreStrategy scenarios 1
10-03 02:11:53.810 D/IMApp-104-10395( 5280): notifyScoreChange appScene COMMON score 100
10-03 02:11:53.810 D/ScorePolicy( 5280): handleScoreChanged: []
10-03 02:11:53.810 D/ScorePolicy( 5280): handleScoreChanged: []
10-03 02:11:53.810 D/ScorePolicy( 5280): handleScoreChanged: []
10-03 02:11:53.818 I/com.oplus.metis( 8433): AssetManager2(0xb40000765ff41728) locale list changing from [] to [zh-CN]
10-03 02:11:53.820 I/AICCTModule( 3557): SensorFilter: brightness threshold 1.2 screenNit is 55.034 ave enviroment lux is 16.099165 luxForNit 44.551018demarcationPoint200.0 result is true
10-03 02:11:53.822 E/TaskPersister( 3557): File error accessing recents directory (directory doesn't exist?).
10-03 02:11:53.831 D/LocationManagerExtImpl( 5280): handleMessage: remove location cache
10-03 02:11:53.841 I/OplusCpuLimitManager( 3557): OplusCpuHighLoad: newLoadLevel=1, newMngLevel=1, (nl_load=1, nl_thermal=1, nl_scene=1), curMngLevel=1, CL=0, curWinCL=0, curShortWinCL= 43, latestCL=38, latestThermalLevel=5, expHlScene=false
10-03 02:11:53.844 D/BoundBrokerSvc( 7191): onUnbind: Intent { act=com.google.android.gms.trustagent.StateApi.START dat=chimera-action:/... xflg=0x4 cmp=com.google.android.gms/.chimera.PersistentApiService mCallingUid=10258 }
10-03 02:11:53.845 W/libc    (16976): Access denied finding property "net.dns1"
10-03 02:11:53.845 W/libc    (16976): Access denied finding property "net.dns2"
10-03 02:11:53.852 I/ChiX    ( 1909): [oplusAON:QSEEAON_ServiceCallback oplusSrvType:1] Receive QSEEAON Callback
10-03 02:11:53.852 I/ChiX    ( 1909): [oplusAON:ProcessAONServiceEvent] AON Event notify for hClientHandle= 0xb40000769ea69840
10-03 02:11:53.852 I/ChiX    ( 1909): [oplusAON:ClientEventCallBack] AON Event notify srvType=1, clientHandle:0xb40000769ea69840
10-03 02:11:53.852 I/ChiX    ( 1909): [oplusAON:TranslateToAonCallbackInfo  AONServiceType: 1] Translate to Service Event Info
10-03 02:11:53.852 D/ChiX    ( 1909): [oplusAON:AddFusionResult] Translate to fuison Event Info
10-03 02:11:53.852 D/ChiX    ( 1909): [oplusAON:AddFusionResult] fusion:rotation_angle = 90.000000
10-03 02:11:53.852 D/ChiX    ( 1909): [oplusAON] fusion->count:0
10-03 02:11:53.852 D/ChiX    ( 1909): fusion->itemLength:20
10-03 02:11:53.853 D/AONLog  (12042): SensorHubAonManager: [notify] clientHandle:-5476376637414664128,isStopped:false, callback:k.g@dddbe50
10-03 02:11:53.853 D/AONLog  (12042): SensorHubAonManager: aonCallBackInfo-> serviceType:1, results:[Lvendor.oplus.hardware.camera.aon.AONResult;@1d4b258
10-03 02:11:53.853 D/AONLog  (12042): AONResultsClassify: convertToResult
10-03 02:11:53.853 D/AONLog  (12042): AONResultsClassify: have FusionResult
10-03 02:11:53.853 D/AONLog  (12042): sensorhub_engine: engineSwitchOn = true runningCmds.size()=1 stopRunningCmds.size()=0
10-03 02:11:53.853 D/AONLog  (12042): OSensorHubResultProcess: transform inParams：com.aon.service.aonsensorhublib.p@df6efb1
10-03 02:11:53.853 D/AONLog  (12042): OSensorHubResultProcess: transform fusionResult getDataCount：0 rotateAngle = 90
10-03 02:11:53.853 I/AONLog  (12042): i: detect->faces num = 0, gesture num = 0
10-03 02:11:53.853 I/AONLog  (12042): GAZESTATE: enter gaze detect0
10-03 02:11:53.853 I/AONLog  (12042): GAZESTATE: final gaze state:false
10-03 02:11:53.854 D/AONLog  (12042): EngineContext: clear engine Context
10-03 02:11:53.854 D/AONLog  (12042): FramePackage: clear framePackage:0
10-03 02:11:53.854 D/AONLog  (12042): EngineContext: clear human Detected List
10-03 02:11:53.854 I/AONLog  (12042): ListenerManager: type = 1  eventInfo = 65538
10-03 02:11:53.854 I/AONLog  (12042): ListenerManager: notifySpecialObserver lock. AonCmdType:393217
10-03 02:11:53.854 I/AONLog  (12042): AONAttentionService: onEventParam event:65538 callback:com.oplus.wrapper.service.attention.IAttentionService%24Stub%241%241@7534003
10-03 02:11:53.855 I/ChiX    ( 1909): [oplusAON:ProcessAONServiceEvent] AON Event notify: Success callback:0xb40000769ea6a460 for hClientHandle= 0xb40000769ea69840
10-03 02:11:53.865 D/BoundBrokerSvc( 9760): onUnbind: Intent { act=com.google.android.gms.auth.aang.events.services.START dat=chimera-action:/... xflg=0x4 cmp=com.google.android.gms/.chimera.PersistentApiService mCallingUid=99910258 }
10-03 02:11:53.866 W/libc    (16976): Access denied finding property "net.dns1"
10-03 02:11:53.866 D/BoundBrokerSvc( 9760): onUnbind: Intent { act=com.google.android.gms.pay.service.BIND dat=chimera-action:/... xflg=0x4 cmp=com.google.android.gms/.chimera.GmsApiService mCallingUid=99910258 }
10-03 02:11:53.867 W/libc    (16976): Access denied finding property "net.dns2"
10-03 02:11:53.870 I/OplusHansManager ( 3557): uid=10399, pkg=com.tencent.mobileqq F enter(), M stay=3
10-03 02:11:53.880 I/OplusHansManager ( 3557): freeze uid: 10399 com.tencent.mobileqq pids: [7962, 9238] scene: |StrictMode-3|LcdOn
10-03 02:11:53.880 I/OStatsManager_OplusBatteryStatsManager( 3557): updateStateTime: PkgName = com.tencent.mobileqq, uid = 10399, state to em, mForegroundCnt = 0, isFg = false
10-03 02:11:53.880 I/OplusHansManager ( 3557): p_BC uid=10399 pkg=com.tencent.mobileqq
10-03 02:11:53.880 I/OplusHansManager ( 3557): a_alarm 10399
10-03 02:11:53.881 D/OplusAlarmAdjustment( 3557): alignAlarmsByUid(), uid=10399, pkgName=com.tencent.mobileqq, actions=null, procs=null, requester=1
10-03 02:11:53.881 D/IHansComunication( 9565): HANS sendMessageToKernel: threadId = 546370079808, netLinkSetup = 1, type = PKG, targetUid = 10399, pkgCmd = ADD_ONE_UID
10-03 02:11:53.881 I/OplusBinderProxy( 3557): proxyBinder uid: 10399 pkg: com.tencent.mobileqq proxy: true calling: OFreezer
10-03 02:11:53.881 D/OplusAlarmAdjustMap( 3557): addAlignUid, uid=10399, pkgName=com.tencent.mobileqq, requester=1, mode=1
10-03 02:11:53.881 I/LocationFreezeProc( 3557): will freezeLocationProcess for com.tencent.mobileqq, 10399, true, false
10-03 02:11:53.881 W/LocationFreezeProc( 3557): Do nothing for the app is not record!
10-03 02:11:53.881 I/OplusHansManager ( 3557): p_gps: uid 10399 result false
10-03 02:11:53.882 I/OplusHansManager ( 3557): p_BtScan: uid 10399 isProxy true
10-03 02:11:53.894 W/libc    (16976): Access denied finding property "net.dns1"
10-03 02:11:53.894 W/libc    (16976): Access denied finding property "net.dns2"
10-03 02:11:53.920 I/com.oplus.metis( 8433): AssetManager2(0xb40000765ff40b28) locale list changing from [] to [zh-CN]
10-03 02:11:53.922 W/libc    (16976): Access denied finding property "net.dns1"
10-03 02:11:53.922 W/libc    (16976): Access denied finding property "net.dns2"
10-03 02:11:53.944 I/SDM     ( 1951): DisplayBase::CommitThread: Received idle timeout, panel: cmd, timeout: 70000 us
10-03 02:11:53.951 I/ChiX    ( 1909): [oplusAON:QSEEAON_ServiceCallback oplusSrvType:1] Receive QSEEAON Callback
10-03 02:11:53.951 I/ChiX    ( 1909): [oplusAON:ProcessAONServiceEvent] AON Event notify for hClientHandle= 0xb40000769ea69840
10-03 02:11:53.951 I/ChiX    ( 1909): [oplusAON:ClientEventCallBack] AON Event notify srvType=1, clientHandle:0xb40000769ea69840
10-03 02:11:53.951 I/ChiX    ( 1909): [oplusAON:TranslateToAonCallbackInfo  AONServiceType: 1] Translate to Service Event Info
10-03 02:11:53.951 D/ChiX    ( 1909): [oplusAON:AddFusionResult] Translate to fuison Event Info
10-03 02:11:53.951 D/ChiX    ( 1909): [oplusAON:AddFusionResult] fusion:rotation_angle = 90.000000
10-03 02:11:53.951 D/ChiX    ( 1909): [oplusAON] fusion->count:0
10-03 02:11:53.951 D/ChiX    ( 1909): fusion->itemLength:20
10-03 02:11:53.951 D/AONLog  (12042): SensorHubAonManager: [notify] clientHandle:-5476376637414664128,isStopped:false, callback:k.g@dddbe50
10-03 02:11:53.951 D/AONLog  (12042): SensorHubAonManager: aonCallBackInfo-> serviceType:1, results:[Lvendor.oplus.hardware.camera.aon.AONResult;@3122c96
10-03 02:11:53.951 D/AONLog  (12042): AONResultsClassify: convertToResult
10-03 02:11:53.951 D/AONLog  (12042): AONResultsClassify: have FusionResult
10-03 02:11:53.951 D/AONLog  (12042): sensorhub_engine: engineSwitchOn = true runningCmds.size()=1 stopRunningCmds.size()=0
10-03 02:11:53.951 D/AONLog  (12042): OSensorHubResultProcess: transform inParams：com.aon.service.aonsensorhublib.p@a56e017
10-03 02:11:53.951 D/AONLog  (12042): OSensorHubResultProcess: transform fusionResult getDataCount：0 rotateAngle = 90
10-03 02:11:53.951 I/AONLog  (12042): i: detect->faces num = 0, gesture num = 0
10-03 02:11:53.951 I/AONLog  (12042): GAZESTATE: enter gaze detect0
10-03 02:11:53.951 I/ChiX    ( 1909): [oplusAON:ProcessAONServiceEvent] AON Event notify: Success callback:0xb40000769ea6a460 for hClientHandle= 0xb40000769ea69840
10-03 02:11:53.951 I/AONLog  (12042): GAZESTATE: final gaze state:false
10-03 02:11:53.952 D/AONLog  (12042): EngineContext: clear engine Context
10-03 02:11:53.952 D/AONLog  (12042): FramePackage: clear framePackage:0
10-03 02:11:53.952 D/AONLog  (12042): EngineContext: clear human Detected List
10-03 02:11:53.958 I/AONLog  (12042): ListenerManager: type = 1  eventInfo = 65538
10-03 02:11:53.959 I/AONLog  (12042): ListenerManager: notifySpecialObserver lock. AonCmdType:393217
10-03 02:11:53.959 I/AONLog  (12042): AONAttentionService: onEventParam event:65538 callback:com.oplus.wrapper.service.attention.IAttentionService%24Stub%241%241@7534003
10-03 02:11:53.978 I/mars::stn(16976): [longlink_connect_monitor.cc:560, OnHeartbeatAlarmSet]:longlink_progress on_heartbeat_set, time: 58661, time interval:210000
10-03 02:11:53.999 W/libc    (16976): Access denied finding property "net.dns1"
10-03 02:11:53.999 W/libc    (16976): Access denied finding property "net.dns2"
10-03 02:11:54.023 I/com.oplus.metis( 8433): AssetManager2(0xb40000765ffdcf28) locale list changing from [] to [zh-CN]
10-03 02:11:54.027 D/SensorFeature( 2024): name=ssc_screenshot_info ,index = 22
10-03 02:11:54.027 D/ActivityManager( 3557): freezing 16137 com.android.externalstorage
10-03 02:11:54.027 D/SensorFeature( 2024): write 29 bytes:58659101068,58709770027,138,0
10-03 02:11:54.027 I/SDM     ( 1951): DisplayBase::CommitThread: Received idle timeout, panel: cmd, timeout: 70000 us
10-03 02:11:54.028 I/sensors-hal( 1882): handle_oplus_wise_rgb_event:160, wise_rgb:(697)(cct,lux,ir)[5658.91, 48.10, 0.000000](rgbc)[1654.65, 1268.47, 668.78, 3552.80](pwm,hbm,brl,algo)[0.0 0.0 1053.0 2.0],flag 138
10-03 02:11:54.029 D/ActivityManager( 3557): reportOneUidFrozenStateChanged uid 10067 frozen = true
10-03 02:11:54.031 D/InetDiagMessage( 3557): Destroyed 0 sockets, proto=IPPROTO_TCP, family=AF_INET, states=14
10-03 02:11:54.032 D/InetDiagMessage( 3557): Destroyed 0 sockets, proto=IPPROTO_TCP, family=AF_INET6, states=14
10-03 02:11:54.032 D/InetDiagMessage( 3557): Destroyed live tcp sockets for uids={10067} in 1ms
10-03 02:11:54.042 I/FuseDaemon( 7067): gc_priority_optimize fd is empty
10-03 02:11:54.042 I/FuseDaemon( 7067): open sharedFd failed with Permission denied
10-03 02:11:54.042 I/FuseDaemon( 7067): gc_priority_optimize set UX fail-1
10-03 02:11:54.043 I/FuseDaemon( 7067): gc_priority_optimize fd is empty
10-03 02:11:54.043 I/FuseDaemon( 7067): open sharedFd failed with Permission denied
10-03 02:11:54.043 I/FuseDaemon( 7067): gc_priority_optimize set UX fail-1
10-03 02:11:54.045 D/ActivityManager( 3557): freezing 16062 com.android.settings:background
10-03 02:11:54.050 I/ChiX    ( 1909): [oplusAON:QSEEAON_ServiceCallback oplusSrvType:1] Receive QSEEAON Callback
10-03 02:11:54.050 I/ChiX    ( 1909): [oplusAON:ProcessAONServiceEvent] AON Event notify for hClientHandle= 0xb40000769ea69840
10-03 02:11:54.050 I/ChiX    ( 1909): [oplusAON:ClientEventCallBack] AON Event notify srvType=1, clientHandle:0xb40000769ea69840
10-03 02:11:54.051 I/ChiX    ( 1909): [oplusAON:TranslateToAonCallbackInfo  AONServiceType: 1] Translate to Service Event Info
10-03 02:11:54.051 D/ChiX    ( 1909): [oplusAON:AddFusionResult] Translate to fuison Event Info
10-03 02:11:54.051 D/ChiX    ( 1909): [oplusAON:AddFusionResult] fusion:rotation_angle = 90.000000
10-03 02:11:54.051 D/ChiX    ( 1909): [oplusAON] fusion->count:0
10-03 02:11:54.051 D/ChiX    ( 1909): fusion->itemLength:20
10-03 02:11:54.052 D/AONLog  (12042): SensorHubAonManager: [notify] clientHandle:-5476376637414664128,isStopped:false, callback:k.g@dddbe50
10-03 02:11:54.052 D/AONLog  (12042): SensorHubAonManager: aonCallBackInfo-> serviceType:1, results:[Lvendor.oplus.hardware.camera.aon.AONResult;@80e9c04
10-03 02:11:54.052 D/AONLog  (12042): AONResultsClassify: convertToResult
10-03 02:11:54.052 D/AONLog  (12042): AONResultsClassify: have FusionResult
10-03 02:11:54.052 D/AONLog  (12042): sensorhub_engine: engineSwitchOn = true runningCmds.size()=1 stopRunningCmds.size()=0
10-03 02:11:54.052 D/AONLog  (12042): OSensorHubResultProcess: transform inParams：com.aon.service.aonsensorhublib.p@d9d5ed
10-03 02:11:54.053 I/ChiX    ( 1909): [oplusAON:ProcessAONServiceEvent] AON Event notify: Success callback:0xb40000769ea6a460 for hClientHandle= 0xb40000769ea69840
10-03 02:11:54.053 I/FuseDaemon( 7067): gc_priority_optimize fd is empty
10-03 02:11:54.053 I/FuseDaemon( 7067): open sharedFd failed with Permission denied
10-03 02:11:54.053 I/FuseDaemon( 7067): gc_priority_optimize set UX fail-1
10-03 02:11:54.054 I/FuseDaemon( 7067): gc_priority_optimize fd is empty
10-03 02:11:54.054 I/FuseDaemon( 7067): open sharedFd failed with Permission denied
10-03 02:11:54.054 I/FuseDaemon( 7067): gc_priority_optimize set UX fail-1
10-03 02:11:54.054 D/AONLog  (12042): OSensorHubResultProcess: transform fusionResult getDataCount：0 rotateAngle = 90
10-03 02:11:54.054 I/AONLog  (12042): i: detect->faces num = 0, gesture num = 0
10-03 02:11:54.054 I/AONLog  (12042): GAZESTATE: enter gaze detect0
10-03 02:11:54.054 I/AONLog  (12042): GAZESTATE: final gaze state:false
10-03 02:11:54.054 I/AONLog  (12042): ListenerManager: type = 1  eventInfo = 65538
10-03 02:11:54.055 I/AONLog  (12042): ListenerManager: notifySpecialObserver lock. AonCmdType:393217
10-03 02:11:54.055 D/AONLog  (12042): EngineContext: clear engine Context
10-03 02:11:54.055 I/AONLog  (12042): AONAttentionService: onEventParam event:65538 callback:com.oplus.wrapper.service.attention.IAttentionService%24Stub%241%241@7534003
10-03 02:11:54.055 D/AONLog  (12042): FramePackage: clear framePackage:0
10-03 02:11:54.055 D/AONLog  (12042): EngineContext: clear human Detected List
10-03 02:11:54.056 I/FuseDaemon( 7067): gc_priority_optimize fd is empty
10-03 02:11:54.056 I/FuseDaemon( 7067): open sharedFd failed with Permission denied
10-03 02:11:54.056 I/FuseDaemon( 7067): gc_priority_optimize set UX fail-1
10-03 02:11:54.056 I/FuseDaemon( 7067): gc_priority_optimize fd is empty
10-03 02:11:54.057 I/FuseDaemon( 7067): open sharedFd failed with Permission denied
10-03 02:11:54.057 I/FuseDaemon( 7067): gc_priority_optimize set UX fail-1
10-03 02:11:54.059 I/FuseDaemon( 7067): gc_priority_optimize fd is empty
10-03 02:11:54.059 I/FuseDaemon( 7067): open sharedFd failed with Permission denied
10-03 02:11:54.059 I/FuseDaemon( 7067): gc_priority_optimize set UX fail-1
10-03 02:11:54.060 I/FuseDaemon( 7067): gc_priority_optimize fd is empty
10-03 02:11:54.060 I/FuseDaemon( 7067): open sharedFd failed with Permission denied
10-03 02:11:54.060 I/FuseDaemon( 7067): gc_priority_optimize set UX fail-1
10-03 02:11:54.089 I/OplusHansManager ( 3557): uid=10413, pkg=li.songe.gkd cannot transition from R to M, importance=floatWindow
10-03 02:11:54.126 I/DRS_LOG_ConfigRetryMgr[DRS-Scheduler-1](11166): [doFetchAndScheduleRetry] ====== appId=156200, attemptIndex=2, trigger=RETRY_3 ======
10-03 02:11:54.127 I/DRS_LOG_ConfigRetryMgr[DRS-Scheduler-1](11166): [doFetchAndScheduleRetry] appId=156200 hasConfig=false
10-03 02:11:54.127 I/DRS_LOG_ConfigRetryMgr[DRS-Scheduler-1](11166): [doFetchAndScheduleRetry] networkAvailable=true
10-03 02:11:54.127 I/DRS_LOG_UploadGateFacade[DRS-Scheduler-1](11166): allowGetConfig: blocked by enableNetRequest=false
10-03 02:11:54.127 I/DRS_LOG_ConfigRetryMgr[DRS-Scheduler-1](11166): [doFetchAndScheduleRetry] gateAllowed=false
10-03 02:11:54.127 I/DRS_LOG_ConfigRetryMgr[DRS-Scheduler-1](11166): [doFetchAndScheduleRetry] Gate blocked for appId=156200, attemptIndex=2
10-03 02:11:54.127 D/DRS_LOG_ConfigFetchTracker[DRS-Scheduler-1](11166): recordAttempt: appId=156200, attemptNo=3, trigger=RETRY_3, errorType=GATE_BLOCKED
10-03 02:11:54.128 I/com.oplus.metis( 8433): AssetManager2(0xb40000765ffdd528) locale list changing from [] to [zh-CN]
10-03 02:11:54.133 I/DRS_LOG_ConfigRetryMgr[DRS-Scheduler-1](11166): [doFetchAndScheduleRetry] post-fetch check: appId=156200, hasConfig=false
10-03 02:11:54.133 I/DRS_LOG_ConfigRetryMgr[DRS-Scheduler-1](11166): [doFetchAndScheduleRetry] Scheduling retry for appId=156200, nextAttempt=4, delay=20000ms
10-03 02:11:54.158 D/QmiClient( 2622): qmiServiceEventCallback recv msg id 1099
10-03 02:11:54.159 D/QmiClient( 2622): enter -mServiceType 4 onQmiServiceEventCallback msgId 1099
10-03 02:11:54.159 D/QmiClient( 2622): onQmiServiceEventCallback - enter. msgId=1099
10-03 02:11:54.159 D/QmiVsClientEvent( 2622): QosPeriodReportInd MSG IND data_len 2052
10-03 02:11:54.159 D/QmiVsClientEvent( 2622): qmiVsClientNotifyQosPeriodReportIndEvent - RADIO_EVENT_QOS_PERIOD_REPORT_NOTIFY_IND
10-03 02:11:54.161 D/VsProxy ( 2622): handleMessage msg is 2420
10-03 02:11:54.162 D/VsProxy ( 2622): handleQosPeriodReportInd for instance 0 data_len 190
10-03 02:11:54.163 D/SubsysRadioIndication[0]( 5280): radioQosPeriodReportInd result [8, -75, -94, -30, -26, 6, 18, 22, 8, -111, -95, -30, -26, 6, 16, -104, 1, 32, -6, -30, 2, 40, -104, 1, 56, -108, 9, 64, -65, 7, 26, 16, 8, -41, -96, -30, -26, 6, 16, -122, 1, 40, -122, 1, 56, -121, -52, 2, 34, 12, 8, -126, -108, -30, -26, 6, 16, 4, 24, 3, 32, 1, 58, 61, 8, -81, -94, -30, -26, 6, 16, 5, 24, -18, -106, 26, 32, -102, 1, 40, -92, -1, -1, -1, -1, -1, -1, -1, -1, 1, 48, -10, -1, -1, -1, -1, -1, -1, -1, -1, 1, 56, 21, 64, -92, -1, -1, -1, -1, -1, -1, -1, -1, 1, 72, -93, -1, -1, -1, -1, -1, -1, -1, -1, 1, 66, 30, 8, -120, -6, -31, -26, 6, 16, 5, 34, 20, 8, -18, -106, 26, 16, -102, 1, 24, 1, 32, 7, 40, -127, -120, -44, -48, -84, 1, 48, 1, 90, 0, 98, 10, 8, -43, -68, -32, -26, 6, 16, 3, 24, 5, 114, 0, 122, 15, 8, -58, -97, -30, -26, 6, 16, -108, 1, 24, -21, 1, 32, -120, 9]
10-03 02:11:54.164 D/NetworkService[0]( 5280): handleMessage what:1005
10-03 02:11:54.167 D/RadioAtomTracker( 5280): parseQosPeriodData ModemQos:CellularQosInfo{mSubId=2, mRat=5, mArfcn=428910, mPci=154, mBand=1, mDLBW=7, mRsrp=-92, mRsrq=-10, mSnr=21, mSvcStatus=3, mULTimeStamp=-1, mULPDCPNumDataPdu=152, mULPDCPNumDropPdu=0, mULPDCPTput=45434, mULRLCNumDataPdu=152, mULRLCNumRetxPdu=0, mULGrant=1172, mULBSR=959, mULBler=0, mDLTimeStamp=-1, mDLPDCPNumDataPdu=134, mDLPDCPTput=42503, mDLRLCNumDataPdu=134, mDLRLCNumRetxPdu=0, mDLRLCNumDropPdu=0, mDLMACPaddingBytes=0, mDLPdcpNumMissToUppPdu=0, mDLBler=0, mRlfCount=0, mRachWithULGrantCount=0, mCellChangeCount=0, mIsRedirectionOccur=0, mIsDualSimConflict=0, mLatency=21, mCellId=46340047873, mNr5GScs=1, mSub1RrcState=3, mSub2RrcState=1, mRachCount=0, mRachAbortCount=0, mCalcPower=148, mMtpl=235, mPathLoss=1160, mFbrxCount=0, mCellLoad=0}
10-03 02:11:54.167 D/NetworkService[0]( 5280): EVENT_REG_QOS_PERIOD_REPORT_IND_CHANGED ENTER
10-03 02:11:54.168 D/NetworkService[0]( 5280): EVENT_REG_QOS_PERIOD_REPORT_IND_CHANGED mLinkReport true
10-03 02:11:54.170 D/UlPriorityPred( 5216): handleMessage EVENT_MODEM_UL_BWT_CHANGE: limitFlag = 0, mNextLimit = 0
10-03 02:11:54.177 I/SDM     ( 1951): DisplayBase::CommitThread: Received idle timeout, panel: cmd, timeout: 69999 us
10-03 02:11:54.196 W/JavaBinder(16976): BinderProxy is being destroyed but the application did not call unlinkToDeath to unlink all of its death recipients beforehand.  Releasing leaked death recipient: com.tencent.mm.ipcinvoker.c$$a
10-03 02:11:54.196 I/BpBinder(16976): onLastStrongRef automatically unlinking death recipients: 
10-03 02:11:54.196 W/JavaBinder(16976): BinderProxy is being destroyed but the application did not call unlinkToDeath to unlink all of its death recipients beforehand.  Releasing leaked death recipient: com.tencent.mm.ipcinvoker.c$$a
10-03 02:11:54.196 I/BpBinder(16976): onLastStrongRef automatically unlinking death recipients: 
10-03 02:11:54.204 I/OplusCpuLimitManager( 3557): OplusCpuHighLoad: request instant cpu load
10-03 02:11:54.235 I/ChiX    ( 1909): [oplusAON:QSEEAON_ServiceCallback oplusSrvType:1] Receive QSEEAON Callback
10-03 02:11:54.236 I/ChiX    ( 1909): [oplusAON:ProcessAONServiceEvent] AON Event notify for hClientHandle= 0xb40000769ea69840
10-03 02:11:54.236 I/ChiX    ( 1909): [oplusAON:ClientEventCallBack] AON Event notify srvType=1, clientHandle:0xb40000769ea69840
10-03 02:11:54.236 I/ChiX    ( 1909): [oplusAON:TranslateToAonCallbackInfo  AONServiceType: 1] Translate to Service Event Info
10-03 02:11:54.237 D/ChiX    ( 1909): [oplusAON:AddFusionResult] Translate to fuison Event Info
10-03 02:11:54.238 D/ChiX    ( 1909): [oplusAON:AddFusionResult] fusion:rotation_angle = 90.000000
10-03 02:11:54.238 D/ChiX    ( 1909): [oplusAON] fusion->count:0
10-03 02:11:54.239 D/ChiX    ( 1909): fusion->itemLength:20
10-03 02:11:54.239 D/AONLog  (12042): SensorHubAonManager: [notify] clientHandle:-5476376637414664128,isStopped:false, callback:k.g@dddbe50
10-03 02:11:54.240 D/AONLog  (12042): SensorHubAonManager: aonCallBackInfo-> serviceType:1, results:[Lvendor.oplus.hardware.camera.aon.AONResult;@e3c7c22
10-03 02:11:54.240 D/AONLog  (12042): AONResultsClassify: convertToResult
10-03 02:11:54.241 D/AONLog  (12042): AONResultsClassify: have FusionResult
10-03 02:11:54.241 D/AONLog  (12042): sensorhub_engine: engineSwitchOn = true runningCmds.size()=1 stopRunningCmds.size()=0
10-03 02:11:54.242 D/OplusBootPressureRestriction( 3557): onBootPressureChanged nofify change
10-03 02:11:54.243 D/AONLog  (12042): OSensorHubResultProcess: transform inParams：com.aon.service.aonsensorhublib.p@1df66b3
10-03 02:11:54.243 D/AONLog  (12042): OSensorHubResultProcess: transform fusionResult getDataCount：0 rotateAngle = 90
10-03 02:11:54.243 I/AONLog  (12042): i: detect->faces num = 0, gesture num = 0
10-03 02:11:54.243 I/AONLog  (12042): GAZESTATE: enter gaze detect0
10-03 02:11:54.243 I/AONLog  (12042): GAZESTATE: final gaze state:false
10-03 02:11:54.243 I/AONLog  (12042): ListenerManager: type = 1  eventInfo = 65538
10-03 02:11:54.244 I/AONLog  (12042): ListenerManager: notifySpecialObserver lock. AonCmdType:393217
10-03 02:11:54.244 D/AONLog  (12042): EngineContext: clear engine Context
10-03 02:11:54.244 I/AONLog  (12042): AONAttentionService: onEventParam event:65538 callback:com.oplus.wrapper.service.attention.IAttentionService%24Stub%241%241@7534003
10-03 02:11:54.244 I/ChiX    ( 1909): [oplusAON:ProcessAONServiceEvent] AON Event notify: Success callback:0xb40000769ea6a460 for hClientHandle= 0xb40000769ea69840
10-03 02:11:54.244 D/AONLog  (12042): FramePackage: clear framePackage:0
10-03 02:11:54.244 D/AONLog  (12042): EngineContext: clear human Detected List
10-03 02:11:54.245 I/com.oplus.metis( 8433): AssetManager2(0xb40000765ffdd228) locale list changing from [] to [zh-CN]
10-03 02:11:54.251 E/libEGL  (18090): No entry found in platform lookup table for eglSurfaceAttribMTK
10-03 02:11:54.251 D/ExtensionsLoader(18090): createInstance(64bit) : createExtendedFactory
10-03 02:11:54.251 D/ExtensionsLoader(18090): Opened libguiextimpl.so
10-03 02:11:54.251 I/SDM     ( 1951): DisplayBase::CommitThread: Received idle timeout, panel: cmd, timeout: 70000 us
10-03 02:11:54.261 D/SyncManagerExtImpl( 3557): isSyncValid: 
10-03 02:11:54.264 W/JobScheduler( 3557): Job didn't exist in JobStore: #com.google.android.gms/34
10-03 02:11:54.265 W/JobScheduler( 3557): Job didn't exist in JobStore: #com.google.android.gms/35
10-03 02:11:54.267 D/OplusUtils(18090): OplusUtils [84]: 
10-03 02:11:54.272 E/app_process(18090): createInstance(64bit) : createExtendedFactory
10-03 02:11:54.272 E/app_process(18090): createInstance(64bit) : createExtendedFactory
10-03 02:11:54.273 E/app_process(18090): Opened libinputextensionsimpl.so
10-03 02:11:54.273 E/app_process(18090): Opened libinputextensionsimpl.so
10-03 02:11:54.274 D/AndroidRuntime(18090): >>>>>> START com.android.internal.os.RuntimeInit uid 0 <<<<<<
10-03 02:11:54.274 E/ActivityThread( 7191): Failed to find provider info for subscribedfeeds
10-03 02:11:54.276 I/sensors-hal( 1882): handle_oplus_wise_rgb_event:189, high_pwm_light:lux 46.9,cct 5709.9,brl/algo/ir 1053.0/2.0/0.0,pwm/dc 0.0/0.0,rgbc 1660.758423/1274.291382/656.512390/3546.465820,ts 58703607908,cnt 700,flag 138
10-03 02:11:54.276 I/sensors-hal( 1882): handle_oplus_wise_rgb_event:160, wise_rgb:(702)(cct,lux,ir)[5709.87, 46.95, 0.000000](rgbc)[1666.86, 1285.93, 687.19, 3571.80](pwm,hbm,brl,algo)[0.0 0.0 1053.0 2.0],flag 138
10-03 02:11:54.286 I/AndroidRuntime(18090): Using default boot image
10-03 02:11:54.286 I/AndroidRuntime(18090): Leaving lock profiling enabled
10-03 02:11:54.288 D/EnvelopeDetectorController( 3557): isEnvelopeAssistantEnabled isCancelNotification: true currentUserId: 0 userId: 0
10-03 02:11:54.288 I/app_process(18090): Using CollectorTypeCMC GC.
10-03 02:11:54.289 I/app_process(18090): isSwordfishLaunchAppEnabled_ 1 isSwordfishInstallAppEnabled_ 1
10-03 02:11:54.294 I/OplusHansManager ( 3557): pkg: com.google.android.gsf has gms-backup-service
10-03 02:11:54.294 I/OplusHansManager ( 3557): uid=99910258, pkg=com.google.android.gsf cannot transition from R to M, importance=gms-backup-service
10-03 02:11:54.297 D/PhoneInterfaceManager( 5186): QueryTelephonyChecker-getDataNetworkTypeForSubscriber: packageName = com.android.phone, isGrant = true
10-03 02:11:54.314 D/BatteryChargeControl( 2045): bcc get no support from charging protocol
10-03 02:11:54.320 D/OplusLog_DeviceKit_com.oplus.linker( 8513): [SynergyDeviceManager-134606172] unRegisterDeviceChangeListener
10-03 02:11:54.320 D/OplusLog_DeviceKit_com.oplus.linker( 8513): [OpDeviceServiceClient-134606172] unRegisterDeviceChangeListener: com.oplus.linker.mac.client.scene.MacSceneManager$mDbChangeListener$1@a004865, local: [com.oplus.linker.mac.client.scene.MacSceneManager$mDbChangeListener$1@a004865] remote: com.oplus.synergy.devicekit.OpDeviceServiceClient$remoteDeviceChangeListener$1@96cd353
10-03 02:11:54.334 I/ChiX    ( 1909): [oplusAON:QSEEAON_ServiceCallback oplusSrvType:1] Receive QSEEAON Callback
10-03 02:11:54.334 I/ChiX    ( 1909): [oplusAON:ProcessAONServiceEvent] AON Event notify for hClientHandle= 0xb40000769ea69840
10-03 02:11:54.334 I/ChiX    ( 1909): [oplusAON:ClientEventCallBack] AON Event notify srvType=1, clientHandle:0xb40000769ea69840
10-03 02:11:54.334 I/ChiX    ( 1909): [oplusAON:TranslateToAonCallbackInfo  AONServiceType: 1] Translate to Service Event Info
10-03 02:11:54.334 D/ChiX    ( 1909): [oplusAON:AddFusionResult] Translate to fuison Event Info
10-03 02:11:54.334 D/ChiX    ( 1909): [oplusAON:AddFusionResult] fusion:rotation_angle = 90.000000
10-03 02:11:54.334 D/ChiX    ( 1909): [oplusAON] fusion->count:0
10-03 02:11:54.334 D/ChiX    ( 1909): fusion->itemLength:20
10-03 02:11:54.335 D/AONLog  (12042): SensorHubAonManager: [notify] clientHandle:-5476376637414664128,isStopped:false, callback:k.g@dddbe50
10-03 02:11:54.335 D/AONLog  (12042): SensorHubAonManager: aonCallBackInfo-> serviceType:1, results:[Lvendor.oplus.hardware.camera.aon.AONResult;@edb7470
10-03 02:11:54.335 D/AONLog  (12042): AONResultsClassify: convertToResult
10-03 02:11:54.335 D/AONLog  (12042): AONResultsClassify: have FusionResult
10-03 02:11:54.335 D/AONLog  (12042): sensorhub_engine: engineSwitchOn = true runningCmds.size()=1 stopRunningCmds.size()=0
10-03 02:11:54.335 D/AONLog  (12042): OSensorHubResultProcess: transform inParams：com.aon.service.aonsensorhublib.p@f8ae3e9
10-03 02:11:54.336 D/AONLog  (12042): OSensorHubResultProcess: transform fusionResult getDataCount：0 rotateAngle = 90
10-03 02:11:54.336 I/AONLog  (12042): i: detect->faces num = 0, gesture num = 0
10-03 02:11:54.336 I/AONLog  (12042): GAZESTATE: enter gaze detect0
10-03 02:11:54.336 I/AONLog  (12042): GAZESTATE: final gaze state:false
10-03 02:11:54.336 D/AONLog  (12042): EngineContext: clear engine Context
10-03 02:11:54.336 D/AONLog  (12042): FramePackage: clear framePackage:0
10-03 02:11:54.336 D/AONLog  (12042): EngineContext: clear human Detected List
10-03 02:11:54.336 I/ChiX    ( 1909): [oplusAON:ProcessAONServiceEvent] AON Event notify: Success callback:0xb40000769ea6a460 for hClientHandle= 0xb40000769ea69840
10-03 02:11:54.337 I/AONLog  (12042): ListenerManager: type = 1  eventInfo = 65538
10-03 02:11:54.337 I/AONLog  (12042): ListenerManager: notifySpecialObserver lock. AonCmdType:393217
10-03 02:11:54.337 I/AONLog  (12042): AONAttentionService: onEventParam event:65538 callback:com.oplus.wrapper.service.attention.IAttentionService%24Stub%241%241@7534003
10-03 02:11:54.337 I/OplusCpuLimitManager( 3557): OplusCpuHighLoad: release instant cpu load
10-03 02:11:54.343 D/SensorFeature( 2024): name=ssc_screenshot_info ,index = 22
10-03 02:11:54.343 D/SensorFeature( 2024): write 29 bytes:58974906329,59025557735,139,0
10-03 02:11:54.343 I/SDM     ( 1951): DisplayBase::CommitThread: Received idle timeout, panel: cmd, timeout: 70000 us
10-03 02:11:54.349 I/com.oplus.metis( 8433): AssetManager2(0xb4000076a0a99f28) locale list changing from [] to [zh-CN]
10-03 02:11:54.367 I/app_process(18090): isSwordfishLaunchAppEnabled_ 1 isSwordfishInstallAppEnabled_ 1
10-03 02:11:54.367 D/nativeloader(18090): InitDefaultPublicLibraries for_preload=1: libandroid.so:libaaudio.so:libamidi.so:libbinder_ndk.so:libc.so:libcamera2ndk.so:libdl.so:libEGL.so:libGLESv1_CM.so:libGLESv2.so:libGLESv3.so:libicu.so:libicui18n.so:libicuuc.so:libjnigraphics.so:liblog.so:libmediandk.so:libm.so:libnativehelper.so:libnativewindow.so:libOpenMAXAL.so:libOpenSLES.so:libRS.so:libstdc++.so:libsync.so:libvulkan.so:libwebviewchromium_plat_support.so:libz.so
10-03 02:11:54.375 D/OplusWifiSarManager( 3557): wifisarprop msg=11111000001010101:0:1 sar_idx=11111000001010101:0:1
10-03 02:11:54.375 D/nativeloader(18090): Load libicu_jni.so using APEX ns com_android_art for caller /apex/com.android.art/javalib/core-oj.jar: ok
10-03 02:11:54.376 D/app_process(18090): u_setTimeZoneFilesDirectory("/apex/com.android.tzdata/etc/tz/versioned/9/icu") succeeded. 
10-03 02:11:54.376 D/app_process(18090): I18n APEX ICU file found: /apex/com.android.i18n/etc/icu/icudt76l.dat
10-03 02:11:54.376 D/nativeloader(18090): Load libjavacore.so using APEX ns com_android_art for caller /apex/com.android.art/javalib/core-oj.jar: ok
10-03 02:11:54.377 D/nativeloader(18090): Load libopenjdk.so using APEX ns com_android_art for caller /apex/com.android.art/javalib/core-oj.jar: ok
10-03 02:11:54.378 I/FuseDaemon( 7067): gc_priority_optimize fd is empty
10-03 02:11:54.378 I/FuseDaemon( 7067): open sharedFd failed with Permission denied
10-03 02:11:54.378 I/FuseDaemon( 7067): gc_priority_optimize set UX fail-1
10-03 02:11:54.378 I/FuseDaemon( 7067): gc_priority_optimize fd is empty
10-03 02:11:54.378 I/FuseDaemon( 7067): open sharedFd failed with Permission denied
10-03 02:11:54.378 I/FuseDaemon( 7067): gc_priority_optimize set UX fail-1
10-03 02:11:54.380 D/ExtLoader(18090): DEFAULT_DEBUG_DUMMY=false, DEFAULT_DEBUG_CREATE=false
10-03 02:11:54.389 I/FuseDaemon( 7067): gc_priority_optimize fd is empty
10-03 02:11:54.389 I/FuseDaemon( 7067): open sharedFd failed with Permission denied
10-03 02:11:54.389 I/FuseDaemon( 7067): gc_priority_optimize set UX fail-1
10-03 02:11:54.389 I/FuseDaemon( 7067): gc_priority_optimize fd is empty
10-03 02:11:54.389 I/FuseDaemon( 7067): open sharedFd failed with Permission denied
10-03 02:11:54.389 I/FuseDaemon( 7067): gc_priority_optimize set UX fail-1
10-03 02:11:54.389 D/nativeloader(18090): Load libonetrace_jni.so using system ns (caller=/system/framework/oplus-framework.jar): ok
10-03 02:11:54.389 D/OplusTrace(18090): register_android_os_OplusTrace
10-03 02:11:54.392 I/FuseDaemon( 7067): gc_priority_optimize fd is empty
10-03 02:11:54.392 I/FuseDaemon( 7067): open sharedFd failed with Permission denied
10-03 02:11:54.392 I/FuseDaemon( 7067): gc_priority_optimize set UX fail-1
10-03 02:11:54.392 I/FuseDaemon( 7067): gc_priority_optimize fd is empty
10-03 02:11:54.392 I/FuseDaemon( 7067): open sharedFd failed with Permission denied
10-03 02:11:54.392 I/FuseDaemon( 7067): gc_priority_optimize set UX fail-1
10-03 02:11:54.395 I/FuseDaemon( 7067): gc_priority_optimize fd is empty
10-03 02:11:54.395 I/FuseDaemon( 7067): open sharedFd failed with Permission denied
10-03 02:11:54.395 I/FuseDaemon( 7067): gc_priority_optimize set UX fail-1
10-03 02:11:54.396 I/FuseDaemon( 7067): gc_priority_optimize fd is empty
10-03 02:11:54.396 I/FuseDaemon( 7067): open sharedFd failed with Permission denied
10-03 02:11:54.396 I/FuseDaemon( 7067): gc_priority_optimize set UX fail-1
10-03 02:11:54.400 D/nativeloader(18090): Load libframework-connectivity-tiramisu-jni.so using APEX ns com_android_tethering for caller /apex/com.android.tethering/javalib/framework-connectivity-t.jar: ok
10-03 02:11:54.400 D/AndroidRuntime(18090): Calling main entry com.siyi.mediagrant.Main
10-03 02:11:54.436 I/ChiX    ( 1909): [oplusAON:QSEEAON_ServiceCallback oplusSrvType:1] Receive QSEEAON Callback
10-03 02:11:54.437 I/ChiX    ( 1909): [oplusAON:ProcessAONServiceEvent] AON Event notify for hClientHandle= 0xb40000769ea69840
10-03 02:11:54.437 I/ChiX    ( 1909): [oplusAON:ClientEventCallBack] AON Event notify srvType=1, clientHandle:0xb40000769ea69840
10-03 02:11:54.437 I/ChiX    ( 1909): [oplusAON:TranslateToAonCallbackInfo  AONServiceType: 1] Translate to Service Event Info
10-03 02:11:54.437 D/ChiX    ( 1909): [oplusAON:AddFusionResult] Translate to fuison Event Info
10-03 02:11:54.437 D/ChiX    ( 1909): [oplusAON:AddFusionResult] fusion:rotation_angle = 90.000000
10-03 02:11:54.437 D/ChiX    ( 1909): [oplusAON] fusion->count:0
10-03 02:11:54.437 D/ChiX    ( 1909): fusion->itemLength:20
10-03 02:11:54.438 D/AONLog  (12042): SensorHubAonManager: [notify] clientHandle:-5476376637414664128,isStopped:false, callback:k.g@dddbe50
10-03 02:11:54.439 D/AONLog  (12042): SensorHubAonManager: aonCallBackInfo-> serviceType:1, results:[Lvendor.oplus.hardware.camera.aon.AONResult;@eca386e
10-03 02:11:54.439 D/AONLog  (12042): AONResultsClassify: convertToResult
10-03 02:11:54.439 D/AONLog  (12042): AONResultsClassify: have FusionResult
10-03 02:11:54.439 D/AONLog  (12042): sensorhub_engine: engineSwitchOn = true runningCmds.size()=1 stopRunningCmds.size()=0
10-03 02:11:54.441 I/SmartDataSwitchStateManager( 5216): updateBootState, mIsBootCompletedInTime true
10-03 02:11:54.441 I/SmartDataSwitchSM( 5216): [DisableState]Handle msg: 2
10-03 02:11:54.441 I/SmartDataSwitchSM( 5216): [DisableState]handle state change, reason:BootCompleted
10-03 02:11:54.443 I/ChiX    ( 1909): [oplusAON:ProcessAONServiceEvent] AON Event notify: Success callback:0xb40000769ea6a460 for hClientHandle= 0xb40000769ea69840
10-03 02:11:54.443 D/AONLog  (12042): OSensorHubResultProcess: transform inParams：com.aon.service.aonsensorhublib.p@c5fbb0f
10-03 02:11:54.445 D/AONLog  (12042): OSensorHubResultProcess: transform fusionResult getDataCount：0 rotateAngle = 90
10-03 02:11:54.446 I/AONLog  (12042): i: detect->faces num = 0, gesture num = 0
10-03 02:11:54.446 I/AONLog  (12042): GAZESTATE: enter gaze detect0
10-03 02:11:54.447 I/AONLog  (12042): GAZESTATE: final gaze state:false
10-03 02:11:54.448 D/AONLog  (12042): EngineContext: clear engine Context
10-03 02:11:54.449 D/AONLog  (12042): FramePackage: clear framePackage:0
10-03 02:11:54.449 D/AONLog  (12042): EngineContext: clear human Detected List
10-03 02:11:54.453 I/AONLog  (12042): ListenerManager: type = 1  eventInfo = 65538
10-03 02:11:54.453 I/AONLog  (12042): ListenerManager: notifySpecialObserver lock. AonCmdType:393217
10-03 02:11:54.454 I/AONLog  (12042): AONAttentionService: onEventParam event:65538 callback:com.oplus.wrapper.service.attention.IAttentionService%24Stub%241%241@7534003
10-03 02:11:54.454 I/com.oplus.metis( 8433): AssetManager2(0xb4000076a0a9a228) locale list changing from [] to [zh-CN]
10-03 02:11:54.460 W/dumpsys (18115): Thread Pool max thread count is 0. Cannot cache binder as linkToDeath cannot be implemented. serviceName: package
10-03 02:11:54.486 W/incfs   ( 3557): isIncFsPathImpl(): could not statfs /data/app/~~5pxyv4iAGr4DFraE_BiY3g==/com.genymobile.gnirehtet-ilh86Y2Cjdl8-n5qlqDzag==: No such file or directory
10-03 02:11:54.488 I/ostats_tpd( 6762): stats_write, records atomId:100100, event_id:868, cpu:0, values: 868-0-1-207-(cpu-1-2-1)-26-2-1
10-03 02:11:54.529 I/AconfigPackage(18090): com.android.nfc.flags is mapped to system
10-03 02:11:54.529 I/AconfigPackage(18090): android.app.admin.flags is mapped to system
10-03 02:11:54.529 I/AconfigPackage(18090): android.database.sqlite is mapped to system
10-03 02:11:54.529 I/AconfigPackage(18090): com.android.providers.calendar is mapped to system
10-03 02:11:54.529 I/AconfigPackage(18090): com.android.server.power.feature.flags is mapped to system
10-03 02:11:54.529 I/AconfigPackage(18090): com.android.media.performance.flags is mapped to system
10-03 02:11:54.529 I/AconfigPackage(18090): android.app.contextualsearch.flags is mapped to system
10-03 02:11:54.529 I/AconfigPackage(18090): android.app.ondeviceintelligence.flags is mapped to system
10-03 02:11:54.529 I/AconfigPackage(18090): com.android.media.projection.flags is mapped to system
10-03 02:11:54.529 I/AconfigPackage(18090): android.companion is mapped to system
10-03 02:11:54.529 I/AconfigPackage(18090): android.service.controls.flags is mapped to system
10-03 02:11:54.529 I/AconfigPackage(18090): com.android.text.flags is mapped to system
10-03 02:11:54.529 I/AconfigPackage(18090): com.android.providers.contactkeys.flags is mapped to system
10-03 02:11:54.529 I/AconfigPackage(18090): com.android.intentresolver is mapped to system
10-03 02:11:54.529 I/AconfigPackage(18090): android.companion.virtualdevice.flags is mapped to system
10-03 02:11:54.529 I/AconfigPackage(18090): android.uprobestats.flags is mapped to system
10-03 02:11:54.529 I/AconfigPackage(18090): com.android.net.thread.platform.flags is mapped to system
10-03 02:11:54.529 I/AconfigPackage(18090): android.view.contentprotection.flags is mapped to system
10-03 02:11:54.529 I/AconfigPackage(18090): com.android.server.dreams is mapped to system
10-03 02:11:54.529 I/AconfigPackage(18090): com.android.graphics.surfaceflinger.flags is mapped to system
10-03 02:11:54.529 I/AconfigPackage(18090): com.android.hardware.input is mapped to system
10-03 02:11:54.529 I/AconfigPackage(18090): android.sdk is mapped to system
10-03 02:11:54.529 I/AconfigPackage(18090): com.android.input.flags is mapped to system
10-03 02:11:54.529 I/AconfigPackage(18090): android.tracing is mapped to system
10-03 02:11:54.529 I/AconfigPackage(18090): com.android.server.biometrics is mapped to system
10-03 02:11:54.529 I/AconfigPackage(18090): android.view.contentcapture.flags is mapped to system
10-03 02:11:54.529 I/AconfigPackage(18090): android.app.job is mapped to system
10-03 02:11:54.529 I/AconfigPackage(18090): android.content.res is mapped to system
10-03 02:11:54.529 I/AconfigPackage(18090): android.net.platform.flags is mapped to system
10-03 02:11:54.529 I/AconfigPackage(18090): com.android.aconfig.flags is mapped to system
10-03 02:11:54.529 I/AconfigPackage(18090): com.android.graphics.flags is mapped to system
10-03 02:11:54.529 I/AconfigPackage(18090): android.server.app is mapped to system
10-03 02:11:54.529 I/AconfigPackage(18090): android.speech.flags is mapped to system
10-03 02:11:54.529 I/AconfigPackage(18090): com.android.server.stats is mapped to system
10-03 02:11:54.529 I/AconfigPackage(18090): android.hardware.biometrics is mapped to system
10-03 02:11:54.529 I/AconfigPackage(18090): android.car.feature is mapped to system
10-03 02:11:54.529 I/AconfigPackage(18090): android.adpf is mapped to system
10-03 02:11:54.529 I/AconfigPackage(18090): android.location.flags is mapped to system
10-03 02:11:54.529 I/AconfigPackage(18090): com.android.settingslib.flags is mapped to system
10-03 02:11:54.529 I/AconfigPackage(18090): com.android.managedprovisioning.flags is mapped to system
10-03 02:11:54.529 I/AconfigPackage(18090): android.app.assist.flags is mapped to system
10-03 02:11:54.529 I/AconfigPackage(18090): com.android.server.net is mapped to system
10-03 02:11:54.529 I/AconfigPackage(18090): com.android.settingslib.widget.flags is mapped to system
10-03 02:11:54.529 I/AconfigPackage(18090): com.android.internal.camera.flags is mapped to system
10-03 02:11:54.529 I/AconfigPackage(18090): com.android.hardware.libsensor.flags is mapped to system
10-03 02:11:54.529 I/AconfigPackage(18090): com.android.internal.jank is mapped to system
10-03 02:11:54.529 I/AconfigPackage(18090): com.android.providers.settings is mapped to system
10-03 02:11:54.529 I/AconfigPackage(18090): android.multiuser is mapped to system
10-03 02:11:54.529 I/AconfigPackage(18090): com.android.server.power.optimization is mapped to system
10-03 02:11:54.529 I/AconfigPackage(18090): com.android.calllogbackup is mapped to system
10-03 02:11:54.529 I/AconfigPackage(18090): com.android.media.flags is mapped to system
10-03 02:11:54.529 I/AconfigPackage(18090): com.android.server.flags is mapped to system
10-03 02:11:54.529 I/AconfigPackage(18090): com.android.graphics.libvulkan.flags is mapped to system
10-03 02:11:54.529 I/AconfigPackage(18090): android.app.appfunctions.flags is mapped to system
10-03 02:11:54.529 I/AconfigPackage(18090): android.app.smartspace.flags is mapped to system
10-03 02:11:54.529 I/AconfigPackage(18090): com.android.providers.contacts.flags is mapped to system
10-03 02:11:54.529 I/AconfigPackage(18090): com.android.shell.flags is mapped to system
10-03 02:11:54.529 I/AconfigPackage(18090): com.android.media.aaudio is mapped to system
10-03 02:11:54.529 I/AconfigPackage(18090): android.hardware.radio is mapped to system
10-03 02:11:54.529 I/AconfigPackage(18090): suspend_service.flags is mapped to system
10-03 02:11:54.529 I/AconfigPackage(18090): android.media.midi is mapped to system
10-03 02:11:54.529 I/AconfigPackage(18090): com.android.libcore.readonly is mapped to system
10-03 02:11:54.529 I/AconfigPackage(18090): com.android.settingslib.widget.selectorwithwidgetpreference.flags is mapped to system
10-03 02:11:54.529 I/AconfigPackage(18090): android.service.notification is mapped to system
10-03 02:11:54.529 I/AconfigPackage(18090): com.android.systemui.shared is mapped to system
10-03 02:11:54.529 I/AconfigPackage(18090): android.app.jank is mapped to system
10-03 02:11:54.529 I/AconfigPackage(18090): android.app.wearable is mapped to system
10-03 02:11:54.529 I/AconfigPackage(18090): com.android.media.audio is mapped to system
10-03 02:11:54.529 I/AconfigPackage(18090): android.service.chooser is mapped to system
10-03 02:11:54.529 I/AconfigPackage(18090): com.android.server.compat is mapped to system
10-03 02:11:54.529 I/AconfigPackage(18090): com.android.server.alarm is mapped to system
10-03 02:11:54.529 I/AconfigPackage(18090): com.android.apex.flags is mapped to system
10-03 02:11:54.529 I/AconfigPackage(18090): android.service.quickaccesswallet is mapped to system
10-03 02:11:54.529 I/AconfigPackage(18090): android.app.usage is mapped to system
10-03 02:11:54.529 I/AconfigPackage(18090): com.android.server.accessibility is mapped to system
10-03 02:11:54.529 I/AconfigPackage(18090): android.app.supervision.flags is mapped to system
10-03 02:11:54.529 I/AconfigPackage(18090): com.android.server.utils is mapped to system
10-03 02:11:54.529 I/AconfigPackage(18090): android.chre.flags is mapped to system
10-03 02:11:54.529 I/AconfigPackage(18090): android.content.flags is mapped to system
10-03 02:11:54.529 I/AconfigPackage(18090): android.media.codec is mapped to system
10-03 02:11:54.529 I/AconfigPackage(18090): com.android.internal.os is mapped to system
10-03 02:11:54.529 I/AconfigPackage(18090): com.android.nfc.nci.flags is mapped to system
10-03 02:11:54.529 I/AconfigPackage(18090): android.app is mapped to system
10-03 02:11:54.529 I/AconfigPackage(18090): android.security.keystore2 is mapped to system
10-03 02:11:54.529 I/AconfigPackage(18090): android.crashrecovery.flags is mapped to system
10-03 02:11:54.529 I/AconfigPackage(18090): com.android.tradeinmode.flags is mapped to system
10-03 02:11:54.529 I/AconfigPackage(18090): android.hardware.flags is mapped to system
10-03 02:11:54.529 I/AconfigPackage(18090): com.android.server.telecom.flags is mapped to system
10-03 02:11:54.529 I/AconfigPackage(18090): com.android.settingslib.media.flags is mapped to system
10-03 02:11:54.529 I/AconfigPackage(18090): com.android.server.policy is mapped to system
10-03 02:11:54.529 I/AconfigPackage(18090): android.media.audiopolicy is mapped to system
10-03 02:11:54.529 I/AconfigPackage(18090): com.android.egg.flags is mapped to system
10-03 02:11:54.529 I/AconfigPackage(18090): com.android.internal.compat.flags is mapped to system
10-03 02:11:54.529 I/AconfigPackage(18090): android.security is mapped to system
10-03 02:11:54.529 I/AconfigPackage(18090): android.service.autofill is mapped to system
10-03 02:11:54.529 I/AconfigPackage(18090): com.example.android.aconfig.demo.flags is mapped to system
10-03 02:11:54.529 I/AconfigPackage(18090): android.view.flags is mapped to system
10-03 02:11:54.529 I/AconfigPackage(18090): android.companion.virtual.flags is mapped to system
10-03 02:11:54.529 I/AconfigPackage(18090): com.android.aconfig_new_storage is mapped to system
10-03 02:11:54.529 I/AconfigPackage(18090): com.android.server.feature.flags is mapped to system
10-03 02:11:54.529 I/AconfigPackage(18090): com.android.systemui is mapped to system
10-03 02:11:54.529 I/AconfigPackage(18090): com.android.server.power.batterysaver is mapped to system
10-03 02:11:54.529 I/AconfigPackage(18090): android.widget.flags is mapped to system
10-03 02:11:54.529 I/AconfigPackage(18090): com.android.media.editing.flags is mapped to system
10-03 02:11:54.529 I/AconfigPackage(18090): com.android.media.codec.flags is mapped to system
10-03 02:11:54.529 I/AconfigPackage(18090): com.android.server.powerstats is mapped to system
10-03 02:11:54.529 I/AconfigPackage(18090): com.android.graphics.egl.flags is mapped to system
10-03 02:11:54.529 I/AconfigPackage(18090): com.android.media.audioserver is mapped to system
10-03 02:11:54.529 I/AconfigPackage(18090): com.android.server.deviceidle is mapped to system
10-03 02:11:54.529 I/AconfigPackage(18090): android.nfc is mapped to system
10-03 02:11:54.529 I/AconfigPackage(18090): android.permission.flags is mapped to system
10-03 02:11:54.529 I/AconfigPackage(18090): android.service.voice.flags is mapped to system
10-03 02:11:54.529 I/AconfigPackage(18090): android.content.pm is mapped to system
10-03 02:11:54.529 I/AconfigPackage(18090): com.android.server.power.hint is mapped to system
10-03 02:11:54.529 I/AconfigPackage(18090): android.os is mapped to system
10-03 02:11:54.529 I/AconfigPackage(18090): android.service.dreams is mapped to system
10-03 02:11:54.529 I/AconfigPackage(18090): com.android.graphics.libgui.flags is mapped to system
10-03 02:11:54.529 I/AconfigPackage(18090): android.hardware.usb.flags is mapped to system
10-03 02:11:54.529 I/AconfigPackage(18090): android.provider is mapped to system
10-03 02:11:54.529 I/AconfigPackage(18090): com.android.server.job is mapped to system
10-03 02:11:54.529 I/AconfigPackage(18090): com.android.internal.foldables.flags is mapped to system
10-03 02:11:54.529 I/AconfigPackage(18090): com.android.internal.telephony.flags is mapped to system
10-03 02:11:54.529 I/AconfigPackage(18090): android.webkit is mapped to system
10-03 02:11:54.529 I/AconfigPackage(18090): android.credentials.flags is mapped to system
10-03 02:11:54.529 I/AconfigPackage(18090): com.android.server.display.feature.flags is mapped to system
10-03 02:11:54.529 I/AconfigPackage(18090): com.android.server.notification is mapped to system
10-03 02:11:54.529 I/AconfigPackage(18090): com.oplus.framework.flags is mapped to system
10-03 02:11:54.529 I/AconfigPackage(18090): android.appwidget.flags is mapped to system
10-03 02:11:54.529 I/AconfigPackage(18090): com.android.frameworks.sensorservice.flags is mapped to system
10-03 02:11:54.529 I/AconfigPackage(18090): com.android.window.flags is mapped to system
10-03 02:11:54.529 I/AconfigPackage(18090): android.adaptiveauth is mapped to system
10-03 02:11:54.529 I/AconfigPackage(18090): android.net.wifi.flags is mapped to system
10-03 02:11:54.529 I/AconfigPackage(18090): android.media.tv.flags is mapped to system
10-03 02:11:54.529 I/AconfigPackage(18090): com.android.server.usb.flags is mapped to system
10-03 02:11:54.529 I/AconfigPackage(18090): android.os.vibrator is mapped to system
10-03 02:11:54.529 I/AconfigPackage(18090): android.hardware.devicestate.feature.flags is mapped to system
10-03 02:11:54.529 I/AconfigPackage(18090): com.android.server.usage is mapped to system
10-03 02:11:54.529 I/AconfigPackage(18090): android.server is mapped to system
10-03 02:11:54.529 I/AconfigPackage(18090): com.android.wm.shell is mapped to system
10-03 02:11:54.529 I/AconfigPackage(18090): android.view.inputmethod is mapped to system
10-03 02:11:54.529 I/AconfigPackage(18090): com.android.graphics.hwui.flags is mapped to system
10-03 02:11:54.529 I/AconfigPackage(18090): com.android.server.backup is mapped to system
10-03 02:11:54.529 I/AconfigPackage(18090): com.android.internal.pm.pkg.component.flags is mapped to system
10-03 02:11:54.529 I/AconfigPackage(18090): android.view.accessibility is mapped to system
10-03 02:11:54.529 I/AconfigPackage(18090): android.media.audio is mapped to system
10-03 02:11:54.529 I/AconfigPackage(18090): com.android.server.am is mapped to system
10-03 02:11:54.529 I/AconfigPackage(18090): com.android.media.playback.flags is mapped to system
10-03 02:11:54.530 I/AconfigPackage(18090): com.android.settings.accessibility is mapped to system_ext
10-03 02:11:54.530 I/AconfigPackage(18090): com.android.settings.keyboard is mapped to system_ext
10-03 02:11:54.530 I/AconfigPackage(18090): com.android.settings.factory_reset is mapped to system_ext
10-03 02:11:54.530 I/AconfigPackage(18090): com.android.systemui.accessibility.accessibilitymenu is mapped to system_ext
10-03 02:11:54.530 I/AconfigPackage(18090): com.android.server.policy.feature.flags is mapped to system_ext
10-03 02:11:54.530 I/AconfigPackage(18090): com.android.settings.flags is mapped to system_ext
10-03 02:11:54.530 I/AconfigPackage(18090): com.android.settings.media_drm is mapped to system_ext
10-03 02:11:54.530 I/AconfigPackage(18090): com.android.launcher3 is mapped to system_ext
10-03 02:11:54.530 I/AconfigPackage(18090): com.android.cellbroadcastreceiver.flags is mapped to com.android.cellbroadcast
10-03 02:11:54.530 I/AconfigPackage(18090): com.android.net.ct.flags is mapped to com.android.tethering
10-03 02:11:54.530 I/AconfigPackage(18090): com.android.net.flags is mapped to com.android.tethering
10-03 02:11:54.530 I/AconfigPackage(18090): android.net.vcn is mapped to com.android.tethering
10-03 02:11:54.530 I/AconfigPackage(18090): com.android.nearby.flags is mapped to com.android.tethering
10-03 02:11:54.530 I/AconfigPackage(18090): android.net.http is mapped to com.android.tethering
10-03 02:11:54.530 I/AconfigPackage(18090): com.android.net.thread.flags is mapped to com.android.tethering
10-03 02:11:54.530 I/AconfigPackage(18090): com.android.media.extractor.flags is mapped to com.android.media
10-03 02:11:54.530 I/AconfigPackage(18090): com.android.media.mainline.flags is mapped to com.android.media
10-03 02:11:54.530 I/AconfigPackage(18090): com.android.system.virtualmachine.flags is mapped to com.android.virt
10-03 02:11:54.531 I/AconfigPackage(18090): android.media.swcodec.flags is mapped to com.android.media.swcodec
10-03 02:11:54.531 I/AconfigPackage(18090): android.graphics.pdf.flags is mapped to com.android.mediaprovider
10-03 02:11:54.531 I/AconfigPackage(18090): com.android.providers.media.flags is mapped to com.android.mediaprovider
10-03 02:11:54.531 I/AconfigPackage(18090): android.graphics.pdf.flags.readonly is mapped to com.android.mediaprovider
10-03 02:11:54.531 I/AconfigPackage(18090): android.uprobestats.mainline.flags is mapped to com.android.uprobestats
10-03 02:11:54.531 I/AconfigPackage(18090): com.android.os.statsd.flags is mapped to com.android.os.statsd
10-03 02:11:54.531 I/AconfigPackage(18090): com.android.healthfitness.flags is mapped to com.android.healthfitness
10-03 02:11:54.531 I/AconfigPackage(18090): com.android.org.conscrypt.flags is mapped to com.android.conscrypt
10-03 02:11:54.531 I/AconfigPackage(18090): com.android.uwb.flags is mapped to com.android.uwb
10-03 02:11:54.531 I/AconfigPackage(18090): com.android.ranging.flags is mapped to com.android.uwb
10-03 02:11:54.532 I/AconfigPackage(18090): android.provider.flags is mapped to com.android.configinfrastructure
10-03 02:11:54.532 I/AconfigPackage(18090): com.android.server.deviceconfig is mapped to com.android.configinfrastructure
10-03 02:11:54.532 I/AconfigPackage(18090): com.android.ipsec.flags is mapped to com.android.ipsec
10-03 02:11:54.532 I/AconfigPackage(18090): com.android.permission.flags is mapped to com.android.permission
10-03 02:11:54.532 I/AconfigPackage(18090): com.android.permissioncontroller.flags is mapped to com.android.permission
10-03 02:11:54.532 I/AconfigPackage(18090): com.android.icu is mapped to com.android.i18n
10-03 02:11:54.532 I/AconfigPackage(18090): com.android.art.flags is mapped to com.android.art
10-03 02:11:54.532 I/AconfigPackage(18090): com.android.libcore is mapped to com.android.art
10-03 02:11:54.532 I/AconfigPackage(18090): com.android.appsearch.flags is mapped to com.android.appsearch
10-03 02:11:54.532 I/AconfigPackage(18090): com.android.devicelock.flags is mapped to com.android.devicelock
10-03 02:11:54.533 I/AconfigPackage(18090): com.android.adservices.ondevicepersonalization.flags is mapped to com.android.ondevicepersonalization
10-03 02:11:54.533 I/AconfigPackage(18090): android.os.profiling is mapped to com.android.profiling
10-03 02:11:54.533 I/AconfigPackage(18090): com.android.wifi.flags is mapped to com.android.wifi
10-03 02:11:54.533 I/AconfigPackage(18090): com.android.adservices.flags is mapped to com.android.adservices
10-03 02:11:54.533 I/AconfigPackage(18090): com.android.sdksandbox.flags is mapped to com.android.adservices
10-03 02:11:54.533 E/FeatureFlagsImplExport(18090): android.os.flagging.AconfigStorageReadException: ERROR_PACKAGE_NOT_FOUND: package android.xr cannot be found on the device
10-03 02:11:54.534 W/PlatformAconfigPackage(18090): android.os.flagging.AconfigStorageReadException: ERROR_CANNOT_READ_STORAGE_FILE: Fail to mmap storage
10-03 02:11:54.534 I/ChiX    ( 1909): [oplusAON:QSEEAON_ServiceCallback oplusSrvType:1] Receive QSEEAON Callback
10-03 02:11:54.534 I/ChiX    ( 1909): [oplusAON:ProcessAONServiceEvent] AON Event notify for hClientHandle= 0xb40000769ea69840
10-03 02:11:54.534 I/ChiX    ( 1909): [oplusAON:ClientEventCallBack] AON Event notify srvType=1, clientHandle:0xb40000769ea69840
10-03 02:11:54.534 I/ChiX    ( 1909): [oplusAON:TranslateToAonCallbackInfo  AONServiceType: 1] Translate to Service Event Info
10-03 02:11:54.534 D/ChiX    ( 1909): [oplusAON:AddFusionResult] Translate to fuison Event Info
10-03 02:11:54.534 D/ChiX    ( 1909): [oplusAON:AddFusionResult] fusion:rotation_angle = 90.000000
10-03 02:11:54.534 D/ChiX    ( 1909): [oplusAON] fusion->count:0
10-03 02:11:54.534 D/ChiX    ( 1909): fusion->itemLength:20
10-03 02:11:54.535 D/AONLog  (12042): SensorHubAonManager: [notify] clientHandle:-5476376637414664128,isStopped:false, callback:k.g@dddbe50
10-03 02:11:54.535 D/AONLog  (12042): SensorHubAonManager: aonCallBackInfo-> serviceType:1, results:[Lvendor.oplus.hardware.camera.aon.AONResult;@c5b679c
10-03 02:11:54.535 D/AONLog  (12042): AONResultsClassify: convertToResult
10-03 02:11:54.535 D/AONLog  (12042): AONResultsClassify: have FusionResult
10-03 02:11:54.535 D/AONLog  (12042): sensorhub_engine: engineSwitchOn = true runningCmds.size()=1 stopRunningCmds.size()=0
10-03 02:11:54.536 D/AONLog  (12042): OSensorHubResultProcess: transform inParams：com.aon.service.aonsensorhublib.p@b24d5a5
10-03 02:11:54.536 D/AONLog  (12042): OSensorHubResultProcess: transform fusionResult getDataCount：0 rotateAngle = 90
10-03 02:11:54.536 I/AONLog  (12042): i: detect->faces num = 0, gesture num = 0
10-03 02:11:54.536 I/AONLog  (12042): GAZESTATE: enter gaze detect0
10-03 02:11:54.536 I/AONLog  (12042): GAZESTATE: final gaze state:false
10-03 02:11:54.536 D/AONLog  (12042): EngineContext: clear engine Context
10-03 02:11:54.536 D/AONLog  (12042): FramePackage: clear framePackage:0
10-03 02:11:54.536 D/AONLog  (12042): EngineContext: clear human Detected List
10-03 02:11:54.536 I/ChiX    ( 1909): [oplusAON:ProcessAONServiceEvent] AON Event notify: Success callback:0xb40000769ea6a460 for hClientHandle= 0xb40000769ea69840
10-03 02:11:54.536 I/AONLog  (12042): ListenerManager: type = 1  eventInfo = 65538
10-03 02:11:54.536 I/AONLog  (12042): ListenerManager: notifySpecialObserver lock. AonCmdType:393217
10-03 02:11:54.536 I/AONLog  (12042): AONAttentionService: onEventParam event:65538 callback:com.oplus.wrapper.service.attention.IAttentionService%24Stub%241%241@7534003
10-03 02:11:54.537 W/SQLiteCompatibilityWalFlags(18090): Cannot read global setting sqlite_compatibility_wal_flags - Application state not available
10-03 02:11:54.541 I/sensors-hal( 1882): handle_oplus_wise_rgb_event:160, wise_rgb:(707)(cct,lux,ir)[5740.56, 47.59, 2.023570](rgbc)[1660.76, 1251.02, 650.38, 3546.47](pwm,hbm,brl,algo)[0.0 0.0 1053.0 2.0],flag 139
10-03 02:11:54.545 I/AICCTModule( 3557): SensorFilter: brightness threshold 1.2 screenNit is 55.034 ave enviroment lux is 16.188667 luxForNit 44.655926demarcationPoint200.0 result is true
10-03 02:11:54.552 D/nativeloader(18090): Load libjavacrypto.so using APEX ns com_android_conscrypt for caller /apex/com.android.conscrypt/javalib/conscrypt.jar: ok
10-03 02:11:54.556 I/com.oplus.metis( 8433): AssetManager2(0xb4000076a0a9a528) locale list changing from [] to [zh-CN]
10-03 02:11:54.557 I/PackagePartitionsExtImpl(18090):  non overlaied app dir /my_product/non_overlay, partitionName my_product
10-03 02:11:54.558 I/PackagePartitionsExtImpl(18090):  non overlaied app dir /my_stock/non_overlay, partitionName my_stock
10-03 02:11:54.558 I/PackagePartitionsExtImpl(18090): my_company is not overlaid and scan as before
10-03 02:11:54.558 I/PackagePartitionsExtImpl(18090): my_carrier is not overlaid and scan as before
10-03 02:11:54.558 I/PackagePartitionsExtImpl(18090): my_bigball is not overlaid and scan as before
10-03 02:11:54.558 I/PackagePartitionsExtImpl(18090): my_product/cust/CN is not overlaid and scan as before
10-03 02:11:54.558 I/PackagePartitionsExtImpl(18090):  overlaidStatus value is 1
10-03 02:11:54.558 I/PackagePartitionsExtImpl(18090): custom partititions are overlaid;skip parse custom images
10-03 02:11:54.559 W/OverlayConfig(18090): Invalid partition_order.xml, partition_order.xml has 6 partitions, which is different from SYSTEM_PARTITIONS
10-03 02:11:54.559 I/VEN11   (16300): CELL-OPT-COLLECTION-MISS LTE
10-03 02:11:54.560 I/VEN11   (16300): CELL-SPOOF cell-all n=1
10-03 02:11:54.604 W/idmap2  (18117): failed to create idmap
10-03 02:11:54.607 I/mars::stn(16976): [longlink_connect_monitor.cc:560, OnHeartbeatAlarmSet]:longlink_progress on_heartbeat_set, time: 59290, time interval:210000
10-03 02:11:54.622 D/BoundBrokerSvc( 7191): onUnbind: Intent { act=com.google.android.mdd.service.START dat=chimera-action:/... xflg=0x4 cmp=com.google.android.gms/.chimera.GmsApiService mCallingUid=10258 }
10-03 02:11:54.632 W/libc    (16300): Access denied finding property "ro.serialno"
10-03 02:11:54.632 W/libc    (16300): Access denied finding property "ro.serialno"
10-03 02:11:54.632 W/libc    (16300): Access denied finding property "ro.serialno"
10-03 02:11:54.633 W/libc    (16300): Access denied finding property "ro.serialno"
10-03 02:11:54.633 W/libc    (16300): Access denied finding property "ro.serialno"
10-03 02:11:54.633 W/libc    (16300): Access denied finding property "ro.serialno"
10-03 02:11:54.634 D/SensorFeature( 2024): name=ssc_screenshot_info ,index = 22
10-03 02:11:54.634 D/SensorFeature( 2024): write 29 bytes:58974906329,59316218360,140,0
10-03 02:11:54.634 I/ChiX    ( 1909): [oplusAON:QSEEAON_ServiceCallback oplusSrvType:1] Receive QSEEAON Callback
10-03 02:11:54.637 I/ChiX    ( 1909): [oplusAON:ProcessAONServiceEvent] AON Event notify for hClientHandle= 0xb40000769ea69840
10-03 02:11:54.637 I/ChiX    ( 1909): [oplusAON:ClientEventCallBack] AON Event notify srvType=1, clientHandle:0xb40000769ea69840
10-03 02:11:54.637 I/ChiX    ( 1909): [oplusAON:TranslateToAonCallbackInfo  AONServiceType: 1] Translate to Service Event Info
10-03 02:11:54.637 D/ChiX    ( 1909): [oplusAON:AddFusionResult] Translate to fuison Event Info
10-03 02:11:54.637 D/ChiX    ( 1909): [oplusAON:AddFusionResult] fusion:rotation_angle = 90.000000
10-03 02:11:54.637 D/ChiX    ( 1909): [oplusAON] fusion->count:0
10-03 02:11:54.637 D/ChiX    ( 1909): fusion->itemLength:20
10-03 02:11:54.638 D/AONLog  (12042): SensorHubAonManager: [notify] clientHandle:-5476376637414664128,isStopped:false, callback:k.g@dddbe50
10-03 02:11:54.638 D/AONLog  (12042): SensorHubAonManager: aonCallBackInfo-> serviceType:1, results:[Lvendor.oplus.hardware.camera.aon.AONResult;@a656d7a
10-03 02:11:54.638 D/AONLog  (12042): AONResultsClassify: convertToResult
10-03 02:11:54.638 D/AONLog  (12042): AONResultsClassify: have FusionResult
10-03 02:11:54.638 D/AONLog  (12042): sensorhub_engine: engineSwitchOn = true runningCmds.size()=1 stopRunningCmds.size()=0
10-03 02:11:54.639 D/AONLog  (12042): OSensorHubResultProcess: transform inParams：com.aon.service.aonsensorhublib.p@ae6f92b
10-03 02:11:54.639 D/AONLog  (12042): OSensorHubResultProcess: transform fusionResult getDataCount：0 rotateAngle = 90
10-03 02:11:54.639 I/AONLog  (12042): i: detect->faces num = 0, gesture num = 0
10-03 02:11:54.639 I/ChiX    ( 1909): [oplusAON:ProcessAONServiceEvent] AON Event notify: Success callback:0xb40000769ea6a460 for hClientHandle= 0xb40000769ea69840
10-03 02:11:54.639 I/AONLog  (12042): GAZESTATE: enter gaze detect0
10-03 02:11:54.639 I/AONLog  (12042): GAZESTATE: final gaze state:false
10-03 02:11:54.639 D/AONLog  (12042): EngineContext: clear engine Context
10-03 02:11:54.639 D/AONLog  (12042): FramePackage: clear framePackage:0
10-03 02:11:54.639 D/AONLog  (12042): EngineContext: clear human Detected List
10-03 02:11:54.639 I/AONLog  (12042): ListenerManager: type = 1  eventInfo = 65538
10-03 02:11:54.639 I/AONLog  (12042): ListenerManager: notifySpecialObserver lock. AonCmdType:393217
10-03 02:11:54.639 I/AONLog  (12042): AONAttentionService: onEventParam event:65538 callback:com.oplus.wrapper.service.attention.IAttentionService%24Stub%241%241@7534003
10-03 02:11:54.644 I/sensors-hal( 1882): handle_sns_std_sensor_event:104, oplus rgb_rear sample: (cct, lux, ir, x, y)[5200, 0, 182, 0, 0]
10-03 02:11:54.644 I/sensors-hal( 1882): handle_sns_std_sensor_event:106, oplus rgb_rear sample: (r, g, b, c w)[1, 0, 0, 0, 0]
10-03 02:11:54.658 I/com.oplus.metis( 8433): AssetManager2(0xb4000076a0a9a828) locale list changing from [] to [zh-CN]
10-03 02:11:54.659 I/cn_CronetUrlRequestContext( 7191): destroyNativeStreamLocked org.chromium.net.impl.CronetBidirectionalStream@8023751
10-03 02:11:54.660 W/AppLinksAsyncVerifierV2( 7191): Error performing check:  [CONTEXT service_id=244 ]
10-03 02:11:54.660 W/AppLinksAsyncVerifierV2( 7191): jyuf: UNAVAILABLE
10-03 02:11:54.660 W/AppLinksAsyncVerifierV2( 7191): 	at bpho.r(:com.google.android.gms@263436035@26.34.36 (260400-981326859):37)
10-03 02:11:54.660 W/AppLinksAsyncVerifierV2( 7191): 	at bpho.G(:com.google.android.gms@263436035@26.34.36 (260400-981326859):55)
10-03 02:11:54.660 W/AppLinksAsyncVerifierV2( 7191): 	at gapa.a(:com.google.android.gms@263436035@26.34.36 (260400-981326859):46)
10-03 02:11:54.660 W/AppLinksAsyncVerifierV2( 7191): 	at ganv.c(:com.google.android.gms@263436035@26.34.36 (260400-981326859):20)
10-03 02:11:54.660 W/AppLinksAsyncVerifierV2( 7191): 	at ganv.c(:com.google.android.gms@263436035@26.34.36 (260400-981326859):217)
10-03 02:11:54.660 W/AppLinksAsyncVerifierV2( 7191): 	at ganv.a(:com.google.android.gms@263436035@26.34.36 (260400-981326859):3)
10-03 02:11:54.660 W/AppLinksAsyncVerifierV2( 7191): 	at bhzn.run(:com.google.android.gms@263436035@26.34.36 (260400-981326859):5)
10-03 02:11:54.660 W/AppLinksAsyncVerifierV2( 7191): 	at bpof.d(:com.google.android.gms@263436035@26.34.36 (260400-981326859):50)
10-03 02:11:54.660 W/AppLinksAsyncVerifierV2( 7191): 	at bpof.c(:com.google.android.gms@263436035@26.34.36 (260400-981326859):6)
10-03 02:11:54.660 W/AppLinksAsyncVerifierV2( 7191): 	at bpof.run(:com.google.android.gms@263436035@26.34.36 (260400-981326859):33)
10-03 02:11:54.660 W/AppLinksAsyncVerifierV2( 7191): 	at java.util.concurrent.ThreadPoolExecutor.runWorker(ThreadPoolExecutor.java:1156)
10-03 02:11:54.660 W/AppLinksAsyncVerifierV2( 7191): 	at java.util.concurrent.ThreadPoolExecutor$Worker.run(ThreadPoolExecutor.java:651)
10-03 02:11:54.660 W/AppLinksAsyncVerifierV2( 7191): 	at bpuf.run(:com.google.android.gms@263436035@26.34.36 (260400-981326859):8)
10-03 02:11:54.660 W/AppLinksAsyncVerifierV2( 7191): 	at java.lang.Thread.run(Thread.java:1119)
10-03 02:11:54.660 W/AppLinksAsyncVerifierV2( 7191): Caused by: m1.ht: Exception in BidirectionalStream: net::ERR_NAME_NOT_RESOLVED, ErrorCode=1, InternalErrorCode=-105, Retryable=false
10-03 02:11:54.660 W/AppLinksAsyncVerifierV2( 7191): 	at org.chromium.net.impl.CronetBidirectionalStream.onError(:com.google.android.gms.dynamite_cronetdynamite@263436035@26.34.36 (260400-0):27)
10-03 02:11:54.705 D/QmiClient( 2622): qmiServiceEventCallback recv msg id 47
10-03 02:11:54.705 D/QmiClient( 2622): enter -mServiceType 10 onQmiServiceEventCallback msgId 47
10-03 02:11:54.705 D/QmiClient( 2622): onQmiServiceEventCallback - enter. msgId=47
10-03 02:11:54.706 D/OttProxy( 2622): handleMessage msg is 3001
10-03 02:11:54.707 D/SubsysRadioIndication[0]( 5280): radioLinkLatencyInfoInd
10-03 02:11:54.707 D/SubsysRadioIndication[0]( 5280): notify enter
10-03 02:11:54.707 D/NetworkService[0]( 5280): handleMessage what:1008
10-03 02:11:54.707 D/NetworkService[0]( 5280): EVENT_REG_LINK_LATENCY_INFO_CHANGE ulLatency:11527
10-03 02:11:54.709 W/AssetManager(18090): createSystemAssetsInZygoteLocked add framework idmapPath: /data/resource-cache/product@overlay@GmsConfigOverlayCommonCN@GmsConfigOverlayCommonCN.apk@idmap
10-03 02:11:54.709 W/AssetManager(18090): createSystemAssetsInZygoteLocked add framework idmapPath: /data/resource-cache/product@overlay@GmsConfigOverlayNoSafetyCenter@GmsConfigOverlayNoSafetyCenter.apk@idmap
10-03 02:11:54.710 W/AssetManager(18090): createSystemAssetsInZygoteLocked add framework idmapPath: /data/resource-cache/product@overlay@OplusConfigOverlayComms@OplusConfigOverlayComms.apk@idmap
10-03 02:11:54.710 W/AssetManager(18090): createSystemAssetsInZygoteLocked add framework idmapPath: /data/resource-cache/product@overlay@FrameworksResCommon_Sys.apk@idmap
10-03 02:11:54.710 W/AssetManager(18090): createSystemAssetsInZygoteLocked add framework idmapPath: /data/resource-cache/product@overlay@framework_res_overlay.network.23851.apk@idmap
10-03 02:11:54.710 W/AssetManager(18090): createSystemAssetsInZygoteLocked add framework idmapPath: /data/resource-cache/vendor@overlay@FrameworksResTarget_Vendor.apk@idmap
10-03 02:11:54.710 W/AssetManager(18090): createSystemAssetsInZygoteLocked add framework idmapPath: /data/resource-cache/system_ext@overlay@framework_res_overlay_Network.apk@idmap
10-03 02:11:54.710 W/AssetManager(18090): createSystemAssetsInZygoteLocked add framework idmapPath: /data/resource-cache/product@overlay@android_framework_res_overlay.display.product.23851.apk@idmap
10-03 02:11:54.710 W/AssetManager(18090): createSystemAssetsInZygoteLocked add framework idmapPath: /data/resource-cache/product@overlay@aon.frameworkres.overlay.product.apk@idmap
10-03 02:11:54.710 W/AssetManager(18090): createSystemAssetsInZygoteLocked add framework idmapPath: /data/resource-cache/system_ext@overlay@OplusFrameworkBluetoothResource.apk@idmap
10-03 02:11:54.714 E/TetherController( 1738): property_get sys.radio.data.modem_share_flag return 0, 1!
10-03 02:11:54.723 V/NetworkPolicy( 3557): updateNetworkEnabledNL() return
10-03 02:11:54.723 V/NetworkPolicy( 3557): updateNotificationsNL not process
10-03 02:11:54.718 W/TcmReceiver( 3557): type=1400 audit(0.0:126): avc:  denied  { connectto } for  path="/dev/socket/tcmd" scontext=u:r:system_server:s0 tcontext=u:r:vendor_tcmd:s0 tclass=unix_stream_socket permissive=0
10-03 02:11:54.726 V/NetworkPolicy( 3557): updateNetworkEnabledNL() return
10-03 02:11:54.726 V/NetworkPolicy( 3557): updateNotificationsNL not process
10-03 02:11:54.729 I/FuseDaemon( 7067): gc_priority_optimize fd is empty
10-03 02:11:54.729 I/FuseDaemon( 7067): open sharedFd failed with Permission denied
10-03 02:11:54.729 I/FuseDaemon( 7067): gc_priority_optimize set UX fail-1
10-03 02:11:54.730 I/FuseDaemon( 7067): gc_priority_optimize fd is empty
10-03 02:11:54.730 I/FuseDaemon( 7067): open sharedFd failed with Permission denied
10-03 02:11:54.730 I/FuseDaemon( 7067): gc_priority_optimize set UX fail-1
10-03 02:11:54.732 W/AssetManager(18090): createSystemAssetsInZygoteLocked add oplus idmapPath: /data/resource-cache/product@overlay@OplusFwkResOverlay@OplusFwkResOverlay.apk@idmap
10-03 02:11:54.732 W/AssetManager(18090): createSystemAssetsInZygoteLocked add oplus idmapPath: /data/resource-cache/product@overlay@oplus_framework_res_overlay.display.product.23851.apk@idmap
10-03 02:11:54.732 W/AssetManager(18090): createSystemAssetsInZygoteLocked add oplus idmapPath: /data/resource-cache/product@overlay@oplus_framework_res_rro_oneplus.apk@idmap
10-03 02:11:54.733 V/Configuration(18090): Updating configuration, locales updated from [] to [zh_CN]
10-03 02:11:54.734 I/app_process(18090): AssetManager2(0xb40000799b8a0128) locale list changing from [] to [zh-CN]
10-03 02:11:54.736 I/ChiX    ( 1909): [oplusAON:QSEEAON_ServiceCallback oplusSrvType:1] Receive QSEEAON Callback
10-03 02:11:54.737 I/ChiX    ( 1909): [oplusAON:ProcessAONServiceEvent] AON Event notify for hClientHandle= 0xb40000769ea69840
10-03 02:11:54.738 I/ChiX    ( 1909): [oplusAON:ClientEventCallBack] AON Event notify srvType=1, clientHandle:0xb40000769ea69840
10-03 02:11:54.738 I/ChiX    ( 1909): [oplusAON:TranslateToAonCallbackInfo  AONServiceType: 1] Translate to Service Event Info
10-03 02:11:54.738 D/ChiX    ( 1909): [oplusAON:AddFusionResult] Translate to fuison Event Info
10-03 02:11:54.738 D/ChiX    ( 1909): [oplusAON:AddFusionResult] fusion:rotation_angle = 90.000000
10-03 02:11:54.738 D/ChiX    ( 1909): [oplusAON] fusion->count:0
10-03 02:11:54.738 D/ChiX    ( 1909): fusion->itemLength:20
10-03 02:11:54.738 D/AONLog  (12042): SensorHubAonManager: [notify] clientHandle:-5476376637414664128,isStopped:false, callback:k.g@dddbe50
10-03 02:11:54.738 D/AONLog  (12042): SensorHubAonManager: aonCallBackInfo-> serviceType:1, results:[Lvendor.oplus.hardware.camera.aon.AONResult;@6856188
10-03 02:11:54.738 D/AONLog  (12042): AONResultsClassify: convertToResult
10-03 02:11:54.738 D/AONLog  (12042): AONResultsClassify: have FusionResult
10-03 02:11:54.738 D/AONLog  (12042): sensorhub_engine: engineSwitchOn = true runningCmds.size()=1 stopRunningCmds.size()=0
10-03 02:11:54.738 D/AndroidRuntime(18090): Shutting down VM
10-03 02:11:54.738 D/AONLog  (12042): OSensorHubResultProcess: transform inParams：com.aon.service.aonsensorhublib.p@1b22721
10-03 02:11:54.738 D/AONLog  (12042): OSensorHubResultProcess: transform fusionResult getDataCount：0 rotateAngle = 90
10-03 02:11:54.738 I/AONLog  (12042): i: detect->faces num = 0, gesture num = 0
10-03 02:11:54.738 I/AONLog  (12042): GAZESTATE: enter gaze detect0
10-03 02:11:54.738 I/AONLog  (12042): GAZESTATE: final gaze state:false
10-03 02:11:54.738 I/AONLog  (12042): ListenerManager: type = 1  eventInfo = 65538
10-03 02:11:54.738 D/AONLog  (12042): EngineContext: clear engine Context
10-03 02:11:54.738 I/AONLog  (12042): ListenerManager: notifySpecialObserver lock. AonCmdType:393217
10-03 02:11:54.738 D/AONLog  (12042): FramePackage: clear framePackage:0
10-03 02:11:54.738 D/AONLog  (12042): EngineContext: clear human Detected List
10-03 02:11:54.738 I/AONLog  (12042): AONAttentionService: onEventParam event:65538 callback:com.oplus.wrapper.service.attention.IAttentionService%24Stub%241%241@7534003
10-03 02:11:54.739 W/IPCThreadState(18090): call to talkWithDriver in joinThreadPool returned error: -9 (Bad file descriptor), FD: -1
10-03 02:11:54.739 W/IPCThreadState(18090): call to talkWithDriver in joinThreadPool returned error: -9 (Bad file descriptor), FD: -1
10-03 02:11:54.739 W/IPCThreadState(18090): call to talkWithDriver in joinThreadPool returned error: -9 (Bad file descriptor), FD: -1
10-03 02:11:54.740 I/FuseDaemon( 7067): gc_priority_optimize fd is empty
10-03 02:11:54.740 I/FuseDaemon( 7067): open sharedFd failed with Permission denied
10-03 02:11:54.740 I/FuseDaemon( 7067): gc_priority_optimize set UX fail-1
10-03 02:11:54.740 I/FuseDaemon( 7067): gc_priority_optimize fd is empty
10-03 02:11:54.740 I/FuseDaemon( 7067): open sharedFd failed with Permission denied
10-03 02:11:54.740 I/FuseDaemon( 7067): gc_priority_optimize set UX fail-1
10-03 02:11:54.743 I/FuseDaemon( 7067): gc_priority_optimize fd is empty
10-03 02:11:54.743 I/FuseDaemon( 7067): open sharedFd failed with Permission denied
10-03 02:11:54.743 I/FuseDaemon( 7067): gc_priority_optimize set UX fail-1
10-03 02:11:54.743 I/FuseDaemon( 7067): gc_priority_optimize fd is empty
10-03 02:11:54.743 I/FuseDaemon( 7067): open sharedFd failed with Permission denied
10-03 02:11:54.743 I/FuseDaemon( 7067): gc_priority_optimize set UX fail-1
10-03 02:11:54.745 I/ChiX    ( 1909): [oplusAON:ProcessAONServiceEvent] AON Event notify: Success callback:0xb40000769ea6a460 for hClientHandle= 0xb40000769ea69840
10-03 02:11:54.746 I/FuseDaemon( 7067): gc_priority_optimize fd is empty
10-03 02:11:54.746 I/FuseDaemon( 7067): open sharedFd failed with Permission denied
10-03 02:11:54.746 I/FuseDaemon( 7067): gc_priority_optimize set UX fail-1
10-03 02:11:54.747 V/MonthTrafficAlert( 5216): getWarningNotification subId:1 numWarningNotificaion:2
10-03 02:11:54.747 I/FuseDaemon( 7067): gc_priority_optimize fd is empty
10-03 02:11:54.747 I/FuseDaemon( 7067): open sharedFd failed with Permission denied
10-03 02:11:54.747 I/FuseDaemon( 7067): gc_priority_optimize set UX fail-1
10-03 02:11:54.760 E/PTC.DEVICEMGR.DeviceInfoCollectUtil( 7413): getNetworkStatus except!;getDataNetworkTypeForSubscriber
10-03 02:11:54.762 D/AudioManager( 7413): isBluetoothScoOn()=false, calling application:com.heytap.accessory
10-03 02:11:54.763 I/SettingImpl( 7413): isMarketModeToggleChecked=0
10-03 02:11:54.763 E/discovery::sdp::lan::..( 7413): SDP: get_virtual_gateway_ip error: processor is None
10-03 02:11:54.764 E/connection::usb::exte..( 7413): usb host ip is None
10-03 02:11:54.764 I/PTC.DISC.UsbTunnelAdapter( 7413): getRemoteTunnelInterfaces: hostIp=127.0.0.1, isIpValid=true
10-03 02:11:54.764 I/com.oplus.metis( 8433): AssetManager2(0xb4000076a0a9ab28) locale list changing from [] to [zh-CN]
10-03 02:11:54.772 V/MonthTrafficAlert( 5216): getWarningNotification subId:2 numWarningNotificaion:0
10-03 02:11:54.772 E/PTC.DEVICEMGR.DeviceInfoCollectUtil( 7413): getNetworkStatus except!;getDataNetworkTypeForSubscriber
10-03 02:11:54.776 D/AudioManager( 7413): isBluetoothScoOn()=false, calling application:com.heytap.accessory
10-03 02:11:54.808 I/sensors-hal( 1882): handle_oplus_wise_rgb_event:160, wise_rgb:(712)(cct,lux,ir)[5668.16, 47.71, 0.000000](rgbc)[1679.08, 1274.29, 656.51, 3546.47](pwm,hbm,brl,algo)[0.0 0.0 1053.0 2.0],flag 140
10-03 02:11:54.808 I/sensors-hal( 1882): handle_oplus_wise_rgb_event:189, high_pwm_light:lux 47.7,cct 5668.2,brl/algo/ir 1053.0/2.0/0.0,pwm/dc 0.0/0.0,rgbc 1666.864014/1280.109985/668.783630/3578.130615,ts 59277599053,cnt 710,flag 140
10-03 02:11:54.809 I/SDM     ( 1951): DisplayBase::CommitThread: Received idle timeout, panel: cmd, timeout: 70000 us
10-03 02:11:54.834 I/ChiX    ( 1909): [oplusAON:QSEEAON_ServiceCallback oplusSrvType:1] Receive QSEEAON Callback
10-03 02:11:54.834 I/ChiX    ( 1909): [oplusAON:ProcessAONServiceEvent] AON Event notify for hClientHandle= 0xb40000769ea69840
10-03 02:11:54.834 I/ChiX    ( 1909): [oplusAON:ClientEventCallBack] AON Event notify srvType=1, clientHandle:0xb40000769ea69840
10-03 02:11:54.834 I/ChiX    ( 1909): [oplusAON:TranslateToAonCallbackInfo  AONServiceType: 1] Translate to Service Event Info
10-03 02:11:54.834 D/IMApp-100-10395( 5280): transport layer data is invalid
10-03 02:11:54.834 D/ChiX    ( 1909): [oplusAON:AddFusionResult] Translate to fuison Event Info
10-03 02:11:54.834 D/ChiX    ( 1909): [oplusAON:AddFusionResult] fusion:rotation_angle = 90.000000
10-03 02:11:54.834 D/ChiX    ( 1909): [oplusAON] fusion->count:0
10-03 02:11:54.835 D/ChiX    ( 1909): fusion->itemLength:20
10-03 02:11:54.835 D/AONLog  (12042): SensorHubAonManager: [notify] clientHandle:-5476376637414664128,isStopped:false, callback:k.g@dddbe50
10-03 02:11:54.835 D/AONLog  (12042): SensorHubAonManager: aonCallBackInfo-> serviceType:1, results:[Lvendor.oplus.hardware.camera.aon.AONResult;@54ce746
10-03 02:11:54.835 D/AONLog  (12042): AONResultsClassify: convertToResult
10-03 02:11:54.835 D/AONLog  (12042): AONResultsClassify: have FusionResult
10-03 02:11:54.835 D/AONLog  (12042): sensorhub_engine: engineSwitchOn = true runningCmds.size()=1 stopRunningCmds.size()=0
10-03 02:11:54.835 D/IMApp-104-10395( 5280): commonScoreStrategy scenarios 1
10-03 02:11:54.835 D/IMApp-104-10395( 5280): notifyScoreChange appScene COMMON score 100
10-03 02:11:54.836 I/ChiX    ( 1909): [oplusAON:ProcessAONServiceEvent] AON Event notify: Success callback:0xb40000769ea6a460 for hClientHandle= 0xb40000769ea69840
10-03 02:11:54.836 D/ScorePolicy( 5280): handleScoreChanged: []
10-03 02:11:54.836 D/ScorePolicy( 5280): handleScoreChanged: []
10-03 02:11:54.836 D/AONLog  (12042): OSensorHubResultProcess: transform inParams：com.aon.service.aonsensorhublib.p@659fd07
10-03 02:11:54.836 D/ScorePolicy( 5280): handleScoreChanged: []
10-03 02:11:54.836 D/AONLog  (12042): OSensorHubResultProcess: transform fusionResult getDataCount：0 rotateAngle = 90
10-03 02:11:54.836 I/AONLog  (12042): i: detect->faces num = 0, gesture num = 0
10-03 02:11:54.836 I/AONLog  (12042): GAZESTATE: enter gaze detect0
10-03 02:11:54.837 I/AONLog  (12042): GAZESTATE: final gaze state:false
10-03 02:11:54.837 D/AONLog  (12042): EngineContext: clear engine Context
10-03 02:11:54.837 D/AONLog  (12042): FramePackage: clear framePackage:0
10-03 02:11:54.837 D/AONLog  (12042): EngineContext: clear human Detected List
10-03 02:11:54.837 I/AONLog  (12042): ListenerManager: type = 1  eventInfo = 65538
10-03 02:11:54.838 I/AONLog  (12042): ListenerManager: notifySpecialObserver lock. AonCmdType:393217
10-03 02:11:54.838 I/AONLog  (12042): AONAttentionService: onEventParam event:65538 callback:com.oplus.wrapper.service.attention.IAttentionService%24Stub%241%241@7534003
10-03 02:11:54.860 W/Battery ( 6179): ThermalControllHandler: MSG_THERMAL_CONTROL_CATEGORY_PROTECT_PERIOD quit.
10-03 02:11:54.861 W/Battery ( 6179): ThermalControllerCenter: mSafetyState=10000,  mSafetyTestConfigList=01111,10111,11011,11101,11110,00111,01011,01101,01110,10011,10101,10110,11001,11010,11100,11111
10-03 02:11:54.862 W/Battery ( 6179): ThermalControllHandler: tempLevel=[5],userMode=2,gameUserMode=-1,appType=7,envTempType=0,appStates=[],appSwitchSafetyMode=false,split=[],float=[],full=[com.tencent.mm], tempGear=[5],configItemName=category_7
10-03 02:11:54.862 W/Battery ( 6179): ThermalControllerCenter: startCollingMethods,thermalPolicy=Policy info
10-03 02:11:54.862 W/Battery ( 6179): {
10-03 02:11:54.862 W/Battery ( 6179):  categoryName: com.tencent.mm
10-03 02:11:54.862 W/Battery ( 6179):  configItemName: gear_config 
10-03 02:11:54.862 W/Battery ( 6179):  gearVal:[5], cpuVal:2, gpuVal:-1, restrictVal:0, brightnessVal:12, chargeVal:5, modemVal:0, disFlashVal:0, stopCameraVideoVal:0, cameraBrightnessVal:0, disCameraVal:0, disWifiHotSpotVal:0, disTorchVal:0, disFrameInsertVal:-2, fpsVal:0, refreshRateVal:0, cpuPowerVal:3376, disVideoSRVal:0, thermalSerious:-2, speedChargeAdd:1, ipaweight:-1, boostBreak1:20, boostBreak2:10, heatoffPolicy:0, freezer:0 
10-03 02:11:54.862 W/Battery ( 6179): } 
10-03 02:11:54.862 W/Battery ( 6179): ThermalControlUtils: not set the same modem=0
10-03 02:11:54.862 D/OplusBatteryServiceFeature( 3557): setSmartCoolDown: coolDown = 5, normalCoolDown = 5, pkgName = com.tencent.mm
10-03 02:11:54.862 D/vendor.oplus.hardware.charger-V9-service( 2045): set cooldown:5,  normalCoolDown:5
10-03 02:11:54.863 W/Battery ( 6179): ThermalControlUtils: not set the same wifi=0
10-03 02:11:54.864 I/[UAH_CLIENT]( 6179): uahRuleCtl, ruleId:4, status:1
10-03 02:11:54.865 W/Battery ( 6179): ThermalControllHandler: MSG_THERMAL_CONTROL_TRACEINFO_UPLOAD. isTraceMonitorOn:false, hasTraceAidl:false
10-03 02:11:54.865 W/Battery ( 6179): ThermalControllHandler: ZoomWindowsInfo=[],PipWindowsInfo=[],AppFloatingWindowsInfo=[]
10-03 02:11:54.867 I/com.oplus.metis( 8433): AssetManager2(0xb4000076a0a9ae28) locale list changing from [] to [zh-CN]
10-03 02:11:54.876 E/midasd  ( 6742): getTotalFlipsFromSf mCurFrameCount: 2794
10-03 02:11:54.885 D/IHansComunication( 9565): HANS sendMessageToKernel: threadId = 546370079808, netLinkSetup = 1, type = FROZEN_TRANS, targetUid = 10399, pkgCmd = PKG_CMD_MAX
10-03 02:11:54.934 I/ChiX    ( 1909): [oplusAON:QSEEAON_ServiceCallback oplusSrvType:1] Receive QSEEAON Callback
10-03 02:11:54.934 I/ChiX    ( 1909): [oplusAON:ProcessAONServiceEvent] AON Event notify for hClientHandle= 0xb40000769ea69840
10-03 02:11:54.934 I/ChiX    ( 1909): [oplusAON:ClientEventCallBack] AON Event notify srvType=1, clientHandle:0xb40000769ea69840
10-03 02:11:54.934 I/ChiX    ( 1909): [oplusAON:TranslateToAonCallbackInfo  AONServiceType: 1] Translate to Service Event Info
10-03 02:11:54.934 D/ChiX    ( 1909): [oplusAON:AddFusionResult] Translate to fuison Event Info
10-03 02:11:54.934 D/ChiX    ( 1909): [oplusAON:AddFusionResult] fusion:rotation_angle = 90.000000
10-03 02:11:54.934 D/ChiX    ( 1909): [oplusAON] fusion->count:0
10-03 02:11:54.934 D/ChiX    ( 1909): fusion->itemLength:20
10-03 02:11:54.935 D/AONLog  (12042): SensorHubAonManager: [notify] clientHandle:-5476376637414664128,isStopped:false, callback:k.g@dddbe50
10-03 02:11:54.935 D/AONLog  (12042): SensorHubAonManager: aonCallBackInfo-> serviceType:1, results:[Lvendor.oplus.hardware.camera.aon.AONResult;@9d30e34
10-03 02:11:54.935 D/AONLog  (12042): AONResultsClassify: convertToResult
10-03 02:11:54.935 D/AONLog  (12042): AONResultsClassify: have FusionResult
10-03 02:11:54.935 D/AONLog  (12042): sensorhub_engine: engineSwitchOn = true runningCmds.size()=1 stopRunningCmds.size()=0
10-03 02:11:54.935 D/AONLog  (12042): OSensorHubResultProcess: transform inParams：com.aon.service.aonsensorhublib.p@d69145d
10-03 02:11:54.935 I/ChiX    ( 1909): [oplusAON:ProcessAONServiceEvent] AON Event notify: Success callback:0xb40000769ea6a460 for hClientHandle= 0xb40000769ea69840
10-03 02:11:54.935 D/AONLog  (12042): OSensorHubResultProcess: transform fusionResult getDataCount：0 rotateAngle = 90
10-03 02:11:54.935 I/AONLog  (12042): i: detect->faces num = 0, gesture num = 0
10-03 02:11:54.935 I/AONLog  (12042): GAZESTATE: enter gaze detect0
10-03 02:11:54.935 I/AONLog  (12042): GAZESTATE: final gaze state:false
10-03 02:11:54.935 D/AONLog  (12042): EngineContext: clear engine Context
10-03 02:11:54.936 D/AONLog  (12042): FramePackage: clear framePackage:0
10-03 02:11:54.936 D/AONLog  (12042): EngineContext: clear human Detected List
10-03 02:11:54.937 I/AONLog  (12042): ListenerManager: type = 1  eventInfo = 65538
10-03 02:11:54.937 I/AONLog  (12042): ListenerManager: notifySpecialObserver lock. AonCmdType:393217
10-03 02:11:54.937 I/AONLog  (12042): AONAttentionService: onEventParam event:65538 callback:com.oplus.wrapper.service.attention.IAttentionService%24Stub%241%241@7534003
10-03 02:11:54.950 D/SensorFeature( 2024): name=ssc_screenshot_info ,index = 22
10-03 02:11:54.950 D/SensorFeature( 2024): write 29 bytes:59581917370,59632523099,141,0
10-03 02:11:54.950 I/SDM     ( 1951): DisplayBase::CommitThread: Received idle timeout, panel: cmd, timeout: 70000 us
10-03 02:11:55.039 I/ChiX    ( 1909): [oplusAON:QSEEAON_ServiceCallback oplusSrvType:1] Receive QSEEAON Callback
10-03 02:11:55.039 I/ChiX    ( 1909): [oplusAON:ProcessAONServiceEvent] AON Event notify for hClientHandle= 0xb40000769ea69840
10-03 02:11:55.039 I/ChiX    ( 1909): [oplusAON:ClientEventCallBack] AON Event notify srvType=1, clientHandle:0xb40000769ea69840
10-03 02:11:55.039 I/ChiX    ( 1909): [oplusAON:TranslateToAonCallbackInfo  AONServiceType: 1] Translate to Service Event Info
10-03 02:11:55.040 D/ChiX    ( 1909): [oplusAON:AddFusionResult] Translate to fuison Event Info
10-03 02:11:55.040 D/ChiX    ( 1909): [oplusAON:AddFusionResult] fusion:rotation_angle = 90.000000
10-03 02:11:55.040 D/ChiX    ( 1909): [oplusAON] fusion->count:0
10-03 02:11:55.040 D/ChiX    ( 1909): fusion->itemLength:20
10-03 02:11:55.041 D/AONLog  (12042): SensorHubAonManager: [notify] clientHandle:-5476376637414664128,isStopped:false, callback:k.g@dddbe50
10-03 02:11:55.041 D/AONLog  (12042): SensorHubAonManager: aonCallBackInfo-> serviceType:1, results:[Lvendor.oplus.hardware.camera.aon.AONResult;@6e031d2
10-03 02:11:55.042 D/AONLog  (12042): AONResultsClassify: convertToResult
10-03 02:11:55.042 D/AONLog  (12042): AONResultsClassify: have FusionResult
10-03 02:11:55.042 D/AONLog  (12042): sensorhub_engine: engineSwitchOn = true runningCmds.size()=1 stopRunningCmds.size()=0
10-03 02:11:55.043 D/AONLog  (12042): OSensorHubResultProcess: transform inParams：com.aon.service.aonsensorhublib.p@70f62a3
10-03 02:11:55.043 D/AONLog  (12042): OSensorHubResultProcess: transform fusionResult getDataCount：0 rotateAngle = 90
10-03 02:11:55.043 I/AONLog  (12042): i: detect->faces num = 0, gesture num = 0
10-03 02:11:55.043 I/AONLog  (12042): GAZESTATE: enter gaze detect0
10-03 02:11:55.044 I/AONLog  (12042): GAZESTATE: final gaze state:false
10-03 02:11:55.044 D/AONLog  (12042): EngineContext: clear engine Context
10-03 02:11:55.044 D/AONLog  (12042): FramePackage: clear framePackage:0
10-03 02:11:55.044 D/AONLog  (12042): EngineContext: clear human Detected List
10-03 02:11:55.044 I/ChiX    ( 1909): [oplusAON:ProcessAONServiceEvent] AON Event notify: Success callback:0xb40000769ea6a460 for hClientHandle= 0xb40000769ea69840
10-03 02:11:55.045 I/AONLog  (12042): ListenerManager: type = 1  eventInfo = 65538
10-03 02:11:55.045 I/AONLog  (12042): ListenerManager: notifySpecialObserver lock. AonCmdType:393217
10-03 02:11:55.046 I/AONLog  (12042): AONAttentionService: onEventParam event:65538 callback:com.oplus.wrapper.service.attention.IAttentionService%24Stub%241%241@7534003
10-03 02:11:55.051 D/ActivityManager( 3557): Freezer deadlock watchdog
10-03 02:11:55.072 I/FuseDaemon( 7067): gc_priority_optimize fd is empty
10-03 02:11:55.072 I/FuseDaemon( 7067): open sharedFd failed with Permission denied
10-03 02:11:55.072 I/FuseDaemon( 7067): gc_priority_optimize set UX fail-1
10-03 02:11:55.072 I/FuseDaemon( 7067): gc_priority_optimize fd is empty
10-03 02:11:55.072 I/FuseDaemon( 7067): open sharedFd failed with Permission denied
10-03 02:11:55.072 I/FuseDaemon( 7067): gc_priority_optimize set UX fail-1
10-03 02:11:55.072 I/com.oplus.metis( 8433): AssetManager2(0xb4000076a0a9b128) locale list changing from [] to [zh-CN]
10-03 02:11:55.074 I/sensors-hal( 1882): handle_oplus_wise_rgb_event:160, wise_rgb:(717)(cct,lux,ir)[5875.17, 47.63, 0.000000](rgbc)[1685.18, 1280.11, 681.05, 3609.80](pwm,hbm,brl,algo)[0.0 0.0 1053.0 2.0],flag 141
10-03 02:11:55.074 D/FusionLightNextGen( 3557): process end reported = 1, mode: 0, cnt: 155, lux 16.2, cct 5300.0, r/g/b/c: 1679.1/1285.9/662.6/3590.8, R/G/B: 123.0/113.0/94.0, bri 1053.0, match 1.00, ir 0.000000, conf 2.0, ts 59618946397
10-03 02:11:55.083 I/FuseDaemon( 7067): gc_priority_optimize fd is empty
10-03 02:11:55.083 I/FuseDaemon( 7067): open sharedFd failed with Permission denied
10-03 02:11:55.083 I/FuseDaemon( 7067): gc_priority_optimize set UX fail-1
10-03 02:11:55.083 I/FuseDaemon( 7067): gc_priority_optimize fd is empty
10-03 02:11:55.084 I/FuseDaemon( 7067): open sharedFd failed with Permission denied
10-03 02:11:55.084 I/FuseDaemon( 7067): gc_priority_optimize set UX fail-1
10-03 02:11:55.084 V/SystemSensorManagerExtImpl(14620): unRegisterListener by com.google.ccc.abuse.droidguard.events.b@86eb9e7
10-03 02:11:55.084 V/SystemSensorManagerExtImpl(14620): unRegisterListener by com.google.ccc.abuse.droidguard.events.b@373b994
10-03 02:11:55.087 I/FuseDaemon( 7067): gc_priority_optimize fd is empty
10-03 02:11:55.087 I/FuseDaemon( 7067): open sharedFd failed with Permission denied
10-03 02:11:55.087 I/FuseDaemon( 7067): gc_priority_optimize set UX fail-1
10-03 02:11:55.087 I/FuseDaemon( 7067): gc_priority_optimize fd is empty
10-03 02:11:55.087 I/FuseDaemon( 7067): open sharedFd failed with Permission denied
10-03 02:11:55.087 I/FuseDaemon( 7067): gc_priority_optimize set UX fail-1
10-03 02:11:55.090 I/FuseDaemon( 7067): gc_priority_optimize fd is empty
10-03 02:11:55.090 I/FuseDaemon( 7067): open sharedFd failed with Permission denied
10-03 02:11:55.090 I/FuseDaemon( 7067): gc_priority_optimize set UX fail-1
10-03 02:11:55.090 I/FuseDaemon( 7067): gc_priority_optimize fd is empty
10-03 02:11:55.090 I/FuseDaemon( 7067): open sharedFd failed with Permission denied
10-03 02:11:55.090 I/FuseDaemon( 7067): gc_priority_optimize set UX fail-1
10-03 02:11:55.134 I/ChiX    ( 1909): [oplusAON:QSEEAON_ServiceCallback oplusSrvType:1] Receive QSEEAON Callback
10-03 02:11:55.135 I/ChiX    ( 1909): [oplusAON:ProcessAONServiceEvent] AON Event notify for hClientHandle= 0xb40000769ea69840
10-03 02:11:55.135 I/ChiX    ( 1909): [oplusAON:ClientEventCallBack] AON Event notify srvType=1, clientHandle:0xb40000769ea69840
10-03 02:11:55.136 I/ChiX    ( 1909): [oplusAON:TranslateToAonCallbackInfo  AONServiceType: 1] Translate to Service Event Info
10-03 02:11:55.136 D/ChiX    ( 1909): [oplusAON:AddFusionResult] Translate to fuison Event Info
10-03 02:11:55.137 D/ChiX    ( 1909): [oplusAON:AddFusionResult] fusion:rotation_angle = 90.000000
10-03 02:11:55.138 D/ChiX    ( 1909): [oplusAON] fusion->count:0
10-03 02:11:55.138 D/ChiX    ( 1909): fusion->itemLength:20
10-03 02:11:55.139 D/AONLog  (12042): SensorHubAonManager: [notify] clientHandle:-5476376637414664128,isStopped:false, callback:k.g@dddbe50
10-03 02:11:55.140 D/AONLog  (12042): SensorHubAonManager: aonCallBackInfo-> serviceType:1, results:[Lvendor.oplus.hardware.camera.aon.AONResult;@eacd9a0
10-03 02:11:55.140 D/AONLog  (12042): AONResultsClassify: convertToResult
10-03 02:11:55.140 D/AONLog  (12042): AONResultsClassify: have FusionResult
10-03 02:11:55.140 D/AONLog  (12042): sensorhub_engine: engineSwitchOn = true runningCmds.size()=1 stopRunningCmds.size()=0
10-03 02:11:55.140 I/ChiX    ( 1909): [oplusAON:ProcessAONServiceEvent] AON Event notify: Success callback:0xb40000769ea6a460 for hClientHandle= 0xb40000769ea69840
10-03 02:11:55.141 D/AONLog  (12042): OSensorHubResultProcess: transform inParams：com.aon.service.aonsensorhublib.p@ba79959
10-03 02:11:55.141 D/AONLog  (12042): OSensorHubResultProcess: transform fusionResult getDataCount：0 rotateAngle = 90
10-03 02:11:55.141 I/AONLog  (12042): i: detect->faces num = 0, gesture num = 0
10-03 02:11:55.141 I/AONLog  (12042): GAZESTATE: enter gaze detect0
10-03 02:11:55.141 I/AONLog  (12042): GAZESTATE: final gaze state:false
10-03 02:11:55.141 D/AONLog  (12042): EngineContext: clear engine Context
10-03 02:11:55.141 D/AONLog  (12042): FramePackage: clear framePackage:0
10-03 02:11:55.141 D/AONLog  (12042): EngineContext: clear human Detected List
10-03 02:11:55.141 I/AONLog  (12042): ListenerManager: type = 1  eventInfo = 65538
10-03 02:11:55.141 I/AONLog  (12042): ListenerManager: notifySpecialObserver lock. AonCmdType:393217
10-03 02:11:55.141 I/AONLog  (12042): AONAttentionService: onEventParam event:65538 callback:com.oplus.wrapper.service.attention.IAttentionService%24Stub%241%241@7534003
10-03 02:11:55.158 D/QmiClient( 2622): qmiServiceEventCallback recv msg id 1099
10-03 02:11:55.158 D/QmiClient( 2622): enter -mServiceType 4 onQmiServiceEventCallback msgId 1099
10-03 02:11:55.159 D/QmiClient( 2622): onQmiServiceEventCallback - enter. msgId=1099
10-03 02:11:55.159 D/QmiVsClientEvent( 2622): QosPeriodReportInd MSG IND data_len 2052
10-03 02:11:55.159 D/QmiVsClientEvent( 2622): qmiVsClientNotifyQosPeriodReportIndEvent - RADIO_EVENT_QOS_PERIOD_REPORT_NOTIFY_IND
10-03 02:11:55.159 D/VsProxy ( 2622): handleMessage msg is 2420
10-03 02:11:55.159 D/VsProxy ( 2622): handleQosPeriodReportInd for instance 0 data_len 194
10-03 02:11:55.160 D/SubsysRadioIndication[0]( 5280): radioQosPeriodReportInd result [8, -99, -86, -30, -26, 6, 18, 21, 8, -4, -87, -30, -26, 6, 16, -117, 2, 32, -63, -93, 4, 40, -109, 2, 56, -51, 2, 72, 16, 26, 16, 8, -76, -88, -30, -26, 6, 16, -88, 2, 40, -88, 2, 56, -99, -71, 3, 34, 12, 8, -126, -108, -30, -26, 6, 16, 4, 24, 3, 32, 1, 58, 61, 8, -45, -88, -30, -26, 6, 16, 5, 24, -18, -106, 26, 32, -102, 1, 40, -92, -1, -1, -1, -1, -1, -1, -1, -1, 1, 48, -10, -1, -1, -1, -1, -1, -1, -1, -1, 1, 56, 20, 64, -92, -1, -1, -1, -1, -1, -1, -1, -1, 1, 72, -94, -1, -1, -1, -1, -1, -1, -1, -1, 1, 66, 30, 8, -120, -6, -31, -26, 6, 16, 5, 34, 20, 8, -18, -106, 26, 16, -102, 1, 24, 1, 32, 7, 40, -127, -120, -44, -48, -84, 1, 48, 1, 90, 0, 98, 10, 8, -43, -68, -32, -26, 6, 16, 3, 24, 5, 114, 0, 122, 20, 8, -128, -87, -30, -26, 6, 16, -1, -1, 1, 24, -1, -1, 1, 32, -1, -1, -1, -1, 15]
10-03 02:11:55.160 D/NetworkService[0]( 5280): handleMessage what:1005
10-03 02:11:55.162 D/RadioAtomTracker( 5280): parseQosPeriodData ModemQos:CellularQosInfo{mSubId=2, mRat=5, mArfcn=428910, mPci=154, mBand=1, mDLBW=7, mRsrp=-92, mRsrq=-10, mSnr=20, mSvcStatus=3, mULTimeStamp=-1, mULPDCPNumDataPdu=267, mULPDCPNumDropPdu=0, mULPDCPTput=70081, mULRLCNumDataPdu=275, mULRLCNumRetxPdu=0, mULGrant=333, mULBSR=0, mULBler=16, mDLTimeStamp=-1, mDLPDCPNumDataPdu=296, mDLPDCPTput=56477, mDLRLCNumDataPdu=296, mDLRLCNumRetxPdu=0, mDLRLCNumDropPdu=0, mDLMACPaddingBytes=0, mDLPdcpNumMissToUppPdu=0, mDLBler=0, mRlfCount=0, mRachWithULGrantCount=0, mCellChangeCount=0, mIsRedirectionOccur=0, mIsDualSimConflict=0, mLatency=11, mCellId=46340047873, mNr5GScs=1, mSub1RrcState=3, mSub2RrcState=1, mRachCount=0, mRachAbortCount=0, mCalcPower=32767, mMtpl=32767, mPathLoss=-1, mFbrxCount=0, mCellLoad=0}
10-03 02:11:55.163 D/NetworkService[0]( 5280): EVENT_REG_QOS_PERIOD_REPORT_IND_CHANGED ENTER
10-03 02:11:55.163 D/NetworkService[0]( 5280): EVENT_REG_QOS_PERIOD_REPORT_IND_CHANGED mLinkReport true
10-03 02:11:55.167 D/UlPriorityPred( 5216): handleMessage EVENT_MODEM_UL_BWT_CHANGE: limitFlag = 0, mNextLimit = 0
10-03 02:11:55.179 I/com.oplus.metis( 8433): AssetManager2(0xb4000076a0a9b428) locale list changing from [] to [zh-CN]
10-03 02:11:55.244 D/SensorFeature( 2024): name=ssc_screenshot_info ,index = 22
10-03 02:11:55.244 D/SensorFeature( 2024): write 29 bytes:59581917370,59926632787,142,0
10-03 02:11:55.258 D/VendorWifiService( 5280): onEvent event:9,action:1
10-03 02:11:55.260 D/ScorerUtils( 3557): isLowTraffic: txTputKBps=3, rxTputKBps=1
10-03 02:11:55.261 D/OplusNetKit( 3557): triggerNetworkDetection: iface=wlan0 detectType:lan_probe, forceReevaluate:false, source:oplusScorer
10-03 02:11:55.261 D/OplusNetKit( 3557): ignore lan probe in 4039
10-03 02:11:55.261 D/OplusWifiPower_TriggerCenter( 3557): mComponentCallback: wifistat
10-03 02:11:55.287 I/com.oplus.metis( 8433): AssetManager2(0xb4000076a0a9b728) locale list changing from [] to [zh-CN]
10-03 02:11:55.315 D/BatteryChargeControl( 2045): bcc get no support from charging protocol
10-03 02:11:55.317 D/RadioProxyJ[0]( 5280): [196]> getRRCStatus
10-03 02:11:55.318 D/RadioProxyJ[1]( 5280): [197]> getRRCStatus
10-03 02:11:55.318 I/ChiX    ( 1909): [oplusAON:QSEEAON_ServiceCallback oplusSrvType:1] Receive QSEEAON Callback
10-03 02:11:55.319 I/ChiX    ( 1909): [oplusAON:ProcessAONServiceEvent] AON Event notify for hClientHandle= 0xb40000769ea69840
10-03 02:11:55.319 D/QmiNasClient( 3375): getRRCStatus - enter
10-03 02:11:55.319 I/ChiX    ( 1909): [oplusAON:ClientEventCallBack] AON Event notify srvType=1, clientHandle:0xb40000769ea69840
10-03 02:11:55.319 I/ChiX    ( 1909): [oplusAON:TranslateToAonCallbackInfo  AONServiceType: 1] Translate to Service Event Info
10-03 02:11:55.319 D/ChiX    ( 1909): [oplusAON:AddFusionResult] Translate to fuison Event Info
10-03 02:11:55.319 D/ChiX    ( 1909): [oplusAON:AddFusionResult] fusion:rotation_angle = 90.000000
10-03 02:11:55.319 D/ChiX    ( 1909): [oplusAON] fusion->count:0
10-03 02:11:55.319 D/ChiX    ( 1909): fusion->itemLength:20
10-03 02:11:55.319 D/AONLog  (12042): SensorHubAonManager: [notify] clientHandle:-5476376637414664128,isStopped:false, callback:k.g@dddbe50
10-03 02:11:55.319 D/AONLog  (12042): SensorHubAonManager: aonCallBackInfo-> serviceType:1, results:[Lvendor.oplus.hardware.camera.aon.AONResult;@aeb991e
10-03 02:11:55.319 D/AONLog  (12042): AONResultsClassify: convertToResult
10-03 02:11:55.319 D/AONLog  (12042): AONResultsClassify: have FusionResult
10-03 02:11:55.319 D/AONLog  (12042): sensorhub_engine: engineSwitchOn = true runningCmds.size()=1 stopRunningCmds.size()=0
10-03 02:11:55.319 I/ChiX    ( 1909): [oplusAON:ProcessAONServiceEvent] AON Event notify: Success callback:0xb40000769ea6a460 for hClientHandle= 0xb40000769ea69840
10-03 02:11:55.320 D/AONLog  (12042): OSensorHubResultProcess: transform inParams：com.aon.service.aonsensorhublib.p@a2b85ff
10-03 02:11:55.320 D/AONLog  (12042): OSensorHubResultProcess: transform fusionResult getDataCount：0 rotateAngle = 90
10-03 02:11:55.320 D/QmiNasClient( 3375): getRRCStatus callback - enter
10-03 02:11:55.320 I/AONLog  (12042): i: detect->faces num = 0, gesture num = 0
10-03 02:11:55.320 D/QmiNasClient( 3375): getRRCStatus result.rsp.rrcStatusInfo.rrcStatus = 0
10-03 02:11:55.320 I/AONLog  (12042): GAZESTATE: enter gaze detect0
10-03 02:11:55.320 I/AONLog  (12042): GAZESTATE: final gaze state:false
10-03 02:11:55.320 D/AONLog  (12042): EngineContext: clear engine Context
10-03 02:11:55.320 D/AONLog  (12042): FramePackage: clear framePackage:0
10-03 02:11:55.320 D/AONLog  (12042): EngineContext: clear human Detected List
10-03 02:11:55.320 D/NasProxy( 3375): handleMessage msg is 4001
10-03 02:11:55.320 I/AONLog  (12042): ListenerManager: type = 1  eventInfo = 65538
10-03 02:11:55.320 I/AONLog  (12042): ListenerManager: notifySpecialObserver lock. AonCmdType:393217
10-03 02:11:55.321 I/AONLog  (12042): AONAttentionService: onEventParam event:65538 callback:com.oplus.wrapper.service.attention.IAttentionService%24Stub%241%241@7534003
10-03 02:11:55.321 D/RadioProxy( 3375): getRRCStatus : response cb for instance 1
10-03 02:11:55.321 D/QmiNasClient( 2622): getRRCStatus - enter
10-03 02:11:55.322 D/QmiNasClient( 2622): getRRCStatus callback - enter
10-03 02:11:55.322 D/QmiNasClient( 2622): getRRCStatus result.rsp.rrcStatusInfo.rrcStatus = 1
10-03 02:11:55.323 W/OplusStorageManagerFeature( 3557): mScreenReceiver action:android.intent.action.BATTERY_LEVEL_CHANGED
10-03 02:11:55.323 I/OplusStorageManagerFeature( 3557): TmemoryBetterySwitch: level=100 state=0
10-03 02:11:55.323 I/OplusStorageManagerFeature( 3557): TmemoryBetterySwitch: action=0 state=2
10-03 02:11:55.323 W/OplusStorageManagerFeature( 3557): Ready to deal actionParam:0
10-03 02:11:55.324 D/RadioProxyJ[1]( 5280): [197]< getRRCStatusResponse 0
10-03 02:11:55.324 D/OomAdjuster( 3557): Not killing cached processes
10-03 02:11:55.324 D/OplusWifiBroadCastDispatcher( 3557): mBroadcastReceiver: onReceiver  action=android.intent.action.BATTERY_LEVEL_CHANGED
10-03 02:11:55.325 D/NasProxy( 2622): handleMessage msg is 4001
10-03 02:11:55.325 D/RadioProxy( 2622): getRRCStatus : response cb for instance 0
10-03 02:11:55.325 D/OplusWifiPowerService( 3557): onReceive action:android.intent.action.BATTERY_LEVEL_CHANGED
10-03 02:11:55.326 D/RadioProxyJ[0]( 5280): [196]< getRRCStatusResponse 1
10-03 02:11:55.327 D/CoexRfService( 5280): report RRC state:true
10-03 02:11:55.328 D/BatteryUsageBroadcastReceiver(15734): onReceive:android.intent.action.BATTERY_LEVEL_CHANGED
10-03 02:11:55.330 D/BatteryUsageBroadcastReceiver(15734): fetch data because of event: ACTION_BATTERY_LEVEL_CHANGED
10-03 02:11:55.333 D/BatteryUsageBroadcastReceiver(15734): cancel sendBroadcastToFetchUsageData when broadcastDelay is 2339985ms.
10-03 02:11:55.340 I/sensors-hal( 1882): handle_oplus_wise_rgb_event:189, high_pwm_light:lux 47.3,cct 5644.5,brl/algo/ir 1053.0/2.0/7.1,pwm/dc 0.0/0.0,rgbc 1648.546875/1268.472656/668.783630/3559.131836,ts 59885070251,cnt 720,flag 142
10-03 02:11:55.340 I/sensors-hal( 1882): handle_oplus_wise_rgb_event:160, wise_rgb:(722)(cct,lux,ir)[5644.53, 47.28, 7.133494](rgbc)[1685.18, 1280.11, 668.78, 3559.13](pwm,hbm,brl,algo)[0.0 0.0 1053.0 2.0],flag 142
10-03 02:11:55.341 I/AICCTModule( 3557): SensorFilter: brightness threshold 1.2 screenNit is 55.034 ave enviroment lux is 16.23342 luxForNit 44.70756demarcationPoint200.0 result is true
10-03 02:11:55.370 D/RadioMessenger( 5280): handleMessage Request msgid 2220
10-03 02:11:55.370 D/QmiClient( 2622): qmiServiceEventCallback recv msg id 1085
10-03 02:11:55.370 D/QmiClient( 2622): enter -mServiceType 4 onQmiServiceEventCallback msgId 1085
10-03 02:11:55.370 D/QmiClient( 2622): onQmiServiceEventCallback - enter. msgId=1085
10-03 02:11:55.370 D/QmiVsClientEvent( 2622): qmiVsClientNotifyNecEvent - RADIO_EVENT_NEC_IND
10-03 02:11:55.370 D/RadioMessenger( 5280): handleSetSyncWithAp: -1, syncFlag: 1
10-03 02:11:55.370 D/QtiRadioService( 5280): setSyncWithAp
10-03 02:11:55.370 D/RadioProxyJ[0]( 5280): [198]> setSyncWithAp syncFlag:1
10-03 02:11:55.370 D/VsProxy ( 2622): handleMessage msg is 2403
10-03 02:11:55.370 D/VsProxy ( 2622): handleNecInd for instance 0
10-03 02:11:55.370 D/RadioService( 2622): setSyncWithAp with instance 0
10-03 02:11:55.370 D/VendorService( 2622): VendorService::setSyncWithAp
10-03 02:11:55.370 D/QmiVsClient( 2622): setSyncWithAp - enter
10-03 02:11:55.370 E/QmiVsClient( 2622): sendAsyncRequest QMI_VS_SET_SYNC_WITH_AP_REQ_MSG_V01 ret 0
10-03 02:11:55.371 D/VsProxy ( 2622): handleMessage msg is 4001
10-03 02:11:55.371 D/RadioProxy( 2622): setSyncWithAp : response cb for instance 0
10-03 02:11:55.371 D/SubsysRadioIndication[0]( 5280): radioNecInd 
10-03 02:11:55.371 D/RadioServiceResponse( 2622): RadioServiceResponse::setSyncWithApResponse
10-03 02:11:55.371 D/ModemChannel( 5280): handleMessage what:102
10-03 02:11:55.371 D/ModemChannel( 5280): handleNecEvent
10-03 02:11:55.372 I/ModemAci( 5219): [ModemActivityInfo] [LO, DA]:{ stamp=60055 duration=6 sleepTMs=0 idleTMs=0 rxTMs=6025 5gRxTMs=0 txTMs=[0, 0, 0, 0, 0, 0, 0, 0] 5gTxTMs=[0, 0, 1, 3, 39, 15, 3, 20] rrc10sC[]=[0, 0] rrc20sC[]=[0, 0] rrcMore20sC[]=[0, 0] rrcC[]=[0, 0] rrcT[]=[0, 0] saRrc10sC[]=[0, 0] saRrc20sC[]=[0, 0] saRrcMore20sC[]=[0, 0] saRrcC[]=[0, 0] saRrcT[]=[6, 0] endcActT[]=[0, 0] wifiRrcT[]=[6, 0] csChgC[]=[0, 0] psChgC[]=[0, 0] iRatC[]=[0, 0] cellUpdC[]=[0, 0] handOverC[]=[0, 0] nwSrchC[]=[0, 0] nwSrchT[]=[0, 0] psRegT[]=[6, 6] csRegT[]=[6, 6] psNoRegT[]=[0, 0] csNoRegT[]=[0, 0] sigGrid0T[]=[0, 0] gpsTMs=3 wlanTMs=0 sim15gTxTMs[]=[0, 0, 1, 3, 38, 13, 3, 19] sim25gTxTMs[]=[0, 0, 0, 0, 1, 2, 0, 1] techTMs[]=[0, 0, 0, 0, 0, 0, 0, 0, 6025] saActT[]=[6, 0] lteHoC[]=[0, 0] saHoC[]=[0, 0]}
10-03 02:11:55.372 D/TelephonyManager( 5186): requestModemActivityInfo: Sending result to app: ModemActivityInfo{ mTimestamp=60055 mSleepTimeMs=4337 mIdleTimeMs=497 mActivityStatsTechSpecificInfo=[{mRat=UNKNOWN,mFrequencyRange=UNKNOWN,mTxTimeMs[]=[0, 0, 0, 0, 0],mRxTimeMs=28299}]}
10-03 02:11:55.373 D/SubsysRadioResponse( 5280): setSyncWithApResponse info.error = 0
10-03 02:11:55.373 D/RadioProxyJ[0]( 5280): [198]< setSyncWithApResponse 
10-03 02:11:55.374 D/MessengerResponseHandler( 5280): handleMessage Response msgid 210
10-03 02:11:55.375 I/midasd  ( 6742): OplusObrainService::notifyEventString eventId:11 strParam:{"5gRxTimeMs":0,"5gTxTimeMs":[],"idleTimeMs":0,"lteRrcC":[0,0],"lteRrcT":[0,0],"nrRrcC":[0,0],"nrRrcT":[6,0],"rxTimeMs":6025,"sleepTimeMs":0,"timestamp":1790964715372,"txTimeMs":[0,0,0,0,0,0,0,0]}
10-03 02:11:55.375 I/OplusObrain( 9283): OplusObrainClientInvoke.nativeGetTelephonyInfo
10-03 02:11:55.375 E/AMC     ( 5216): [nwsrcht] failed to match threshold due to invalid du:1200000 value du:27000 gap:0
10-03 02:11:55.375 E/AMC     ( 5216): [P-ooslimited_deep/0] execute failed in triggers[0]:[nwsrcht:0][nwsrcht:0]
10-03 02:11:55.375 E/AMC     ( 5216): [nwsrcht] failed to match threshold due to invalid du:1200000 value du:27000 gap:0
10-03 02:11:55.375 E/AMC     ( 5216): [P-ooslimited_deep/1] execute failed in triggers[0]:[nwsrcht:0][nwsrcht:0]
10-03 02:11:55.376 E/AMC     ( 5216): [sleept] failed to match threshold due to invalid du:1800000 value du:27000 gap:0
10-03 02:11:55.376 E/AMC     ( 5216): [P-mpss_reset/0] execute failed in triggers[0]:[sleept:0][sleept:3]
10-03 02:11:55.376 E/AMC     ( 5216): [sleept] failed to match threshold due to invalid du:1800000 value du:27000 gap:0
10-03 02:11:55.376 I/OplusObrain( 9283): OplusObrainClientInvoke.nativeGetTrafficTypeInfoForNetworkType networkType 0
10-03 02:11:55.376 E/AMC     ( 5216): [P-mpss_reset/1] execute failed in triggers[0]:[sleept:0][sleept:3]
10-03 02:11:55.376 D/KernelStatsHelper( 3557): getKernelStats start!
10-03 02:11:55.376 E/AMC     ( 5216): [sleept] failed to match threshold due to invalid du:1800000 value du:27000 gap:0
10-03 02:11:55.376 E/AMC     ( 5216): [P-pidnetdisable_recovery] execute failed in triggers[0]:[sleept:0][sleept:3, pidnetdisable:null]
10-03 02:11:55.376 E/AMC     ( 5216): [sleept] failed to match threshold due to invalid du:900000 value du:27000 gap:1
10-03 02:11:55.376 E/AMC     ( 5216): [P-standby_5gbackoff/0] execute failed in triggers[0]:[sleept:0][inactive:null, sleept:3]
10-03 02:11:55.376 D/OplusNetlinkSocket( 3557): handleNetlinkRecvKernelMessage:nlmsghdr:StructNlMsgHdr{ nlmsg_len{2484}, nlmsg_type{38()}, nlmsg_flags{0()}, nlmsg_seq{0}, nlmsg_pid{233116307} }
10-03 02:11:55.376 D/KernelStatsHelper( 3557): get magic :[-1, -1, -1, 77, 65, 71, 73, 67]
10-03 02:11:55.376 E/AMC     ( 5216): [sleept] failed to match threshold due to invalid du:900000 value du:27000 gap:1
10-03 02:11:55.376 D/KernelStatsHelper( 3557): magic matched count:47 data_len:2444
10-03 02:11:55.376 D/KernelStatsHelper( 3557): data over! check: true
10-03 02:11:55.376 E/AMC     ( 5216): [P-standby_5gbackoff/1] execute failed in triggers[0]:[sleept:0][inactive:null, sleept:3]
10-03 02:11:55.378 D/OplusGameImsReg( 5216): receive handle Message:MSG_NEC_DATA_IND_SIM1
10-03 02:11:55.378 D/SubsysCallManager( 5216): handleMessage what:102
10-03 02:11:55.379 D/SubsysCallManager( 5216): parseMdmInfoData len:392
10-03 02:11:55.379 D/SubsysCallManager( 5216): onMdmEvent moduleId:6,eventId:4
10-03 02:11:55.379 D/ModemDataAnalysis( 5216): phoneId = 0, moduleId = 6, onEvent...4, version = 0, size:380
10-03 02:11:55.393 I/com.oplus.metis( 8433): AssetManager2(0xb4000076a0a9ba28) locale list changing from [] to [zh-CN]
10-03 02:11:55.403 I/MMKV    ( 5376): <MMKV_IO.cpp:456::writeActualSize> [mmkv.default] increase sequence to 618167, crc 1715317694, actualSize 609
10-03 02:11:55.418 I/ChiX    ( 1909): [oplusAON:QSEEAON_ServiceCallback oplusSrvType:1] Receive QSEEAON Callback
10-03 02:11:55.418 I/ChiX    ( 1909): [oplusAON:ProcessAONServiceEvent] AON Event notify for hClientHandle= 0xb40000769ea69840
10-03 02:11:55.418 I/ChiX    ( 1909): [oplusAON:ClientEventCallBack] AON Event notify srvType=1, clientHandle:0xb40000769ea69840
10-03 02:11:55.418 I/ChiX    ( 1909): [oplusAON:TranslateToAonCallbackInfo  AONServiceType: 1] Translate to Service Event Info
10-03 02:11:55.418 D/ChiX    ( 1909): [oplusAON:AddFusionResult] Translate to fuison Event Info
10-03 02:11:55.418 D/ChiX    ( 1909): [oplusAON:AddFusionResult] fusion:rotation_angle = 90.000000
10-03 02:11:55.418 D/ChiX    ( 1909): [oplusAON] fusion->count:0
10-03 02:11:55.418 D/ChiX    ( 1909): fusion->itemLength:20
10-03 02:11:55.419 D/AONLog  (12042): SensorHubAonManager: [notify] clientHandle:-5476376637414664128,isStopped:false, callback:k.g@dddbe50
10-03 02:11:55.419 D/AONLog  (12042): SensorHubAonManager: aonCallBackInfo-> serviceType:1, results:[Lvendor.oplus.hardware.camera.aon.AONResult;@995efcc
10-03 02:11:55.419 D/AONLog  (12042): AONResultsClassify: convertToResult
10-03 02:11:55.419 D/AONLog  (12042): AONResultsClassify: have FusionResult
10-03 02:11:55.419 D/AONLog  (12042): sensorhub_engine: engineSwitchOn = true runningCmds.size()=1 stopRunningCmds.size()=0
10-03 02:11:55.419 D/AONLog  (12042): OSensorHubResultProcess: transform inParams：com.aon.service.aonsensorhublib.p@7af7215
10-03 02:11:55.419 D/AONLog  (12042): OSensorHubResultProcess: transform fusionResult getDataCount：0 rotateAngle = 90
10-03 02:11:55.419 I/AONLog  (12042): i: detect->faces num = 0, gesture num = 0
10-03 02:11:55.419 I/AONLog  (12042): GAZESTATE: enter gaze detect0
10-03 02:11:55.419 I/AONLog  (12042): GAZESTATE: final gaze state:false
10-03 02:11:55.419 D/AONLog  (12042): EngineContext: clear engine Context
10-03 02:11:55.419 D/AONLog  (12042): FramePackage: clear framePackage:0
10-03 02:11:55.419 D/AONLog  (12042): EngineContext: clear human Detected List
10-03 02:11:55.419 I/ChiX    ( 1909): [oplusAON:ProcessAONServiceEvent] AON Event notify: Success callback:0xb40000769ea6a460 for hClientHandle= 0xb40000769ea69840
10-03 02:11:55.419 I/AONLog  (12042): ListenerManager: type = 1  eventInfo = 65538
10-03 02:11:55.419 I/AONLog  (12042): ListenerManager: notifySpecialObserver lock. AonCmdType:393217
10-03 02:11:55.419 I/AONLog  (12042): AONAttentionService: onEventParam event:65538 callback:com.oplus.wrapper.service.attention.IAttentionService%24Stub%241%241@7534003
10-03 02:11:55.430 I/cn_CronetUrlRequestContext( 9760): destroyNativeStreamLocked org.chromium.net.impl.CronetBidirectionalStream@3fe1624
10-03 02:11:55.431 I/FuseDaemon( 7067): gc_priority_optimize fd is empty
10-03 02:11:55.431 I/FuseDaemon( 7067): open sharedFd failed with Permission denied
10-03 02:11:55.431 I/FuseDaemon( 7067): gc_priority_optimize set UX fail-1
10-03 02:11:55.431 W/AppLinksAsyncVerifierV2( 9760): Error performing check:  [CONTEXT service_id=244 ]
10-03 02:11:55.431 W/AppLinksAsyncVerifierV2( 9760): jyuf: UNAVAILABLE
10-03 02:11:55.431 W/AppLinksAsyncVerifierV2( 9760): 	at bpho.r(:com.google.android.gms@263436035@26.34.36 (260400-981326859):37)
10-03 02:11:55.431 W/AppLinksAsyncVerifierV2( 9760): 	at bpho.G(:com.google.android.gms@263436035@26.34.36 (260400-981326859):55)
10-03 02:11:55.431 W/AppLinksAsyncVerifierV2( 9760): 	at gapa.a(:com.google.android.gms@263436035@26.34.36 (260400-981326859):46)
10-03 02:11:55.431 W/AppLinksAsyncVerifierV2( 9760): 	at ganv.c(:com.google.android.gms@263436035@26.34.36 (260400-981326859):20)
10-03 02:11:55.431 W/AppLinksAsyncVerifierV2( 9760): 	at ganv.c(:com.google.android.gms@263436035@26.34.36 (260400-981326859):217)
10-03 02:11:55.431 W/AppLinksAsyncVerifierV2( 9760): 	at ganv.c(:com.google.android.gms@263436035@26.34.36 (260400-981326859):217)
10-03 02:11:55.431 W/AppLinksAsyncVerifierV2( 9760): 	at ganv.a(:com.google.android.gms@263436035@26.34.36 (260400-981326859):3)
10-03 02:11:55.431 W/AppLinksAsyncVerifierV2( 9760): 	at bhzn.run(:com.google.android.gms@263436035@26.34.36 (260400-981326859):5)
10-03 02:11:55.431 W/AppLinksAsyncVerifierV2( 9760): 	at bpof.d(:com.google.android.gms@263436035@26.34.36 (260400-981326859):50)
10-03 02:11:55.431 W/AppLinksAsyncVerifierV2( 9760): 	at bpof.c(:com.google.android.gms@263436035@26.34.36 (260400-981326859):6)
10-03 02:11:55.431 W/AppLinksAsyncVerifierV2( 9760): 	at bpof.run(:com.google.android.gms@263436035@26.34.36 (260400-981326859):33)
10-03 02:11:55.431 W/AppLinksAsyncVerifierV2( 9760): 	at java.util.concurrent.ThreadPoolExecutor.runWorker(ThreadPoolExecutor.java:1156)
10-03 02:11:55.431 W/AppLinksAsyncVerifierV2( 9760): 	at java.util.concurrent.ThreadPoolExecutor$Worker.run(ThreadPoolExecutor.java:651)
10-03 02:11:55.431 W/AppLinksAsyncVerifierV2( 9760): 	at bpuf.run(:com.google.android.gms@263436035@26.34.36 (260400-981326859):8)
10-03 02:11:55.431 W/AppLinksAsyncVerifierV2( 9760): 	at java.lang.Thread.run(Thread.java:1119)
10-03 02:11:55.431 W/AppLinksAsyncVerifierV2( 9760): Caused by: m1.ht: Exception in BidirectionalStream: net::ERR_NAME_NOT_RESOLVED, ErrorCode=1, InternalErrorCode=-105, Retryable=false
10-03 02:11:55.431 W/AppLinksAsyncVerifierV2( 9760): 	at org.chromium.net.impl.CronetBidirectionalStream.onError(:com.google.android.gms.dynamite_cronetdynamite@263436035@26.34.36 (260400-0):27)
10-03 02:11:55.431 I/FuseDaemon( 7067): gc_priority_optimize fd is empty
10-03 02:11:55.431 I/FuseDaemon( 7067): open sharedFd failed with Permission denied
10-03 02:11:55.431 I/FuseDaemon( 7067): gc_priority_optimize set UX fail-1
10-03 02:11:55.432 W/AppLinksAsyncVerifierV2( 9760): Check request failed: null [CONTEXT service_id=244 ]
10-03 02:11:55.432 I/AppLinksHostsVerifierV2( 9760): (REDACTED) Adding relation extensions for host: %s
10-03 02:11:55.432 I/AppLinksHostsVerifierV2( 9760): (REDACTED) Verification %s complete. Successful hosts: %s. Failed hosts: %s. Error hosts: %s.
10-03 02:11:55.435 I/AppLinksRequestHandler( 9760): (REDACTED) Added erroneous request into database for package %s
10-03 02:11:55.436 I/AppLinksRequestHandler( 9760): (REDACTED) Updating url filtering rules for %s: %s
10-03 02:11:55.438 I/AppLinksUtilsV1( 9760): Legacy cross-profile verification enabled [CONTEXT service_id=244 ]
10-03 02:11:55.441 D/BoundBrokerSvc( 7191): onUnbind: Intent { act=com.google.android.gms.credential.manager.service.zeroparty.checkup.START dat=chimera-action:/... xflg=0x4 cmp=com.google.android.gms/.chimera.GmsApiService mCallingUid=10258 }
10-03 02:11:55.442 I/FuseDaemon( 7067): gc_priority_optimize fd is empty
10-03 02:11:55.443 I/FuseDaemon( 7067): open sharedFd failed with Permission denied
10-03 02:11:55.443 I/FuseDaemon( 7067): gc_priority_optimize set UX fail-1
10-03 02:11:55.443 I/FuseDaemon( 7067): gc_priority_optimize fd is empty
10-03 02:11:55.443 I/FuseDaemon( 7067): open sharedFd failed with Permission denied
10-03 02:11:55.443 I/FuseDaemon( 7067): gc_priority_optimize set UX fail-1
10-03 02:11:55.447 I/FuseDaemon( 7067): gc_priority_optimize fd is empty
10-03 02:11:55.447 I/FuseDaemon( 7067): open sharedFd failed with Permission denied
10-03 02:11:55.447 I/FuseDaemon( 7067): gc_priority_optimize set UX fail-1
10-03 02:11:55.447 I/FuseDaemon( 7067): gc_priority_optimize fd is empty
10-03 02:11:55.447 I/FuseDaemon( 7067): open sharedFd failed with Permission denied
10-03 02:11:55.447 I/FuseDaemon( 7067): gc_priority_optimize set UX fail-1
10-03 02:11:55.450 I/FuseDaemon( 7067): gc_priority_optimize fd is empty
10-03 02:11:55.450 I/FuseDaemon( 7067): open sharedFd failed with Permission denied
10-03 02:11:55.450 I/FuseDaemon( 7067): gc_priority_optimize set UX fail-1
10-03 02:11:55.451 I/FuseDaemon( 7067): gc_priority_optimize fd is empty
10-03 02:11:55.451 I/FuseDaemon( 7067): open sharedFd failed with Permission denied
10-03 02:11:55.451 I/FuseDaemon( 7067): gc_priority_optimize set UX fail-1
10-03 02:11:55.452 I/DpmTcmClient( 8008): RegisterTcmMonitor from: $Proxy3
10-03 02:11:55.453 I/MMKV    ( 5376): <MMKV_IO.cpp:456::writeActualSize> [mmkv.default] increase sequence to 618168, crc 1733181747, actualSize 718
10-03 02:11:55.460 I/cn_CronetUrlRequestContext( 9760): destroyNativeStreamLocked org.chromium.net.impl.CronetBidirectionalStream@b8e18e
10-03 02:11:55.461 W/AppLinksAsyncVerifierV2( 9760): Error performing check:  [CONTEXT service_id=244 ]
10-03 02:11:55.461 W/AppLinksAsyncVerifierV2( 9760): jyuf: UNAVAILABLE
10-03 02:11:55.461 W/AppLinksAsyncVerifierV2( 9760): 	at bpho.r(:com.google.android.gms@263436035@26.34.36 (260400-981326859):37)
10-03 02:11:55.461 W/AppLinksAsyncVerifierV2( 9760): 	at bpho.G(:com.google.android.gms@263436035@26.34.36 (260400-981326859):55)
10-03 02:11:55.461 W/AppLinksAsyncVerifierV2( 9760): 	at gapa.a(:com.google.android.gms@263436035@26.34.36 (260400-981326859):46)
10-03 02:11:55.461 W/AppLinksAsyncVerifierV2( 9760): 	at ganv.c(:com.google.android.gms@263436035@26.34.36 (260400-981326859):20)
10-03 02:11:55.461 W/AppLinksAsyncVerifierV2( 9760): 	at ganv.a(:com.google.android.gms@263436035@26.34.36 (260400-981326859):3)
10-03 02:11:55.461 W/AppLinksAsyncVerifierV2( 9760): 	at bhzn.run(:com.google.android.gms@263436035@26.34.36 (260400-981326859):5)
10-03 02:11:55.461 W/AppLinksAsyncVerifierV2( 9760): 	at bpof.d(:com.google.android.gms@263436035@26.34.36 (260400-981326859):50)
10-03 02:11:55.461 W/AppLinksAsyncVerifierV2( 9760): 	at bpof.c(:com.google.android.gms@263436035@26.34.36 (260400-981326859):6)
10-03 02:11:55.461 W/AppLinksAsyncVerifierV2( 9760): 	at bpof.run(:com.google.android.gms@263436035@26.34.36 (260400-981326859):33)
10-03 02:11:55.461 W/AppLinksAsyncVerifierV2( 9760): 	at java.util.concurrent.ThreadPoolExecutor.runWorker(ThreadPoolExecutor.java:1156)
10-03 02:11:55.461 W/AppLinksAsyncVerifierV2( 9760): 	at java.util.concurrent.ThreadPoolExecutor$Worker.run(ThreadPoolExecutor.java:651)
10-03 02:11:55.461 W/AppLinksAsyncVerifierV2( 9760): 	at bpuf.run(:com.google.android.gms@263436035@26.34.36 (260400-981326859):8)
10-03 02:11:55.461 W/AppLinksAsyncVerifierV2( 9760): 	at java.lang.Thread.run(Thread.java:1119)
10-03 02:11:55.461 W/AppLinksAsyncVerifierV2( 9760): Caused by: m1.ht: Exception in BidirectionalStream: net::ERR_NAME_NOT_RESOLVED, ErrorCode=1, InternalErrorCode=-105, Retryable=false
10-03 02:11:55.461 W/AppLinksAsyncVerifierV2( 9760): 	at org.chromium.net.impl.CronetBidirectionalStream.onError(:com.google.android.gms.dynamite_cronetdynamite@263436035@26.34.36 (260400-0):27)
10-03 02:11:55.466 I/Osense-BaseDecisionMaker( 3557): notifySceneToAthenaPolicy: SCENE_IDLE_RECOVER, bundle: Bundle[{scene=SCENE_IDLE_RECOVER}]
10-03 02:11:55.468 I/Osense-BaseDecisionMaker( 3557): scene: SCENE_IDLE_RECOVER, excutingPolicy: respreload
10-03 02:11:55.468 D/Osense-BaseDecisionMaker( 3557): invoke process preload policy
10-03 02:11:55.468 I/Osense-BaseDecisionMaker( 3557): scene: SCENE_IDLE_RECOVER, excutingPolicy: clear
10-03 02:11:55.468 D/Osense-BaseDecisionMaker( 3557): invoke clear policy,type: unforbid
10-03 02:11:55.468 I/OsenseKillAction( 3557): KillAction: skip reason: non-low-mem-req, req_id=3, enable=true, scene=SCENE_IDLE_RECOVER, type=unforbid, cchOnly=false, appcare=0, bloM=false, bloP=false
10-03 02:11:55.469 E/PhoneInterfaceManager( 5186): queryModemActivityInfo: invalid response
10-03 02:11:55.469 D/TelephonyManager( 5186): requestModemActivityInfo: Sending result to app: ModemActivityInfo{ mTimestamp=60055 mSleepTimeMs=4337 mIdleTimeMs=497 mActivityStatsTechSpecificInfo=[{mRat=UNKNOWN,mFrequencyRange=UNKNOWN,mTxTimeMs[]=[0, 0, 0, 0, 0],mRxTimeMs=28299}]}
10-03 02:11:55.482 I/MMKV    ( 5376): <MMKV_IO.cpp:456::writeActualSize> [mmkv.default] increase sequence to 618169, crc 26952124, actualSize 786
10-03 02:11:55.502 I/com.oplus.metis( 8433): AssetManager2(0xb4000076a0a9bd28) locale list changing from [] to [zh-CN]
10-03 02:11:55.511 W/System  (10367): A resource failed to call ContentProviderClient.close. 
10-03 02:11:55.518 I/ChiX    ( 1909): [oplusAON:QSEEAON_ServiceCallback oplusSrvType:1] Receive QSEEAON Callback
10-03 02:11:55.518 I/ChiX    ( 1909): [oplusAON:ProcessAONServiceEvent] AON Event notify for hClientHandle= 0xb40000769ea69840
10-03 02:11:55.519 I/ChiX    ( 1909): [oplusAON:ClientEventCallBack] AON Event notify srvType=1, clientHandle:0xb40000769ea69840
10-03 02:11:55.519 I/ChiX    ( 1909): [oplusAON:TranslateToAonCallbackInfo  AONServiceType: 1] Translate to Service Event Info
10-03 02:11:55.519 D/ChiX    ( 1909): [oplusAON:AddFusionResult] Translate to fuison Event Info
10-03 02:11:55.519 D/ChiX    ( 1909): [oplusAON:AddFusionResult] fusion:rotation_angle = 90.000000
10-03 02:11:55.519 D/ChiX    ( 1909): [oplusAON] fusion->count:0
10-03 02:11:55.519 D/ChiX    ( 1909): fusion->itemLength:20
10-03 02:11:55.520 D/AONLog  (12042): SensorHubAonManager: [notify] clientHandle:-5476376637414664128,isStopped:false, callback:k.g@dddbe50
10-03 02:11:55.523 D/AONLog  (12042): SensorHubAonManager: aonCallBackInfo-> serviceType:1, results:[Lvendor.oplus.hardware.camera.aon.AONResult;@bb4292a
10-03 02:11:55.524 D/AONLog  (12042): AONResultsClassify: convertToResult
10-03 02:11:55.526 D/AONLog  (12042): AONResultsClassify: have FusionResult
10-03 02:11:55.526 D/AONLog  (12042): sensorhub_engine: engineSwitchOn = true runningCmds.size()=1 stopRunningCmds.size()=0
10-03 02:11:55.526 I/ChiX    ( 1909): [oplusAON:ProcessAONServiceEvent] AON Event notify: Success callback:0xb40000769ea6a460 for hClientHandle= 0xb40000769ea69840
10-03 02:11:55.527 D/AONLog  (12042): OSensorHubResultProcess: transform inParams：com.aon.service.aonsensorhublib.p@bc831b
10-03 02:11:55.527 D/AONLog  (12042): OSensorHubResultProcess: transform fusionResult getDataCount：0 rotateAngle = 90
10-03 02:11:55.527 I/AONLog  (12042): i: detect->faces num = 0, gesture num = 0
10-03 02:11:55.527 I/AONLog  (12042): GAZESTATE: enter gaze detect0
10-03 02:11:55.527 I/AONLog  (12042): GAZESTATE: final gaze state:false
10-03 02:11:55.527 I/AONLog  (12042): ListenerManager: type = 1  eventInfo = 65538
10-03 02:11:55.527 I/AONLog  (12042): ListenerManager: notifySpecialObserver lock. AonCmdType:393217
10-03 02:11:55.527 D/AONLog  (12042): EngineContext: clear engine Context
10-03 02:11:55.527 I/AONLog  (12042): AONAttentionService: onEventParam event:65538 callback:com.oplus.wrapper.service.attention.IAttentionService%24Stub%241%241@7534003
10-03 02:11:55.527 D/AONLog  (12042): FramePackage: clear framePackage:0
10-03 02:11:55.527 D/AONLog  (12042): EngineContext: clear human Detected List
10-03 02:11:55.535 D/SensorFeature( 2024): name=ssc_screenshot_info ,index = 22
10-03 02:11:55.535 D/SensorFeature( 2024): write 29 bytes:59581917370,60217646589,143,0
10-03 02:11:55.552 I/PTC.DISC.LanDiscover( 7413): timeoutLanDiscoveryTask client=DiscoveryClient(id=84101748, pkg=com.oplus.linker, pid=8513), job=205673121
10-03 02:11:55.593 D/ProfileInstaller(16977): Skipping profile installation for com.oplus.aiwriter
10-03 02:11:55.608 I/sensors-hal( 1882): handle_oplus_wise_rgb_event:160, wise_rgb:(727)(cct,lux,ir)[5739.63, 46.68, 4.957475](rgbc)[1660.76, 1274.29, 650.38, 3552.80](pwm,hbm,brl,algo)[0.0 0.0 1053.0 2.0],flag 143
10-03 02:11:55.623 I/ChiX    ( 1909): [oplusAON:QSEEAON_ServiceCallback oplusSrvType:1] Receive QSEEAON Callback
10-03 02:11:55.623 I/ChiX    ( 1909): [oplusAON:ProcessAONServiceEvent] AON Event notify for hClientHandle= 0xb40000769ea69840
10-03 02:11:55.623 I/ChiX    ( 1909): [oplusAON:ClientEventCallBack] AON Event notify srvType=1, clientHandle:0xb40000769ea69840
10-03 02:11:55.623 I/ChiX    ( 1909): [oplusAON:TranslateToAonCallbackInfo  AONServiceType: 1] Translate to Service Event Info
10-03 02:11:55.623 D/ChiX    ( 1909): [oplusAON:AddFusionResult] Translate to fuison Event Info
10-03 02:11:55.623 D/ChiX    ( 1909): [oplusAON:AddFusionResult] fusion:rotation_angle = 90.000000
10-03 02:11:55.623 D/ChiX    ( 1909): [oplusAON] fusion->count:0
10-03 02:11:55.623 D/ChiX    ( 1909): fusion->itemLength:20
10-03 02:11:55.625 D/AONLog  (12042): SensorHubAonManager: [notify] clientHandle:-5476376637414664128,isStopped:false, callback:k.g@dddbe50
10-03 02:11:55.625 D/AONLog  (12042): SensorHubAonManager: aonCallBackInfo-> serviceType:1, results:[Lvendor.oplus.hardware.camera.aon.AONResult;@2183cb8
10-03 02:11:55.625 D/AONLog  (12042): AONResultsClassify: convertToResult
10-03 02:11:55.625 D/AONLog  (12042): AONResultsClassify: have FusionResult
10-03 02:11:55.625 D/AONLog  (12042): sensorhub_engine: engineSwitchOn = true runningCmds.size()=1 stopRunningCmds.size()=0
10-03 02:11:55.626 I/ChiX    ( 1909): [oplusAON:ProcessAONServiceEvent] AON Event notify: Success callback:0xb40000769ea6a460 for hClientHandle= 0xb40000769ea69840
10-03 02:11:55.626 D/AONLog  (12042): OSensorHubResultProcess: transform inParams：com.aon.service.aonsensorhublib.p@5221a91
10-03 02:11:55.626 D/AONLog  (12042): OSensorHubResultProcess: transform fusionResult getDataCount：0 rotateAngle = 90
10-03 02:11:55.626 I/AONLog  (12042): i: detect->faces num = 0, gesture num = 0
10-03 02:11:55.626 I/AONLog  (12042): GAZESTATE: enter gaze detect0
10-03 02:11:55.626 I/AONLog  (12042): GAZESTATE: final gaze state:false
10-03 02:11:55.627 I/AONLog  (12042): ListenerManager: type = 1  eventInfo = 65538
10-03 02:11:55.627 I/AONLog  (12042): ListenerManager: notifySpecialObserver lock. AonCmdType:393217
10-03 02:11:55.627 I/AONLog  (12042): AONAttentionService: onEventParam event:65538 callback:com.oplus.wrapper.service.attention.IAttentionService%24Stub%241%241@7534003
10-03 02:11:55.628 D/AONLog  (12042): EngineContext: clear engine Context
10-03 02:11:55.628 D/AONLog  (12042): FramePackage: clear framePackage:0
10-03 02:11:55.628 D/AONLog  (12042): EngineContext: clear human Detected List
10-03 02:11:55.645 I/sensors-hal( 1882): handle_sns_std_sensor_event:104, oplus rgb_rear sample: (cct, lux, ir, x, y)[5200, 0, 1758, 0, 0]
10-03 02:11:55.645 I/sensors-hal( 1882): handle_sns_std_sensor_event:106, oplus rgb_rear sample: (r, g, b, c w)[0, 0, 0, 0, 0]
10-03 02:11:55.704 V/AlarmManager( 3557): sending alarm Alarm{2d66dc6 type 1 origWhen 1790964705928 whenElapsed 55611 com.oplus.metis} uid 10118 whenElapsed 55611 windowLength 64800000 maxWhenElapsed 64855611 repeatInterval 86400000 action com.oplus.metis.action.COMPUTE_EVENT_COUNT_TIME component null flags 0x8 procName com.oplus.metis
10-03 02:11:55.705 I/com.oplus.metis( 8433): AssetManager2(0xb4000076886ca028) locale list changing from [] to [zh-CN]
10-03 02:11:55.705 V/AlarmManager( 3557): sending alarm Alarm{f2438b4 type 3 origWhen 58622 whenElapsed 60385 com.google.android.gms} uid 10258 whenElapsed 60385 windowLength 0 maxWhenElapsed 60385 repeatInterval 0 action com.google.android.gms.gcm.ACTION_CHECK_QUEUE component ComponentInfo{com.google.android.gms/com.google.android.gms.gcm.nts.SchedulerInternalReceiver} flags 0x0 procName com.google.android.gms
10-03 02:11:55.706 D/QmiClient( 2622): qmiServiceEventCallback recv msg id 47
10-03 02:11:55.706 D/QmiClient( 2622): enter -mServiceType 10 onQmiServiceEventCallback msgId 47
10-03 02:11:55.706 D/QmiClient( 2622): onQmiServiceEventCallback - enter. msgId=47
10-03 02:11:55.709 I/putmethod.sogou(12824): gc_priority_optimize fd is empty
10-03 02:11:55.710 I/putmethod.sogou(12824): open sharedFd failed with Permission denied
10-03 02:11:55.710 I/putmethod.sogou(12824): gc_priority_optimize set UX fail-1
10-03 02:11:55.710 I/putmethod.sogou(12824): gc_priority_optimize fd is empty
10-03 02:11:55.710 I/putmethod.sogou(12824): open sharedFd failed with Permission denied
10-03 02:11:55.710 I/putmethod.sogou(12824): gc_priority_optimize set UX fail-1
10-03 02:11:55.713 D/OttProxy( 2622): handleMessage msg is 3001
10-03 02:11:55.714 D/SubsysRadioIndication[0]( 5280): radioLinkLatencyInfoInd
10-03 02:11:55.714 D/SubsysRadioIndication[0]( 5280): notify enter
10-03 02:11:55.715 D/NetworkService[0]( 5280): handleMessage what:1008
10-03 02:11:55.715 D/NetworkService[0]( 5280): EVENT_REG_LINK_LATENCY_INFO_CHANGE ulLatency:10878
10-03 02:11:55.720 I/7890PAS[16010054][503ab7b].ScenesProvider_Travel( 7890): query: tableName = final_user_profile, callingPackage = com.***.metis
10-03 02:11:55.720 I/7890PAS[16010054][503ab7b].ScenesProvider_Travel( 7890): query: tableName = Settings, callingPackage = com.***.sceneservice
10-03 02:11:55.721 I/7890PAS[16010054][503ab7b].UserProfileDao( 7890): WeakReference have info
10-03 02:11:55.721 I/7890PAS[16010054][503ab7b].UserProfileDao( 7890): WeakReference have info
10-03 02:11:55.722 D/OplusProxyWakeLock( 3557): prevent gms/gsf hold partial wakelock
10-03 02:11:55.722 I/ChiX    ( 1909): [oplusAON:QSEEAON_ServiceCallback oplusSrvType:1] Receive QSEEAON Callback
10-03 02:11:55.722 I/ChiX    ( 1909): [oplusAON:ProcessAONServiceEvent] AON Event notify for hClientHandle= 0xb40000769ea69840
10-03 02:11:55.722 I/ChiX    ( 1909): [oplusAON:ClientEventCallBack] AON Event notify srvType=1, clientHandle:0xb40000769ea69840
10-03 02:11:55.722 I/ChiX    ( 1909): [oplusAON:TranslateToAonCallbackInfo  AONServiceType: 1] Translate to Service Event Info
10-03 02:11:55.722 D/ChiX    ( 1909): [oplusAON:AddFusionResult] Translate to fuison Event Info
10-03 02:11:55.722 D/ChiX    ( 1909): [oplusAON:AddFusionResult] fusion:rotation_angle = 90.000000
10-03 02:11:55.722 D/ChiX    ( 1909): [oplusAON] fusion->count:0
10-03 02:11:55.722 D/ChiX    ( 1909): fusion->itemLength:20
10-03 02:11:55.722 D/AONLog  (12042): SensorHubAonManager: [notify] clientHandle:-5476376637414664128,isStopped:false, callback:k.g@dddbe50
10-03 02:11:55.722 D/AONLog  (12042): SensorHubAonManager: aonCallBackInfo-> serviceType:1, results:[Lvendor.oplus.hardware.camera.aon.AONResult;@c3adf6
10-03 02:11:55.722 D/AONLog  (12042): AONResultsClassify: convertToResult
10-03 02:11:55.722 D/AONLog  (12042): AONResultsClassify: have FusionResult
10-03 02:11:55.722 D/AONLog  (12042): sensorhub_engine: engineSwitchOn = true runningCmds.size()=1 stopRunningCmds.size()=0
10-03 02:11:55.723 D/AONLog  (12042): OSensorHubResultProcess: transform inParams：com.aon.service.aonsensorhublib.p@49635f7
10-03 02:11:55.723 D/AONLog  (12042): OSensorHubResultProcess: transform fusionResult getDataCount：0 rotateAngle = 90
10-03 02:11:55.723 I/AONLog  (12042): i: detect->faces num = 0, gesture num = 0
10-03 02:11:55.723 I/AONLog  (12042): GAZESTATE: enter gaze detect0
10-03 02:11:55.723 I/AONLog  (12042): GAZESTATE: final gaze state:false
10-03 02:11:55.723 D/AONLog  (12042): EngineContext: clear engine Context
10-03 02:11:55.723 D/AONLog  (12042): FramePackage: clear framePackage:0
10-03 02:11:55.723 D/AONLog  (12042): EngineContext: clear human Detected List
10-03 02:11:55.723 I/ChiX    ( 1909): [oplusAON:ProcessAONServiceEvent] AON Event notify: Success callback:0xb40000769ea6a460 for hClientHandle= 0xb40000769ea69840
10-03 02:11:55.723 I/metis_v2_KnowledgeManager( 8433): fire, needDelay:true isProcessStart: true
10-03 02:11:55.723 I/metis_v2_KnowledgeManager( 8433): fire: jena_adapter_count_Merged
10-03 02:11:55.723 I/ContextAware_DailyStatisticsRecorder( 8433): Increase context change count: jena_adapter_count_Merged, value: 1
10-03 02:11:55.718 W/TcmReceiver( 3557): type=1400 audit(0.0:127): avc:  denied  { connectto } for  path="/dev/socket/tcmd" scontext=u:r:system_server:s0 tcontext=u:r:vendor_tcmd:s0 tclass=unix_stream_socket permissive=0
10-03 02:11:55.724 I/AONLog  (12042): ListenerManager: type = 1  eventInfo = 65538
10-03 02:11:55.724 I/AONLog  (12042): ListenerManager: notifySpecialObserver lock. AonCmdType:393217
10-03 02:11:55.724 I/AONLog  (12042): AONAttentionService: onEventParam event:65538 callback:com.oplus.wrapper.service.attention.IAttentionService%24Stub%241%241@7534003
10-03 02:11:55.730 V/MonthTrafficAlert( 5216): getWarningNotification subId:1 numWarningNotificaion:2
10-03 02:11:55.730 D/OplusProxyWakeLock( 3557): prevent gms/gsf hold partial wakelock
10-03 02:11:55.731 V/MonthTrafficAlert( 5216): getWarningNotification subId:2 numWarningNotificaion:0
10-03 02:11:55.736 I/NetworkScheduler.Stats( 7191): (REDACTED) Task %s/%s started execution. cause:%s exec_start_elapsed_seconds: %s
10-03 02:11:55.738 D/OplusProxyWakeLock( 3557): prevent gms/gsf hold partial wakelock
10-03 02:11:55.739 I/NetworkScheduler.Stats( 7191): (REDACTED) Task %s/%s finished executing. cause:%s result: %s elapsed_millis: %s uptime_millis: %s exec_start_elapsed_seconds: %s
10-03 02:11:55.739 I/putmethod.sogou(12824): gc_priority_optimize fd is empty
10-03 02:11:55.739 I/putmethod.sogou(12824): open sharedFd failed with Permission denied
10-03 02:11:55.739 I/putmethod.sogou(12824): gc_priority_optimize set UX fail-1
10-03 02:11:55.740 I/putmethod.sogou(12824): gc_priority_optimize fd is empty
10-03 02:11:55.740 I/putmethod.sogou(12824): open sharedFd failed with Permission denied
10-03 02:11:55.740 I/putmethod.sogou(12824): gc_priority_optimize set UX fail-1
10-03 02:11:55.741 D/OplusProxyWakeLock( 3557): prevent gms/gsf hold partial wakelock
10-03 02:11:55.746 I/putmethod.sogou(12824): gc_priority_optimize fd is empty
10-03 02:11:55.747 I/putmethod.sogou(12824): open sharedFd failed with Permission denied
10-03 02:11:55.747 I/putmethod.sogou(12824): gc_priority_optimize set UX fail-1
10-03 02:11:55.747 I/putmethod.sogou(12824): gc_priority_optimize fd is empty
10-03 02:11:55.747 I/putmethod.sogou(12824): open sharedFd failed with Permission denied
10-03 02:11:55.747 I/putmethod.sogou(12824): gc_priority_optimize set UX fail-1
10-03 02:11:55.748 I/putmethod.sogou(12824): gc_priority_optimize fd is empty
10-03 02:11:55.748 I/putmethod.sogou(12824): open sharedFd failed with Permission denied
10-03 02:11:55.748 I/putmethod.sogou(12824): gc_priority_optimize set UX fail-1
10-03 02:11:55.750 I/putmethod.sogou(12824): gc_priority_optimize fd is empty
10-03 02:11:55.750 I/putmethod.sogou(12824): open sharedFd failed with Permission denied
10-03 02:11:55.750 I/putmethod.sogou(12824): gc_priority_optimize set UX fail-1
10-03 02:11:55.798 I/FuseDaemon( 7067): gc_priority_optimize fd is empty
10-03 02:11:55.798 I/FuseDaemon( 7067): open sharedFd failed with Permission denied
10-03 02:11:55.798 I/FuseDaemon( 7067): gc_priority_optimize set UX fail-1
10-03 02:11:55.799 I/FuseDaemon( 7067): gc_priority_optimize fd is empty
10-03 02:11:55.799 I/FuseDaemon( 7067): open sharedFd failed with Permission denied
10-03 02:11:55.799 I/FuseDaemon( 7067): gc_priority_optimize set UX fail-1
10-03 02:11:55.809 I/FuseDaemon( 7067): gc_priority_optimize fd is empty
10-03 02:11:55.809 I/FuseDaemon( 7067): open sharedFd failed with Permission denied
10-03 02:11:55.809 I/FuseDaemon( 7067): gc_priority_optimize set UX fail-1
10-03 02:11:55.809 I/FuseDaemon( 7067): gc_priority_optimize fd is empty
10-03 02:11:55.809 I/FuseDaemon( 7067): open sharedFd failed with Permission denied
10-03 02:11:55.809 I/FuseDaemon( 7067): gc_priority_optimize set UX fail-1
10-03 02:11:55.812 I/FuseDaemon( 7067): gc_priority_optimize fd is empty
10-03 02:11:55.812 I/FuseDaemon( 7067): open sharedFd failed with Permission denied
10-03 02:11:55.812 I/FuseDaemon( 7067): gc_priority_optimize set UX fail-1
10-03 02:11:55.813 I/FuseDaemon( 7067): gc_priority_optimize fd is empty
10-03 02:11:55.813 I/FuseDaemon( 7067): open sharedFd failed with Permission denied
10-03 02:11:55.813 I/FuseDaemon( 7067): gc_priority_optimize set UX fail-1
10-03 02:11:55.815 I/FuseDaemon( 7067): gc_priority_optimize fd is empty
10-03 02:11:55.815 I/FuseDaemon( 7067): open sharedFd failed with Permission denied
10-03 02:11:55.815 I/FuseDaemon( 7067): gc_priority_optimize set UX fail-1
10-03 02:11:55.816 I/com.oplus.metis( 8433): AssetManager2(0xb4000076886ca328) locale list changing from [] to [zh-CN]
10-03 02:11:55.816 I/FuseDaemon( 7067): gc_priority_optimize fd is empty
10-03 02:11:55.816 I/FuseDaemon( 7067): open sharedFd failed with Permission denied
10-03 02:11:55.816 I/FuseDaemon( 7067): gc_priority_optimize set UX fail-1
10-03 02:11:55.823 I/ChiX    ( 1909): [oplusAON:QSEEAON_ServiceCallback oplusSrvType:1] Receive QSEEAON Callback
10-03 02:11:55.823 I/ChiX    ( 1909): [oplusAON:ProcessAONServiceEvent] AON Event notify for hClientHandle= 0xb40000769ea69840
10-03 02:11:55.823 I/ChiX    ( 1909): [oplusAON:ClientEventCallBack] AON Event notify srvType=1, clientHandle:0xb40000769ea69840
10-03 02:11:55.823 I/ChiX    ( 1909): [oplusAON:TranslateToAonCallbackInfo  AONServiceType: 1] Translate to Service Event Info
10-03 02:11:55.823 D/ChiX    ( 1909): [oplusAON:AddFusionResult] Translate to fuison Event Info
10-03 02:11:55.823 D/ChiX    ( 1909): [oplusAON:AddFusionResult] fusion:rotation_angle = 90.000000
10-03 02:11:55.823 D/ChiX    ( 1909): [oplusAON] fusion->count:0
10-03 02:11:55.823 D/ChiX    ( 1909): fusion->itemLength:20
10-03 02:11:55.823 D/AONLog  (12042): SensorHubAonManager: [notify] clientHandle:-5476376637414664128,isStopped:false, callback:k.g@dddbe50
10-03 02:11:55.823 D/AONLog  (12042): SensorHubAonManager: aonCallBackInfo-> serviceType:1, results:[Lvendor.oplus.hardware.camera.aon.AONResult;@c706c64
10-03 02:11:55.823 D/AONLog  (12042): AONResultsClassify: convertToResult
10-03 02:11:55.823 D/AONLog  (12042): AONResultsClassify: have FusionResult
10-03 02:11:55.823 D/AONLog  (12042): sensorhub_engine: engineSwitchOn = true runningCmds.size()=1 stopRunningCmds.size()=0
10-03 02:11:55.825 D/AONLog  (12042): OSensorHubResultProcess: transform inParams：com.aon.service.aonsensorhublib.p@63ccecd
10-03 02:11:55.825 D/AONLog  (12042): OSensorHubResultProcess: transform fusionResult getDataCount：0 rotateAngle = 90
10-03 02:11:55.825 I/AONLog  (12042): i: detect->faces num = 0, gesture num = 0
10-03 02:11:55.825 I/AONLog  (12042): GAZESTATE: enter gaze detect0
10-03 02:11:55.825 I/AONLog  (12042): GAZESTATE: final gaze state:false
10-03 02:11:55.825 D/AONLog  (12042): EngineContext: clear engine Context
10-03 02:11:55.825 D/AONLog  (12042): FramePackage: clear framePackage:0
10-03 02:11:55.825 D/AONLog  (12042): EngineContext: clear human Detected List
10-03 02:11:55.825 I/ChiX    ( 1909): [oplusAON:ProcessAONServiceEvent] AON Event notify: Success callback:0xb40000769ea6a460 for hClientHandle= 0xb40000769ea69840
10-03 02:11:55.826 D/SensorFeature( 2024): name=ssc_screenshot_info ,index = 22
10-03 02:11:55.826 D/SensorFeature( 2024): write 29 bytes:59581917370,60508883151,144,0
10-03 02:11:55.826 I/AONLog  (12042): ListenerManager: type = 1  eventInfo = 65538
10-03 02:11:55.827 I/AONLog  (12042): ListenerManager: notifySpecialObserver lock. AonCmdType:393217
10-03 02:11:55.828 I/AONLog  (12042): AONAttentionService: onEventParam event:65538 callback:com.oplus.wrapper.service.attention.IAttentionService%24Stub%241%241@7534003
10-03 02:11:55.834 D/SensorServiceExtImpl( 3557): notifyApplicationLaunchStage processName=com.tencent.mm, uid=10395, pid=16300, stage=0
10-03 02:11:55.856 E/JobScheduler.Background( 3557): Couldn't determine stopped state for unknown package: com.tencent.wework
10-03 02:11:55.856 E/JobScheduler.Background( 3557): Couldn't determine stopped state for unknown package: com.tencent.wework
10-03 02:11:55.857 E/JobScheduler.Background( 3557): Couldn't determine stopped state for unknown package: com.tencent.wework
10-03 02:11:55.860 D/IMApp-100-10395( 5280): transport layer data is invalid
10-03 02:11:55.863 D/IMApp-104-10395( 5280): commonScoreStrategy scenarios 3 mTLD.uplink_packets + mTLD.downlink_packets > 10 avgRtt51
10-03 02:11:55.864 D/IMApp-104-10395( 5280): notifyScoreChange appScene COMMON score 100
10-03 02:11:55.865 D/ScorePolicy( 5280): handleScoreChanged: []
10-03 02:11:55.865 D/ScorePolicy( 5280): handleScoreChanged: []
10-03 02:11:55.865 D/ScorePolicy( 5280): handleScoreChanged: []
10-03 02:11:55.866 E/JobScheduler.Background( 3557): Couldn't determine stopped state for unknown package: com.tencent.wework
10-03 02:11:55.867 E/JobScheduler.Background( 3557): Couldn't determine stopped state for unknown package: com.tencent.wework
10-03 02:11:55.867 E/JobScheduler.Background( 3557): Couldn't determine stopped state for unknown package: com.tencent.wework
10-03 02:11:55.874 I/sensors-hal( 1882): handle_oplus_wise_rgb_event:189, high_pwm_light:lux 48.2,cct 5846.0,brl/algo/ir 1053.0/2.0/0.0,pwm/dc 0.0/0.0,rgbc 1666.864014/1274.291382/656.512390/3565.464844,ts 60467484001,cnt 730,flag 144
10-03 02:11:55.875 I/sensors-hal( 1882): handle_oplus_wise_rgb_event:160, wise_rgb:(732)(cct,lux,ir)[5845.98, 48.20, 0.000000](rgbc)[1672.97, 1274.29, 656.51, 3540.13](pwm,hbm,brl,algo)[0.0 0.0 1053.0 2.0],flag 144
10-03 02:11:55.919 D/BoundBrokerSvc( 9760): onUnbind: Intent { act=com.google.android.gms.pseudonymous.service.START dat=chimera-action:/... xflg=0x4 cmp=com.google.android.gms/.chimera.PersistentApiService mCallingUid=99910258 }
10-03 02:11:55.922 I/ChiX    ( 1909): [oplusAON:QSEEAON_ServiceCallback oplusSrvType:1] Receive QSEEAON Callback
10-03 02:11:55.923 I/ChiX    ( 1909): [oplusAON:ProcessAONServiceEvent] AON Event notify for hClientHandle= 0xb40000769ea69840
10-03 02:11:55.923 I/ChiX    ( 1909): [oplusAON:ClientEventCallBack] AON Event notify srvType=1, clientHandle:0xb40000769ea69840
10-03 02:11:55.924 I/ChiX    ( 1909): [oplusAON:TranslateToAonCallbackInfo  AONServiceType: 1] Translate to Service Event Info
10-03 02:11:55.924 D/ChiX    ( 1909): [oplusAON:AddFusionResult] Translate to fuison Event Info
10-03 02:11:55.925 D/ChiX    ( 1909): [oplusAON:AddFusionResult] fusion:rotation_angle = 90.000000
10-03 02:11:55.925 D/ChiX    ( 1909): [oplusAON] fusion->count:0
10-03 02:11:55.925 D/ChiX    ( 1909): fusion->itemLength:20
10-03 02:11:55.926 D/AONLog  (12042): SensorHubAonManager: [notify] clientHandle:-5476376637414664128,isStopped:false, callback:k.g@dddbe50
10-03 02:11:55.927 D/AONLog  (12042): SensorHubAonManager: aonCallBackInfo-> serviceType:1, results:[Lvendor.oplus.hardware.camera.aon.AONResult;@e74b382
10-03 02:11:55.927 D/AONLog  (12042): AONResultsClassify: convertToResult
10-03 02:11:55.927 D/AONLog  (12042): AONResultsClassify: have FusionResult
10-03 02:11:55.928 D/AONLog  (12042): sensorhub_engine: engineSwitchOn = true runningCmds.size()=1 stopRunningCmds.size()=0
10-03 02:11:55.929 I/ChiX    ( 1909): [oplusAON:ProcessAONServiceEvent] AON Event notify: Success callback:0xb40000769ea6a460 for hClientHandle= 0xb40000769ea69840
10-03 02:11:55.929 D/AONLog  (12042): OSensorHubResultProcess: transform inParams：com.aon.service.aonsensorhublib.p@eee3a93
10-03 02:11:55.929 D/AONLog  (12042): OSensorHubResultProcess: transform fusionResult getDataCount：0 rotateAngle = 90
10-03 02:11:55.929 I/AONLog  (12042): i: detect->faces num = 0, gesture num = 0
10-03 02:11:55.929 I/AONLog  (12042): GAZESTATE: enter gaze detect0
10-03 02:11:55.929 I/AONLog  (12042): GAZESTATE: final gaze state:false
10-03 02:11:55.930 D/AONLog  (12042): EngineContext: clear engine Context
10-03 02:11:55.930 D/AONLog  (12042): FramePackage: clear framePackage:0
10-03 02:11:55.930 D/AONLog  (12042): EngineContext: clear human Detected List
10-03 02:11:55.930 I/AONLog  (12042): ListenerManager: type = 1  eventInfo = 65538
10-03 02:11:55.930 I/AONLog  (12042): ListenerManager: notifySpecialObserver lock. AonCmdType:393217
10-03 02:11:55.930 I/AONLog  (12042): AONAttentionService: onEventParam event:65538 callback:com.oplus.wrapper.service.attention.IAttentionService%24Stub%241%241@7534003
10-03 02:11:55.933 I/com.oplus.metis( 8433): AssetManager2(0xb4000076886ca628) locale list changing from [] to [zh-CN]
10-03 02:11:56.018 E/Diag-Router( 1845): diag: glinkpkt_open: failed to create control node for slate_adsp
10-03 02:11:56.018 E/Diag-Router( 1845): diag: diag_glinkpkt_open_thread: Glinkpkt_open failed for perif: 13 with err: -1, retry_cnt: 9
10-03 02:11:56.018 E/Diag-Router( 1845): diag: glinkpkt_open: failed to create control node for slate_apps
10-03 02:11:56.018 E/Diag-Router( 1845): diag: diag_glinkpkt_open_thread: Glinkpkt_open failed for perif: 12 with err: -1, retry_cnt: 9
10-03 02:11:56.022 I/ChiX    ( 1909): [oplusAON:QSEEAON_ServiceCallback oplusSrvType:1] Receive QSEEAON Callback
10-03 02:11:56.023 I/ChiX    ( 1909): [oplusAON:ProcessAONServiceEvent] AON Event notify for hClientHandle= 0xb40000769ea69840
10-03 02:11:56.023 I/ChiX    ( 1909): [oplusAON:ClientEventCallBack] AON Event notify srvType=1, clientHandle:0xb40000769ea69840
10-03 02:11:56.023 I/ChiX    ( 1909): [oplusAON:TranslateToAonCallbackInfo  AONServiceType: 1] Translate to Service Event Info
10-03 02:11:56.023 D/ChiX    ( 1909): [oplusAON:AddFusionResult] Translate to fuison Event Info
10-03 02:11:56.023 D/ChiX    ( 1909): [oplusAON:AddFusionResult] fusion:rotation_angle = 90.000000
10-03 02:11:56.023 D/ChiX    ( 1909): [oplusAON] fusion->count:0
10-03 02:11:56.023 D/ChiX    ( 1909): fusion->itemLength:20
10-03 02:11:56.024 D/AONLog  (12042): SensorHubAonManager: [notify] clientHandle:-5476376637414664128,isStopped:false, callback:k.g@dddbe50
10-03 02:11:56.024 D/AONLog  (12042): SensorHubAonManager: aonCallBackInfo-> serviceType:1, results:[Lvendor.oplus.hardware.camera.aon.AONResult;@1f9ead0
10-03 02:11:56.024 D/AONLog  (12042): AONResultsClassify: convertToResult
10-03 02:11:56.024 D/AONLog  (12042): AONResultsClassify: have FusionResult
10-03 02:11:56.024 D/AONLog  (12042): sensorhub_engine: engineSwitchOn = true runningCmds.size()=1 stopRunningCmds.size()=0
10-03 02:11:56.025 D/AONLog  (12042): OSensorHubResultProcess: transform inParams：com.aon.service.aonsensorhublib.p@9d48ac9
10-03 02:11:56.025 D/AONLog  (12042): OSensorHubResultProcess: transform fusionResult getDataCount：0 rotateAngle = 90
10-03 02:11:56.025 I/ChiX    ( 1909): [oplusAON:ProcessAONServiceEvent] AON Event notify: Success callback:0xb40000769ea6a460 for hClientHandle= 0xb40000769ea69840
10-03 02:11:56.025 I/AONLog  (12042): i: detect->faces num = 0, gesture num = 0
10-03 02:11:56.025 I/AONLog  (12042): GAZESTATE: enter gaze detect0
10-03 02:11:56.025 I/AONLog  (12042): GAZESTATE: final gaze state:false
10-03 02:11:56.025 D/AONLog  (12042): EngineContext: clear engine Context
10-03 02:11:56.025 D/AONLog  (12042): FramePackage: clear framePackage:0
10-03 02:11:56.026 D/AONLog  (12042): EngineContext: clear human Detected List
10-03 02:11:56.026 I/AONLog  (12042): ListenerManager: type = 1  eventInfo = 65538
10-03 02:11:56.026 I/AONLog  (12042): ListenerManager: notifySpecialObserver lock. AonCmdType:393217
10-03 02:11:56.026 I/AONLog  (12042): AONAttentionService: onEventParam event:65538 callback:com.oplus.wrapper.service.attention.IAttentionService%24Stub%241%241@7534003
10-03 02:11:56.035 I/com.oplus.metis( 8433): AssetManager2(0xb4000076886ca928) locale list changing from [] to [zh-CN]
10-03 02:11:56.044 W/LOG_FLOWCTRL(16973): ==LOGS OVER PROC QUOTA(300), rows(163) bytes(15570) com.coloros.filemanager u(0) l(0) t(0) c(0) DROPPED==
10-03 02:11:56.044 D/ProfileInstaller(16973): Installing profile for com.coloros.filemanager
10-03 02:11:56.047 I/AICCTModule( 3557): SensorFilter: brightness threshold 1.2 screenNit is 55.034 ave enviroment lux is 15.696399 luxForNit 44.04625demarcationPoint200.0 result is true
10-03 02:11:56.080 D/ActivityManager( 3557): Skipping freeze for process 9778 com.heytap.accessory:service. Already frozen or not a real process
10-03 02:11:56.080 D/ActivityManager( 3557): Skipping freeze for process 7076 com.android.printspooler. Already frozen or not a real process
10-03 02:11:56.108 D/BoundBrokerSvc( 7191): onUnbind: Intent { act=com.google.android.gms.checkin.START xflg=0x4 pkg=com.google.android.gms mCallingUid=10258 }
10-03 02:11:56.117 D/SensorFeature( 2024): name=ssc_screenshot_info ,index = 22
10-03 02:11:56.117 D/SensorFeature( 2024): write 29 bytes:59581917370,60799716432,145,0
10-03 02:11:56.122 I/ChiX    ( 1909): [oplusAON:QSEEAON_ServiceCallback oplusSrvType:1] Receive QSEEAON Callback
10-03 02:11:56.123 I/ChiX    ( 1909): [oplusAON:ProcessAONServiceEvent] AON Event notify for hClientHandle= 0xb40000769ea69840
10-03 02:11:56.123 I/ChiX    ( 1909): [oplusAON:ClientEventCallBack] AON Event notify srvType=1, clientHandle:0xb40000769ea69840
10-03 02:11:56.123 I/ChiX    ( 1909): [oplusAON:TranslateToAonCallbackInfo  AONServiceType: 1] Translate to Service Event Info
10-03 02:11:56.123 D/ChiX    ( 1909): [oplusAON:AddFusionResult] Translate to fuison Event Info
10-03 02:11:56.123 D/ChiX    ( 1909): [oplusAON:AddFusionResult] fusion:rotation_angle = 90.000000
10-03 02:11:56.123 D/ChiX    ( 1909): [oplusAON] fusion->count:0
10-03 02:11:56.123 D/ChiX    ( 1909): fusion->itemLength:20
10-03 02:11:56.123 D/AONLog  (12042): SensorHubAonManager: [notify] clientHandle:-5476376637414664128,isStopped:false, callback:k.g@dddbe50
10-03 02:11:56.123 D/AONLog  (12042): SensorHubAonManager: aonCallBackInfo-> serviceType:1, results:[Lvendor.oplus.hardware.camera.aon.AONResult;@23e85ce
10-03 02:11:56.123 D/AONLog  (12042): AONResultsClassify: convertToResult
10-03 02:11:56.123 D/AONLog  (12042): AONResultsClassify: have FusionResult
10-03 02:11:56.123 D/AONLog  (12042): sensorhub_engine: engineSwitchOn = true runningCmds.size()=1 stopRunningCmds.size()=0
10-03 02:11:56.124 D/AONLog  (12042): OSensorHubResultProcess: transform inParams：com.aon.service.aonsensorhublib.p@cb7ecef
10-03 02:11:56.124 D/AONLog  (12042): OSensorHubResultProcess: transform fusionResult getDataCount：0 rotateAngle = 90
10-03 02:11:56.124 I/AONLog  (12042): i: detect->faces num = 0, gesture num = 0
10-03 02:11:56.124 I/AONLog  (12042): GAZESTATE: enter gaze detect0
10-03 02:11:56.124 I/AONLog  (12042): GAZESTATE: final gaze state:false
10-03 02:11:56.124 D/AONLog  (12042): EngineContext: clear engine Context
10-03 02:11:56.124 D/AONLog  (12042): FramePackage: clear framePackage:0
10-03 02:11:56.124 I/ChiX    ( 1909): [oplusAON:ProcessAONServiceEvent] AON Event notify: Success callback:0xb40000769ea6a460 for hClientHandle= 0xb40000769ea69840
10-03 02:11:56.124 D/AONLog  (12042): EngineContext: clear human Detected List
10-03 02:11:56.124 I/AONLog  (12042): ListenerManager: type = 1  eventInfo = 65538
10-03 02:11:56.124 I/AONLog  (12042): ListenerManager: notifySpecialObserver lock. AonCmdType:393217
10-03 02:11:56.124 I/AONLog  (12042): AONAttentionService: onEventParam event:65538 callback:com.oplus.wrapper.service.attention.IAttentionService%24Stub%241%241@7534003
10-03 02:11:56.138 I/com.oplus.metis( 8433): AssetManager2(0xb4000076886cac28) locale list changing from [] to [zh-CN]
10-03 02:11:56.140 I/sensors-hal( 1882): handle_oplus_wise_rgb_event:160, wise_rgb:(737)(cct,lux,ir)[5855.93, 47.55, 0.000000](rgbc)[1648.55, 1268.47, 656.51, 3546.47](pwm,hbm,brl,algo)[0.0 0.0 1053.0 2.0],flag 145
10-03 02:11:56.158 D/QmiClient( 2622): qmiServiceEventCallback recv msg id 1099
10-03 02:11:56.158 D/QmiClient( 2622): enter -mServiceType 4 onQmiServiceEventCallback msgId 1099
10-03 02:11:56.158 D/QmiClient( 2622): onQmiServiceEventCallback - enter. msgId=1099
10-03 02:11:56.158 D/QmiVsClientEvent( 2622): QosPeriodReportInd MSG IND data_len 2052
10-03 02:11:56.158 D/QmiVsClientEvent( 2622): qmiVsClientNotifyQosPeriodReportIndEvent - RADIO_EVENT_QOS_PERIOD_REPORT_NOTIFY_IND
10-03 02:11:56.159 D/VsProxy ( 2622): handleMessage msg is 2420
10-03 02:11:56.159 D/VsProxy ( 2622): handleQosPeriodReportInd for instance 0 data_len 182
10-03 02:11:56.164 D/SubsysRadioIndication[0]( 5280): radioQosPeriodReportInd result [8, -123, -78, -30, -26, 6, 18, 17, 8, -88, -79, -30, -26, 6, 16, 68, 32, -128, -88, 1, 40, 69, 56, -27, 2, 26, 13, 8, -100, -80, -30, -26, 6, 16, 90, 40, 89, 56, -106, 85, 34, 12, 8, -63, -85, -30, -26, 6, 16, 4, 24, 3, 32, 1, 58, 61, 8, -110, -80, -30, -26, 6, 16, 5, 24, -18, -106, 26, 32, -102, 1, 40, -92, -1, -1, -1, -1, -1, -1, -1, -1, 1, 48, -10, -1, -1, -1, -1, -1, -1, -1, -1, 1, 56, 21, 64, -92, -1, -1, -1, -1, -1, -1, -1, -1, 1, 72, -94, -1, -1, -1, -1, -1, -1, -1, -1, 1, 66, 30, 8, -120, -6, -31, -26, 6, 16, 5, 34, 20, 8, -18, -106, 26, 16, -102, 1, 24, 1, 32, 7, 40, -127, -120, -44, -48, -84, 1, 48, 1, 90, 0, 98, 10, 8, -43, -68, -32, -26, 6, 16, 3, 24, 5, 114, 0, 122, 15, 8, -55, -81, -30, -26, 6, 16, -108, 1, 24, -21, 1, 32, -120, 9]
10-03 02:11:56.164 D/NetworkService[0]( 5280): handleMessage what:1005
10-03 02:11:56.165 D/RadioAtomTracker( 5280): parseQosPeriodData ModemQos:CellularQosInfo{mSubId=2, mRat=5, mArfcn=428910, mPci=154, mBand=1, mDLBW=7, mRsrp=-92, mRsrq=-10, mSnr=21, mSvcStatus=3, mULTimeStamp=-1, mULPDCPNumDataPdu=68, mULPDCPNumDropPdu=0, mULPDCPTput=21504, mULRLCNumDataPdu=69, mULRLCNumRetxPdu=0, mULGrant=357, mULBSR=0, mULBler=0, mDLTimeStamp=-1, mDLPDCPNumDataPdu=89, mDLPDCPTput=10902, mDLRLCNumDataPdu=90, mDLRLCNumRetxPdu=0, mDLRLCNumDropPdu=0, mDLMACPaddingBytes=0, mDLPdcpNumMissToUppPdu=0, mDLBler=0, mRlfCount=0, mRachWithULGrantCount=0, mCellChangeCount=0, mIsRedirectionOccur=0, mIsDualSimConflict=0, mLatency=10, mCellId=46340047873, mNr5GScs=1, mSub1RrcState=3, mSub2RrcState=1, mRachCount=0, mRachAbortCount=0, mCalcPower=148, mMtpl=235, mPathLoss=1160, mFbrxCount=0, mCellLoad=0}
10-03 02:11:56.165 D/NetworkService[0]( 5280): EVENT_REG_QOS_PERIOD_REPORT_IND_CHANGED ENTER
10-03 02:11:56.166 D/NetworkService[0]( 5280): EVENT_REG_QOS_PERIOD_REPORT_IND_CHANGED mLinkReport true
10-03 02:11:56.167 D/UlPriorityPred( 5216): handleMessage EVENT_MODEM_UL_BWT_CHANGE: limitFlag = 0, mNextLimit = 0
10-03 02:11:56.187 I/FuseDaemon( 7067): gc_priority_optimize fd is empty
10-03 02:11:56.187 I/FuseDaemon( 7067): open sharedFd failed with Permission denied
10-03 02:11:56.187 I/FuseDaemon( 7067): gc_priority_optimize set UX fail-1
10-03 02:11:56.187 I/FuseDaemon( 7067): gc_priority_optimize fd is empty
10-03 02:11:56.187 I/FuseDaemon( 7067): open sharedFd failed with Permission denied
10-03 02:11:56.187 I/FuseDaemon( 7067): gc_priority_optimize set UX fail-1
10-03 02:11:56.198 I/FuseDaemon( 7067): gc_priority_optimize fd is empty
10-03 02:11:56.198 I/FuseDaemon( 7067): open sharedFd failed with Permission denied
10-03 02:11:56.198 I/FuseDaemon( 7067): gc_priority_optimize set UX fail-1
10-03 02:11:56.198 I/FuseDaemon( 7067): gc_priority_optimize fd is empty
10-03 02:11:56.198 I/FuseDaemon( 7067): open sharedFd failed with Permission denied
10-03 02:11:56.198 I/FuseDaemon( 7067): gc_priority_optimize set UX fail-1
10-03 02:11:56.201 I/FuseDaemon( 7067): gc_priority_optimize fd is empty
10-03 02:11:56.201 I/FuseDaemon( 7067): open sharedFd failed with Permission denied
10-03 02:11:56.201 I/FuseDaemon( 7067): gc_priority_optimize set UX fail-1
10-03 02:11:56.201 I/FuseDaemon( 7067): gc_priority_optimize fd is empty
10-03 02:11:56.201 I/FuseDaemon( 7067): open sharedFd failed with Permission denied
10-03 02:11:56.201 I/FuseDaemon( 7067): gc_priority_optimize set UX fail-1
10-03 02:11:56.204 I/FuseDaemon( 7067): gc_priority_optimize fd is empty
10-03 02:11:56.204 I/FuseDaemon( 7067): open sharedFd failed with Permission denied
10-03 02:11:56.204 I/FuseDaemon( 7067): gc_priority_optimize set UX fail-1
10-03 02:11:56.205 I/FuseDaemon( 7067): gc_priority_optimize fd is empty
10-03 02:11:56.205 I/FuseDaemon( 7067): open sharedFd failed with Permission denied
10-03 02:11:56.205 I/FuseDaemon( 7067): gc_priority_optimize set UX fail-1
10-03 02:11:56.207 I/PTC.CONN.DeviceDiscSchedulerImpl( 7413): unsubscribeDeviceChange, remove com.oplus.linker:8513:84101748, callback type:SENSELESS_DISC
10-03 02:11:56.209 I/OplusCpuLimitManager( 3557): OplusCpuHighLoad: request instant cpu load
10-03 02:11:56.223 I/ChiX    ( 1909): [oplusAON:QSEEAON_ServiceCallback oplusSrvType:1] Receive QSEEAON Callback
10-03 02:11:56.224 I/ChiX    ( 1909): [oplusAON:ProcessAONServiceEvent] AON Event notify for hClientHandle= 0xb40000769ea69840
10-03 02:11:56.224 I/ChiX    ( 1909): [oplusAON:ClientEventCallBack] AON Event notify srvType=1, clientHandle:0xb40000769ea69840
10-03 02:11:56.224 I/ChiX    ( 1909): [oplusAON:TranslateToAonCallbackInfo  AONServiceType: 1] Translate to Service Event Info
10-03 02:11:56.224 D/ChiX    ( 1909): [oplusAON:AddFusionResult] Translate to fuison Event Info
10-03 02:11:56.225 D/ChiX    ( 1909): [oplusAON:AddFusionResult] fusion:rotation_angle = 90.000000
10-03 02:11:56.226 D/ChiX    ( 1909): [oplusAON] fusion->count:0
10-03 02:11:56.227 D/ChiX    ( 1909): fusion->itemLength:20
10-03 02:11:56.227 D/AONLog  (12042): SensorHubAonManager: [notify] clientHandle:-5476376637414664128,isStopped:false, callback:k.g@dddbe50
10-03 02:11:56.227 D/AONLog  (12042): SensorHubAonManager: aonCallBackInfo-> serviceType:1, results:[Lvendor.oplus.hardware.camera.aon.AONResult;@45ae3fc
10-03 02:11:56.227 D/AONLog  (12042): AONResultsClassify: convertToResult
10-03 02:11:56.229 D/AONLog  (12042): AONResultsClassify: have FusionResult
10-03 02:11:56.229 D/AONLog  (12042): sensorhub_engine: engineSwitchOn = true runningCmds.size()=1 stopRunningCmds.size()=0
10-03 02:11:56.231 D/AONLog  (12042): OSensorHubResultProcess: transform inParams：com.aon.service.aonsensorhublib.p@d120a85
10-03 02:11:56.231 D/AONLog  (12042): OSensorHubResultProcess: transform fusionResult getDataCount：0 rotateAngle = 90
10-03 02:11:56.231 I/AONLog  (12042): i: detect->faces num = 0, gesture num = 0
10-03 02:11:56.231 I/AONLog  (12042): GAZESTATE: enter gaze detect0
10-03 02:11:56.231 I/AONLog  (12042): GAZESTATE: final gaze state:false
10-03 02:11:56.232 D/AONLog  (12042): EngineContext: clear engine Context
10-03 02:11:56.232 D/AONLog  (12042): FramePackage: clear framePackage:0
10-03 02:11:56.232 I/AONLog  (12042): ListenerManager: type = 1  eventInfo = 65538
10-03 02:11:56.233 I/AONLog  (12042): ListenerManager: notifySpecialObserver lock. AonCmdType:393217
10-03 02:11:56.233 I/AONLog  (12042): AONAttentionService: onEventParam event:65538 callback:com.oplus.wrapper.service.attention.IAttentionService%24Stub%241%241@7534003
10-03 02:11:56.234 D/AONLog  (12042): EngineContext: clear human Detected List
10-03 02:11:56.234 I/ChiX    ( 1909): [oplusAON:ProcessAONServiceEvent] AON Event notify: Success callback:0xb40000769ea6a460 for hClientHandle= 0xb40000769ea69840
10-03 02:11:56.239 D/BoundBrokerSvc( 7191): onUnbind: Intent { act=com.google.android.gms.gmscompliance.service.START dat=chimera-action:/... xflg=0x4 cmp=com.google.android.gms/.chimera.PersistentBoundBrokerService mCallingUid=10262 }
10-03 02:11:56.243 I/OplusCpuLimitManager( 3557): OplusCpuHighLoad: release instant cpu load
10-03 02:11:56.251 I/com.oplus.metis( 8433): AssetManager2(0xb4000076886caf28) locale list changing from [] to [zh-CN]
10-03 02:11:56.316 D/BatteryChargeControl( 2045): bcc get no support from charging protocol
10-03 02:11:56.330 D/osense.compress( 3557): com.nanocloud do shrink, target ratio = 10, final ratio = 20, cur ratio = 0
10-03 02:11:56.364 I/com.oplus.metis( 8433): AssetManager2(0xb4000076886cb228) locale list changing from [] to [zh-CN]
10-03 02:11:56.369 D/vendor.oplus.hardware.charger-V9-service( 2045): ret_value:131, read content:,324,353,4327,4327,1715,100,100,1,3,0,828,4632,100,1,4475,1600,1500,0,5,-22,5,0,1,0,2,0,0,0,1,6104,100,20717,5586,5612,0,0,0,0,0,0
10-03 02:11:56.369 D/vendor.oplus.hardware.charger-V9-service( 2045): gmtime: 2026-10-03-02-11-56
10-03 02:11:56.370 D/vendor.oplus.hardware.charger-V9-service( 2045): usb_online:1, ac_online:-2147483648, wireless_online:-2147483648
10-03 02:11:56.408 D/SensorFeature( 2024): name=ssc_screenshot_info ,index = 22
10-03 02:11:56.409 D/SensorFeature( 2024): write 29 bytes:59581917370,61091336849,146,0
10-03 02:11:56.411 I/sensors-hal( 1882): handle_oplus_wise_rgb_event:189, high_pwm_light:lux 47.2,cct 5752.8,brl/algo/ir 1053.0/2.0/0.0,pwm/dc 0.0/0.0,rgbc 1660.758423/1268.472656/650.376770/3540.132812,ts 61032826710,cnt 740,flag 146
10-03 02:11:56.411 D/FusionLightNextGen( 3557): process end reported = 1, mode: 0, cnt: 160, lux 16.2, cct 5300.0, r/g/b/c: 1679.1/1274.3/650.4/3597.1, R/G/B: 123.0/113.0/94.0, bri 1053.0, match 1.00, ir 0.000000, conf 2.0, ts 61057909731
10-03 02:11:56.411 I/sensors-hal( 1882): handle_oplus_wise_rgb_event:160, wise_rgb:(742)(cct,lux,ir)[5752.77, 47.23, 0.000000](rgbc)[1685.18, 1297.57, 687.19, 3597.13](pwm,hbm,brl,algo)[0.0 0.0 1053.0 2.0],flag 146
10-03 02:11:56.411 I/ChiX    ( 1909): [oplusAON:QSEEAON_ServiceCallback oplusSrvType:1] Receive QSEEAON Callback
10-03 02:11:56.411 I/ChiX    ( 1909): [oplusAON:ProcessAONServiceEvent] AON Event notify for hClientHandle= 0xb40000769ea69840
10-03 02:11:56.411 I/ChiX    ( 1909): [oplusAON:ClientEventCallBack] AON Event notify srvType=1, clientHandle:0xb40000769ea69840
10-03 02:11:56.411 I/ChiX    ( 1909): [oplusAON:TranslateToAonCallbackInfo  AONServiceType: 1] Translate to Service Event Info
10-03 02:11:56.411 D/ChiX    ( 1909): [oplusAON:AddFusionResult] Translate to fuison Event Info
10-03 02:11:56.411 D/ChiX    ( 1909): [oplusAON:AddFusionResult] fusion:rotation_angle = 90.000000
10-03 02:11:56.411 D/ChiX    ( 1909): [oplusAON] fusion->count:0
10-03 02:11:56.411 D/ChiX    ( 1909): fusion->itemLength:20
10-03 02:11:56.412 D/AONLog  (12042): SensorHubAonManager: [notify] clientHandle:-5476376637414664128,isStopped:false, callback:k.g@dddbe50
10-03 02:11:56.412 D/AONLog  (12042): SensorHubAonManager: aonCallBackInfo-> serviceType:1, results:[Lvendor.oplus.hardware.camera.aon.AONResult;@7c130da
10-03 02:11:56.412 D/AONLog  (12042): AONResultsClassify: convertToResult
10-03 02:11:56.412 D/AONLog  (12042): AONResultsClassify: have FusionResult
10-03 02:11:56.412 D/AONLog  (12042): sensorhub_engine: engineSwitchOn = true runningCmds.size()=1 stopRunningCmds.size()=0
10-03 02:11:56.412 I/ChiX    ( 1909): [oplusAON:ProcessAONServiceEvent] AON Event notify: Success callback:0xb40000769ea6a460 for hClientHandle= 0xb40000769ea69840
10-03 02:11:56.413 D/AONLog  (12042): OSensorHubResultProcess: transform inParams：com.aon.service.aonsensorhublib.p@cc0690b
10-03 02:11:56.413 D/AONLog  (12042): OSensorHubResultProcess: transform fusionResult getDataCount：0 rotateAngle = 90
10-03 02:11:56.413 I/AONLog  (12042): i: detect->faces num = 0, gesture num = 0
10-03 02:11:56.415 I/AONLog  (12042): GAZESTATE: enter gaze detect0
10-03 02:11:56.415 I/AONLog  (12042): GAZESTATE: final gaze state:false
10-03 02:11:56.415 D/AONLog  (12042): EngineContext: clear engine Context
10-03 02:11:56.416 D/AONLog  (12042): FramePackage: clear framePackage:0
10-03 02:11:56.416 D/AONLog  (12042): EngineContext: clear human Detected List
10-03 02:11:56.417 I/AONLog  (12042): ListenerManager: type = 1  eventInfo = 65538
10-03 02:11:56.418 I/AONLog  (12042): ListenerManager: notifySpecialObserver lock. AonCmdType:393217
10-03 02:11:56.418 D/BoundBrokerSvc( 7191): onUnbind: Intent { act=com.google.android.gms.findmydevice.spot.service.management.START dat=chimera-action:/... xflg=0x4 cmp=com.google.android.gms/.chimera.GmsApiService mCallingUid=10258 }
10-03 02:11:56.418 I/AONLog  (12042): AONAttentionService: onEventParam event:65538 callback:com.oplus.wrapper.service.attention.IAttentionService%24Stub%241%241@7534003
10-03 02:11:56.467 I/com.oplus.metis( 8433): AssetManager2(0xb4000076a0a99c28) locale list changing from [] to [zh-CN]
10-03 02:11:56.508 I/ChiX    ( 1909): [oplusAON:QSEEAON_ServiceCallback oplusSrvType:1] Receive QSEEAON Callback
10-03 02:11:56.509 I/ChiX    ( 1909): [oplusAON:ProcessAONServiceEvent] AON Event notify for hClientHandle= 0xb40000769ea69840
10-03 02:11:56.509 I/ChiX    ( 1909): [oplusAON:ClientEventCallBack] AON Event notify srvType=1, clientHandle:0xb40000769ea69840
10-03 02:11:56.509 I/ChiX    ( 1909): [oplusAON:TranslateToAonCallbackInfo  AONServiceType: 1] Translate to Service Event Info
10-03 02:11:56.509 D/ChiX    ( 1909): [oplusAON:AddFusionResult] Translate to fuison Event Info
10-03 02:11:56.510 D/ChiX    ( 1909): [oplusAON:AddFusionResult] fusion:rotation_angle = 90.000000
10-03 02:11:56.510 D/ChiX    ( 1909): [oplusAON] fusion->count:0
10-03 02:11:56.510 D/ChiX    ( 1909): fusion->itemLength:20
10-03 02:11:56.511 D/AONLog  (12042): SensorHubAonManager: [notify] clientHandle:-5476376637414664128,isStopped:false, callback:k.g@dddbe50
10-03 02:11:56.512 D/AONLog  (12042): SensorHubAonManager: aonCallBackInfo-> serviceType:1, results:[Lvendor.oplus.hardware.camera.aon.AONResult;@77043e8
10-03 02:11:56.512 D/AONLog  (12042): AONResultsClassify: convertToResult
10-03 02:11:56.512 D/AONLog  (12042): AONResultsClassify: have FusionResult
10-03 02:11:56.513 D/AONLog  (12042): sensorhub_engine: engineSwitchOn = true runningCmds.size()=1 stopRunningCmds.size()=0
10-03 02:11:56.513 D/AONLog  (12042): OSensorHubResultProcess: transform inParams：com.aon.service.aonsensorhublib.p@cedca01
10-03 02:11:56.514 D/AONLog  (12042): OSensorHubResultProcess: transform fusionResult getDataCount：0 rotateAngle = 90
10-03 02:11:56.514 I/AONLog  (12042): i: detect->faces num = 0, gesture num = 0
10-03 02:11:56.514 I/AONLog  (12042): GAZESTATE: enter gaze detect0
10-03 02:11:56.514 I/ChiX    ( 1909): [oplusAON:ProcessAONServiceEvent] AON Event notify: Success callback:0xb40000769ea6a460 for hClientHandle= 0xb40000769ea69840
10-03 02:11:56.514 I/AONLog  (12042): GAZESTATE: final gaze state:false
10-03 02:11:56.516 D/AONLog  (12042): EngineContext: clear engine Context
10-03 02:11:56.517 D/AONLog  (12042): FramePackage: clear framePackage:0
10-03 02:11:56.517 D/AONLog  (12042): EngineContext: clear human Detected List
10-03 02:11:56.518 I/AONLog  (12042): ListenerManager: type = 1  eventInfo = 65538
10-03 02:11:56.518 I/AONLog  (12042): ListenerManager: notifySpecialObserver lock. AonCmdType:393217
10-03 02:11:56.519 I/AONLog  (12042): AONAttentionService: onEventParam event:65538 callback:com.oplus.wrapper.service.attention.IAttentionService%24Stub%241%241@7534003
10-03 02:11:56.528 I/Finsky  (12911): [72] Initializing the instant apps module.
10-03 02:11:56.545 W/Finsky  (12911): [68] PreloadClasses: Unable to load [kotlinx.coroutines.internal.ThreadContextKt$countAll$1, kotlinx.coroutines.internal.ThreadContextKt$findOne$1, kotlinx.coroutines.internal.ThreadContextKt$updateState$1, androidx.compose.runtime.snapshots.SnapshotKt$emptyLambda$1, androidx.compose.runtime.Recomposer$broadcastFrameClock$1, androidx.compose.runtime.Recomposer$recompositionRunner$2$unregisterApplyObserver$1, androidx.compose.ui.platform.AndroidComposeView$keyInputModifier$1, androidx.compose.runtime.SlotTable, androidx.compose.runtime.ComposerImpl, androidx.compose.runtime.SlotReader, androidx.compose.runtime.SlotWriter, androidx.compose.runtime.SlotTableKt, androidx.compose.runtime.ComposableSingletons$CompositionKt$lambda-1$1, androidx.compose.runtime.ComposableSingletons$CompositionKt$lambda-2$1, androidx.compose.ui.platform.ComposableSingletons$Wrapper_androidKt$lambda-1$1, androidx.compose.ui.platform.WrappedComposition$setContent$1$1, androidx.compose.runtime.Recomposer$readObserverOf$1, androidx.compose.runtime.Recomposer$writeObserverOf$1, androidx.compose.runtime.KeyInfo, androidx.compose.runtime.GroupInfo, androidx.compose.ui.platform.AndroidCompositionLocals_androidKt$LocalSavedStateRegistryOwner$1, androidx.compose.ui.platform.AndroidCompositionLocals_androidKt$ProvideAndroidCompositionLocals$1$1, androidx.compose.runtime.saveable.SaveableStateRegistryKt$LocalSaveableStateRegistry$1, androidx.compose.material3.TypographyKt$LocalTypography$1, androidx.compose.material.ColorsKt$LocalColors$1, androidx.compose.material.ShapesKt$LocalShapes$1, androidx.compose.material.ContentAlphaKt$LocalContentAlpha$1, androidx.compose.foundation.IndicationKt$LocalIndication$1, androidx.compose.material.ripple.RippleThemeKt$LocalRippleTheme$1, androidx.compose.foundation.text.selection.TextSelectionColorsKt$LocalTextSelectionColors$1, androidx.compose.material.MaterialThemeKt$MaterialTheme$1, androidx.compose.material.TextKt$LocalTextStyle$1, androidx.compose.animation.core.InfiniteTransition$run$2, androidx.compose.animation.core.VectorConvertersKt$FloatToVector$1, androidx.compose.animation.core.VectorConvertersKt$FloatToVector$2, androidx.compose.animation.core.VectorConvertersKt$IntToVector$2, androidx.compose.animation.core.VectorConvertersKt$DpToVector$1, androidx.compose.animation.core.VectorConvertersKt$DpToVector$2, androidx.compose.material.ProgressIndicatorKt$CircularProgressIndicator$endAngle$2, androidx.compose.material.ProgressIndicatorKt$CircularProgressIndicator$startAngle$2, androidx.compose.foundation.ProgressSemanticsKt$progressSemantics$2, androidx.compose.material.MaterialThemeKt$MaterialTheme$2, androidx.compose.ui.platform.AndroidCompositionLocals_androidKt$ProvideAndroidCompositionLocals$4, androidx.compose.runtime.RememberManager, androidx.compose.foundation.IndicationKt$indication$2, androidx.compose.foundation.text.selection.SelectionRegistrarKt$LocalSelectionRegistrar$1, androidx.compose.runtime.saveable.SaverKt$AutoSaver$1, androidx.compose.runtime.saveable.SaverKt$AutoSaver$2, androidx.compose.runtime.snapshots.SnapshotStateList$StateListStateRecord, androidx.compose.material.ButtonKt$Button$2, androidx.compose.material.ElevationOverlayKt$LocalElevationOverlay$1, androidx.compose.material.ElevationOverlayKt$LocalAbsoluteElevation$1, androidx.compose.material.SurfaceKt$Surface$1, androidx.compose.material.TextKt$Text$4, androidx.compose.material.TextKt$ProvideTextStyle$1, androidx.compose.material.SurfaceKt$Surface$2, androidx.compose.material.ButtonKt$Button$3, androidx.compose.foundation.gestures.ScrollableStateKt$rememberScrollableState$1$1, androidx.compose.material.TextKt$Text$3, androidx.compose.material3.TextKt$Text$3, androidx.compose.foundation.layout.BoxWithConstraintsKt$BoxWithConstraints$1$1, androidx.compose.runtime.ComposerImpl$CompositionContextHolder, androidx.compose.runtime.ComposerImpl$CompositionContextImpl, androidx.compose.runtime.Updater$init$1, androidx.compose.runtime.internal.ComposableLambdaImpl$invoke$2, androidx.compose.ui.text.MultiP
10-03 02:11:56.574 I/com.oplus.metis( 8433): AssetManager2(0xb4000076886cbb28) locale list changing from [] to [zh-CN]
10-03 02:11:56.580 I/FuseDaemon( 7067): gc_priority_optimize fd is empty
10-03 02:11:56.580 I/FuseDaemon( 7067): open sharedFd failed with Permission denied
10-03 02:11:56.580 I/FuseDaemon( 7067): gc_priority_optimize set UX fail-1
10-03 02:11:56.580 I/FuseDaemon( 7067): gc_priority_optimize fd is empty
10-03 02:11:56.580 I/FuseDaemon( 7067): open sharedFd failed with Permission denied
10-03 02:11:56.581 I/FuseDaemon( 7067): gc_priority_optimize set UX fail-1
10-03 02:11:56.591 I/FuseDaemon( 7067): gc_priority_optimize fd is empty
10-03 02:11:56.591 I/FuseDaemon( 7067): open sharedFd failed with Permission denied
10-03 02:11:56.591 I/FuseDaemon( 7067): gc_priority_optimize set UX fail-1
10-03 02:11:56.592 I/FuseDaemon( 7067): gc_priority_optimize fd is empty
10-03 02:11:56.592 I/FuseDaemon( 7067): open sharedFd failed with Permission denied
10-03 02:11:56.592 I/FuseDaemon( 7067): gc_priority_optimize set UX fail-1
10-03 02:11:56.595 I/FuseDaemon( 7067): gc_priority_optimize fd is empty
10-03 02:11:56.595 I/FuseDaemon( 7067): open sharedFd failed with Permission denied
10-03 02:11:56.595 I/FuseDaemon( 7067): gc_priority_optimize set UX fail-1
10-03 02:11:56.595 I/FuseDaemon( 7067): gc_priority_optimize fd is empty
10-03 02:11:56.595 I/FuseDaemon( 7067): open sharedFd failed with Permission denied
10-03 02:11:56.595 I/FuseDaemon( 7067): gc_priority_optimize set UX fail-1
10-03 02:11:56.597 I/FuseDaemon( 7067): gc_priority_optimize fd is empty
10-03 02:11:56.597 I/FuseDaemon( 7067): open sharedFd failed with Permission denied
10-03 02:11:56.597 I/FuseDaemon( 7067): gc_priority_optimize set UX fail-1
10-03 02:11:56.598 I/FuseDaemon( 7067): gc_priority_optimize fd is empty
10-03 02:11:56.598 I/FuseDaemon( 7067): open sharedFd failed with Permission denied
10-03 02:11:56.598 I/FuseDaemon( 7067): gc_priority_optimize set UX fail-1
10-03 02:11:56.610 I/ChiX    ( 1909): [oplusAON:QSEEAON_ServiceCallback oplusSrvType:1] Receive QSEEAON Callback
10-03 02:11:56.611 I/ChiX    ( 1909): [oplusAON:ProcessAONServiceEvent] AON Event notify for hClientHandle= 0xb40000769ea69840
10-03 02:11:56.611 I/ChiX    ( 1909): [oplusAON:ClientEventCallBack] AON Event notify srvType=1, clientHandle:0xb40000769ea69840
10-03 02:11:56.611 I/ChiX    ( 1909): [oplusAON:TranslateToAonCallbackInfo  AONServiceType: 1] Translate to Service Event Info
10-03 02:11:56.612 D/ChiX    ( 1909): [oplusAON:AddFusionResult] Translate to fuison Event Info
10-03 02:11:56.612 D/ChiX    ( 1909): [oplusAON:AddFusionResult] fusion:rotation_angle = 90.000000
10-03 02:11:56.612 D/ChiX    ( 1909): [oplusAON] fusion->count:0
10-03 02:11:56.612 D/ChiX    ( 1909): fusion->itemLength:20
10-03 02:11:56.612 D/AONLog  (12042): SensorHubAonManager: [notify] clientHandle:-5476376637414664128,isStopped:false, callback:k.g@dddbe50
10-03 02:11:56.612 D/AONLog  (12042): SensorHubAonManager: aonCallBackInfo-> serviceType:1, results:[Lvendor.oplus.hardware.camera.aon.AONResult;@29180a6
10-03 02:11:56.612 D/AONLog  (12042): AONResultsClassify: convertToResult
10-03 02:11:56.613 D/AONLog  (12042): AONResultsClassify: have FusionResult
10-03 02:11:56.613 D/AONLog  (12042): sensorhub_engine: engineSwitchOn = true runningCmds.size()=1 stopRunningCmds.size()=0
10-03 02:11:56.613 D/AONLog  (12042): OSensorHubResultProcess: transform inParams：com.aon.service.aonsensorhublib.p@38a8ae7
10-03 02:11:56.613 D/AONLog  (12042): OSensorHubResultProcess: transform fusionResult getDataCount：0 rotateAngle = 90
10-03 02:11:56.613 I/AONLog  (12042): i: detect->faces num = 0, gesture num = 0
10-03 02:11:56.613 I/AONLog  (12042): GAZESTATE: enter gaze detect0
10-03 02:11:56.613 I/AONLog  (12042): GAZESTATE: final gaze state:false
10-03 02:11:56.613 D/AONLog  (12042): EngineContext: clear engine Context
10-03 02:11:56.613 D/AONLog  (12042): FramePackage: clear framePackage:0
10-03 02:11:56.613 D/AONLog  (12042): EngineContext: clear human Detected List
10-03 02:11:56.614 I/AONLog  (12042): ListenerManager: type = 1  eventInfo = 65538
10-03 02:11:56.614 I/AONLog  (12042): ListenerManager: notifySpecialObserver lock. AonCmdType:393217
10-03 02:11:56.614 I/AONLog  (12042): AONAttentionService: onEventParam event:65538 callback:com.oplus.wrapper.service.attention.IAttentionService%24Stub%241%241@7534003
10-03 02:11:56.615 I/ChiX    ( 1909): [oplusAON:ProcessAONServiceEvent] AON Event notify: Success callback:0xb40000769ea6a460 for hClientHandle= 0xb40000769ea69840
10-03 02:11:56.645 I/sensors-hal( 1882): handle_sns_std_sensor_event:104, oplus rgb_rear sample: (cct, lux, ir, x, y)[5200, 0, 0, 0, 0]
10-03 02:11:56.645 I/sensors-hal( 1882): handle_sns_std_sensor_event:106, oplus rgb_rear sample: (r, g, b, c w)[0, 0, 0, 0, 0]
10-03 02:11:56.672 I/sensors-hal( 1882): handle_oplus_wise_rgb_event:160, wise_rgb:(747)(cct,lux,ir)[5658.45, 47.69, 0.408184](rgbc)[1660.76, 1268.47, 644.24, 3540.13](pwm,hbm,brl,algo)[0.0 0.0 1053.0 2.0],flag 146
10-03 02:11:56.679 I/com.oplus.metis( 8433): AssetManager2(0xb4000076886cbe28) locale list changing from [] to [zh-CN]
10-03 02:11:56.700 D/SensorFeature( 2024): name=ssc_screenshot_info ,index = 22
10-03 02:11:56.700 D/SensorFeature( 2024): write 29 bytes:59581917370,61382458307,147,0
10-03 02:11:56.704 D/QmiClient( 2622): qmiServiceEventCallback recv msg id 47
10-03 02:11:56.704 D/QmiClient( 2622): enter -mServiceType 10 onQmiServiceEventCallback msgId 47
10-03 02:11:56.704 D/QmiClient( 2622): onQmiServiceEventCallback - enter. msgId=47
10-03 02:11:56.705 D/OttProxy( 2622): handleMessage msg is 3001
10-03 02:11:56.706 D/SubsysRadioIndication[0]( 5280): radioLinkLatencyInfoInd
10-03 02:11:56.706 D/SubsysRadioIndication[0]( 5280): notify enter
10-03 02:11:56.707 D/NetworkService[0]( 5280): handleMessage what:1008
10-03 02:11:56.707 D/NetworkService[0]( 5280): EVENT_REG_LINK_LATENCY_INFO_CHANGE ulLatency:10832
10-03 02:11:56.708 I/ChiX    ( 1909): [oplusAON:QSEEAON_ServiceCallback oplusSrvType:1] Receive QSEEAON Callback
10-03 02:11:56.708 I/ChiX    ( 1909): [oplusAON:ProcessAONServiceEvent] AON Event notify for hClientHandle= 0xb40000769ea69840
10-03 02:11:56.708 I/ChiX    ( 1909): [oplusAON:ClientEventCallBack] AON Event notify srvType=1, clientHandle:0xb40000769ea69840
10-03 02:11:56.709 I/ChiX    ( 1909): [oplusAON:TranslateToAonCallbackInfo  AONServiceType: 1] Translate to Service Event Info
10-03 02:11:56.709 D/ChiX    ( 1909): [oplusAON:AddFusionResult] Translate to fuison Event Info
10-03 02:11:56.709 D/ChiX    ( 1909): [oplusAON:AddFusionResult] fusion:rotation_angle = 90.000000
10-03 02:11:56.709 D/ChiX    ( 1909): [oplusAON] fusion->count:0
10-03 02:11:56.709 D/ChiX    ( 1909): fusion->itemLength:20
10-03 02:11:56.710 D/AONLog  (12042): SensorHubAonManager: [notify] clientHandle:-5476376637414664128,isStopped:false, callback:k.g@dddbe50
10-03 02:11:56.710 D/AONLog  (12042): SensorHubAonManager: aonCallBackInfo-> serviceType:1, results:[Lvendor.oplus.hardware.camera.aon.AONResult;@df9b694
10-03 02:11:56.710 D/AONLog  (12042): AONResultsClassify: convertToResult
10-03 02:11:56.711 D/AONLog  (12042): AONResultsClassify: have FusionResult
10-03 02:11:56.711 D/AONLog  (12042): sensorhub_engine: engineSwitchOn = true runningCmds.size()=1 stopRunningCmds.size()=0
10-03 02:11:56.711 I/ChiX    ( 1909): [oplusAON:ProcessAONServiceEvent] AON Event notify: Success callback:0xb40000769ea6a460 for hClientHandle= 0xb40000769ea69840
10-03 02:11:56.712 D/AONLog  (12042): OSensorHubResultProcess: transform inParams：com.aon.service.aonsensorhublib.p@36c053d
10-03 02:11:56.712 D/AONLog  (12042): OSensorHubResultProcess: transform fusionResult getDataCount：0 rotateAngle = 90
10-03 02:11:56.713 I/AONLog  (12042): i: detect->faces num = 0, gesture num = 0
10-03 02:11:56.714 I/AONLog  (12042): GAZESTATE: enter gaze detect0
10-03 02:11:56.714 I/AONLog  (12042): GAZESTATE: final gaze state:false
10-03 02:11:56.714 D/AONLog  (12042): EngineContext: clear engine Context
10-03 02:11:56.714 D/AONLog  (12042): FramePackage: clear framePackage:0
10-03 02:11:56.714 D/AONLog  (12042): EngineContext: clear human Detected List
10-03 02:11:56.714 I/AONLog  (12042): ListenerManager: type = 1  eventInfo = 65538
10-03 02:11:56.714 I/AONLog  (12042): ListenerManager: notifySpecialObserver lock. AonCmdType:393217
10-03 02:11:56.714 I/AONLog  (12042): AONAttentionService: onEventParam event:65538 callback:com.oplus.wrapper.service.attention.IAttentionService%24Stub%241%241@7534003
10-03 02:11:56.718 W/TcmReceiver( 3557): type=1400 audit(0.0:128): avc:  denied  { connectto } for  path="/dev/socket/tcmd" scontext=u:r:system_server:s0 tcontext=u:r:vendor_tcmd:s0 tclass=unix_stream_socket permissive=0
10-03 02:11:56.728 E/JobScheduler.Background( 3557): Couldn't determine stopped state for unknown package: com.tencent.wework
10-03 02:11:56.728 E/JobScheduler.Background( 3557): Couldn't determine stopped state for unknown package: com.tencent.wework
10-03 02:11:56.728 E/JobScheduler.Background( 3557): Couldn't determine stopped state for unknown package: com.tencent.wework
10-03 02:11:56.730 D/InetDiagMessage( 3557): Destroyed 0 sockets, proto=IPPROTO_TCP, family=AF_INET, states=14
10-03 02:11:56.730 D/InetDiagMessage( 3557): Destroyed 0 sockets, proto=IPPROTO_TCP, family=AF_INET6, states=14
10-03 02:11:56.730 D/InetDiagMessage( 3557): Destroyed live tcp sockets for uids={10416} in 1ms
10-03 02:11:56.731 D/InetDiagMessage( 3557): Destroyed 0 sockets, proto=IPPROTO_TCP, family=AF_INET, states=14
10-03 02:11:56.732 D/InetDiagMessage( 3557): Destroyed 0 sockets, proto=IPPROTO_TCP, family=AF_INET6, states=14
10-03 02:11:56.732 D/InetDiagMessage( 3557): Destroyed live tcp sockets for uids={20416} in 2ms
10-03 02:11:56.746 I/AICCTModule( 3557): SensorFilter: brightness threshold 1.2 screenNit is 55.034 ave enviroment lux is 16.233421 luxForNit 44.707565demarcationPoint200.0 result is true
10-03 02:11:56.769 I/Finsky  (12911): [2] setup::RES: shouldRecoverRestoredPackages: versionCodeSystem 82275402
10-03 02:11:56.777 I/Finsky  (12911): [2] Detected restoreservicev2://recovery not needed, will not run
10-03 02:11:56.780 D/ExtremeCommService( 5280): handleMessage what:1011
10-03 02:11:56.810 W/OPLUS_LOG_LOAD( 1909): ==LOGS PROG INFO, prog(vendor.qti.camera.provider-service_64) ==
10-03 02:11:56.810 I/ChiX    ( 1909): [oplusAON:QSEEAON_ServiceCallback oplusSrvType:1] Receive QSEEAON Callback
10-03 02:11:56.810 I/ChiX    ( 1909): [oplusAON:ProcessAONServiceEvent] AON Event notify for hClientHandle= 0xb40000769ea69840
10-03 02:11:56.810 I/ChiX    ( 1909): [oplusAON:ClientEventCallBack] AON Event notify srvType=1, clientHandle:0xb40000769ea69840
10-03 02:11:56.810 I/ChiX    ( 1909): [oplusAON:TranslateToAonCallbackInfo  AONServiceType: 1] Translate to Service Event Info
10-03 02:11:56.810 D/ChiX    ( 1909): [oplusAON:AddFusionResult] Translate to fuison Event Info
10-03 02:11:56.810 D/ChiX    ( 1909): [oplusAON:AddFusionResult] fusion:rotation_angle = 90.000000
10-03 02:11:56.810 D/ChiX    ( 1909): [oplusAON] fusion->count:0
10-03 02:11:56.810 D/ChiX    ( 1909): fusion->itemLength:20
10-03 02:11:56.811 D/AONLog  (12042): SensorHubAonManager: [notify] clientHandle:-5476376637414664128,isStopped:false, callback:k.g@dddbe50
10-03 02:11:56.811 D/AONLog  (12042): SensorHubAonManager: aonCallBackInfo-> serviceType:1, results:[Lvendor.oplus.hardware.camera.aon.AONResult;@8c50132
10-03 02:11:56.811 D/AONLog  (12042): AONResultsClassify: convertToResult
10-03 02:11:56.811 D/AONLog  (12042): AONResultsClassify: have FusionResult
10-03 02:11:56.811 D/AONLog  (12042): sensorhub_engine: engineSwitchOn = true runningCmds.size()=1 stopRunningCmds.size()=0
10-03 02:11:56.811 D/AONLog  (12042): OSensorHubResultProcess: transform inParams：com.aon.service.aonsensorhublib.p@eaee83
10-03 02:11:56.811 I/ChiX    ( 1909): [oplusAON:ProcessAONServiceEvent] AON Event notify: Success callback:0xb40000769ea6a460 for hClientHandle= 0xb40000769ea69840
10-03 02:11:56.811 D/AONLog  (12042): OSensorHubResultProcess: transform fusionResult getDataCount：0 rotateAngle = 90
10-03 02:11:56.811 I/AONLog  (12042): i: detect->faces num = 0, gesture num = 0
10-03 02:11:56.812 I/AONLog  (12042): GAZESTATE: enter gaze detect0
10-03 02:11:56.812 I/AONLog  (12042): GAZESTATE: final gaze state:false
10-03 02:11:56.812 D/AONLog  (12042): EngineContext: clear engine Context
10-03 02:11:56.812 D/AONLog  (12042): FramePackage: clear framePackage:0
10-03 02:11:56.812 D/AONLog  (12042): EngineContext: clear human Detected List
10-03 02:11:56.812 I/AONLog  (12042): ListenerManager: type = 1  eventInfo = 65538
10-03 02:11:56.813 I/AONLog  (12042): ListenerManager: notifySpecialObserver lock. AonCmdType:393217
10-03 02:11:56.813 I/AONLog  (12042): AONAttentionService: onEventParam event:65538 callback:com.oplus.wrapper.service.attention.IAttentionService%24Stub%241%241@7534003
10-03 02:11:56.833 I/Finsky  (12911): [125] registerListener
10-03 02:11:56.834 I/Finsky  (12911): [125] DSC: reviveDownloads()
10-03 02:11:56.835 I/Finsky  (12911): [125] Initialized AssetModuleDownloader.
10-03 02:11:56.840 I/Finsky:background(16657): [75] DS: reviveDownloads()
10-03 02:11:56.851 D/NotificationService--OplusNotificationManagerServiceExtImpl( 3557): notifyDelayRemovedLocked,reason:20 isGroup:false
10-03 02:11:56.851 D/NotificationService--OplusNotificationManagerServiceExtImpl( 3557): notifyDelayRemovedLocked,reason:20 isGroup:false
10-03 02:11:56.851 D/NotificationService--OplusNotificationManagerServiceExtImpl( 3557): notifyDelayRemovedLocked sbnList isEmpty
10-03 02:11:56.851 D/NotificationService--OplusNotificationManagerServiceExtImpl( 3557): notifyDelayRemovedLocked sbnList isEmpty
10-03 02:11:56.851 D/NotificationService--OplusNotificationManagerServiceExtImpl( 3557): notifyDelayRemovedLocked,reason:20 isGroup:false
10-03 02:11:56.851 D/NotificationService--OplusNotificationManagerServiceExtImpl( 3557): notifyDelayRemovedLocked,reason:20 isGroup:false
10-03 02:11:56.851 D/NotificationService--OplusNotificationManagerServiceExtImpl( 3557): notifyDelayRemovedLocked sbnList isEmpty
10-03 02:11:56.851 D/NotificationService--OplusNotificationManagerServiceExtImpl( 3557): notifyDelayRemovedLocked sbnList isEmpty
10-03 02:11:56.852 D/NotificationService--OplusNotificationManagerServiceExtImpl( 3557): notifyDelayRemovedLocked,reason:20 isGroup:false
10-03 02:11:56.852 D/NotificationService--OplusNotificationManagerServiceExtImpl( 3557): notifyDelayRemovedLocked,reason:20 isGroup:false
10-03 02:11:56.852 D/NotificationService--OplusNotificationManagerServiceExtImpl( 3557): notifyDelayRemovedLocked sbnList isEmpty
10-03 02:11:56.852 D/NotificationService--OplusNotificationManagerServiceExtImpl( 3557): notifyDelayRemovedLocked sbnList isEmpty
10-03 02:11:56.852 D/NotificationService--OplusNotificationManagerServiceExtImpl( 3557): notifyDelayRemovedLocked,reason:20 isGroup:false
10-03 02:11:56.852 D/NotificationService--OplusNotificationManagerServiceExtImpl( 3557): notifyDelayRemovedLocked,reason:20 isGroup:false
10-03 02:11:56.852 D/NotificationService--OplusNotificationManagerServiceExtImpl( 3557): notifyDelayRemovedLocked sbnList isEmpty
10-03 02:11:56.853 D/NotificationService--OplusNotificationManagerServiceExtImpl( 3557): notifyDelayRemovedLocked sbnList isEmpty
10-03 02:11:56.855 D/NotificationService--OplusNotificationManagerServiceExtImpl( 3557): notifyDelayRemovedLocked,reason:20 isGroup:false
10-03 02:11:56.855 D/NotificationService--OplusNotificationManagerServiceExtImpl( 3557): notifyDelayRemovedLocked,reason:20 isGroup:false
10-03 02:11:56.855 D/NotificationService--OplusNotificationManagerServiceExtImpl( 3557): notifyDelayRemovedLocked sbnList isEmpty
10-03 02:11:56.855 D/NotificationService--OplusNotificationManagerServiceExtImpl( 3557): notifyDelayRemovedLocked sbnList isEmpty
10-03 02:11:56.857 D/ConnectivityService( 3557): requestNetwork for uid/pid:10262/16657 activeRequest: null callbackRequest: 352 [NetworkRequest [ REQUEST id=353, [ Capabilities: INTERNET&NOT_RESTRICTED&TRUSTED&NOT_VCN_MANAGED&NOT_BANDWIDTH_CONSTRAINED Uid: 10262 RequestorUid: 10262 RequestorPkg: com.android.vending UnderlyingNetworks: Null] ]] callback flags: 0 order: 2147483647 isUidTracked: false declaredMethods: AVAIL|LOST
10-03 02:11:56.860 I/Finsky:background(16657): [73] DS: Network is available [NetworkState{connected=true, wifi=false, metered=true, roaming=false}].
10-03 02:11:56.860 I/Finsky:background(16657): [73] DS: Updating downloads for network change
10-03 02:11:56.861 D/WifiNetworkFactory( 3557): got request NetworkRequest [ REQUEST id=353, [ Capabilities: INTERNET&NOT_RESTRICTED&TRUSTED&NOT_VCN_MANAGED&NOT_BANDWIDTH_CONSTRAINED Uid: 10262 RequestorUid: 10262 RequestorPkg: com.android.vending UnderlyingNetworks: Null] ]
10-03 02:11:56.862 D/UntrustedWifiNetworkFactory( 3557): got request NetworkRequest [ REQUEST id=353, [ Capabilities: INTERNET&NOT_RESTRICTED&TRUSTED&NOT_VCN_MANAGED&NOT_BANDWIDTH_CONSTRAINED Uid: 10262 RequestorUid: 10262 RequestorPkg: com.android.vending UnderlyingNetworks: Null] ]
10-03 02:11:56.862 D/OemPaidWifiNetworkFactory( 3557): got request NetworkRequest [ REQUEST id=353, [ Capabilities: INTERNET&NOT_RESTRICTED&TRUSTED&NOT_VCN_MANAGED&NOT_BANDWIDTH_CONSTRAINED Uid: 10262 RequestorUid: 10262 RequestorPkg: com.android.vending UnderlyingNetworks: Null] ]
10-03 02:11:56.863 D/MultiInternetWifiNetworkFactory( 3557): got request NetworkRequest [ REQUEST id=353, [ Capabilities: INTERNET&NOT_RESTRICTED&TRUSTED&NOT_VCN_MANAGED&NOT_BANDWIDTH_CONSTRAINED Uid: 10262 RequestorUid: 10262 RequestorPkg: com.android.vending UnderlyingNetworks: Null] ]
10-03 02:11:56.863 D/ConnectivityService( 3557): NetReassign [353 : null → 104] [c 1] [a 1] [i 4]
10-03 02:11:56.872 I/SmartDataSwitchStateManager( 5216): handle message:1
10-03 02:11:56.872 I/SmartDataSwitchSM( 5216): reset to telephony default with reason:WifiConnectStateChanged
10-03 02:11:56.872 I/SmartDataSwitchSM( 5216): reset to telephony default with invalid id -1
10-03 02:11:56.874 D/OplusGame( 5216): onSmartPreferDdsChange
10-03 02:11:56.883 D/IMApp-100-10395( 5280): transport layer data is invalid
10-03 02:11:56.888 D/IMApp-104-10395( 5280): commonScoreStrategy scenarios 3 mTLD.uplink_packets + mTLD.downlink_packets > 10 avgRtt57
10-03 02:11:56.888 D/IMApp-104-10395( 5280): notifyScoreChange appScene COMMON score 100
10-03 02:11:56.889 D/ScorePolicy( 5280): handleScoreChanged: []
10-03 02:11:56.890 D/ScorePolicy( 5280): handleScoreChanged: []
10-03 02:11:56.890 D/ScorePolicy( 5280): handleScoreChanged: []
10-03 02:11:56.891 I/com.oplus.metis( 8433): AssetManager2(0xb4000076886cc128) locale list changing from [] to [zh-CN]
10-03 02:11:56.908 I/ChiX    ( 1909): [oplusAON:QSEEAON_ServiceCallback oplusSrvType:1] Receive QSEEAON Callback
10-03 02:11:56.909 I/ChiX    ( 1909): [oplusAON:ProcessAONServiceEvent] AON Event notify for hClientHandle= 0xb40000769ea69840
10-03 02:11:56.909 I/ChiX    ( 1909): [oplusAON:ClientEventCallBack] AON Event notify srvType=1, clientHandle:0xb40000769ea69840
10-03 02:11:56.910 I/ChiX    ( 1909): [oplusAON:TranslateToAonCallbackInfo  AONServiceType: 1] Translate to Service Event Info
10-03 02:11:56.910 D/ChiX    ( 1909): [oplusAON:AddFusionResult] Translate to fuison Event Info
10-03 02:11:56.910 D/ChiX    ( 1909): [oplusAON:AddFusionResult] fusion:rotation_angle = 90.000000
10-03 02:11:56.910 D/ChiX    ( 1909): [oplusAON] fusion->count:0
10-03 02:11:56.911 D/ChiX    ( 1909): fusion->itemLength:20
10-03 02:11:56.911 D/AONLog  (12042): SensorHubAonManager: [notify] clientHandle:-5476376637414664128,isStopped:false, callback:k.g@dddbe50
10-03 02:11:56.912 D/AONLog  (12042): SensorHubAonManager: aonCallBackInfo-> serviceType:1, results:[Lvendor.oplus.hardware.camera.aon.AONResult;@505a800
10-03 02:11:56.912 D/AONLog  (12042): AONResultsClassify: convertToResult
10-03 02:11:56.913 D/AONLog  (12042): AONResultsClassify: have FusionResult
10-03 02:11:56.913 D/AONLog  (12042): sensorhub_engine: engineSwitchOn = true runningCmds.size()=1 stopRunningCmds.size()=0
10-03 02:11:56.914 D/AONLog  (12042): OSensorHubResultProcess: transform inParams：com.aon.service.aonsensorhublib.p@c98b839
10-03 02:11:56.914 I/ChiX    ( 1909): [oplusAON:ProcessAONServiceEvent] AON Event notify: Success callback:0xb40000769ea6a460 for hClientHandle= 0xb40000769ea69840
10-03 02:11:56.915 D/AONLog  (12042): OSensorHubResultProcess: transform fusionResult getDataCount：0 rotateAngle = 90
10-03 02:11:56.915 I/AONLog  (12042): i: detect->faces num = 0, gesture num = 0
10-03 02:11:56.915 I/AONLog  (12042): GAZESTATE: enter gaze detect0
10-03 02:11:56.916 I/AONLog  (12042): GAZESTATE: final gaze state:false
10-03 02:11:56.916 D/AONLog  (12042): EngineContext: clear engine Context
10-03 02:11:56.917 D/AONLog  (12042): FramePackage: clear framePackage:0
10-03 02:11:56.917 I/AONLog  (12042): ListenerManager: type = 1  eventInfo = 65538
10-03 02:11:56.918 D/AONLog  (12042): EngineContext: clear human Detected List
10-03 02:11:56.918 I/AONLog  (12042): ListenerManager: notifySpecialObserver lock. AonCmdType:393217
10-03 02:11:56.918 I/AONLog  (12042): AONAttentionService: onEventParam event:65538 callback:com.oplus.wrapper.service.attention.IAttentionService%24Stub%241%241@7534003
10-03 02:11:56.938 I/sensors-hal( 1882): handle_oplus_wise_rgb_event:160, wise_rgb:(752)(cct,lux,ir)[5968.29, 47.36, 0.000000](rgbc)[1672.97, 1285.93, 656.51, 3559.13](pwm,hbm,brl,algo)[0.0 0.0 1053.0 2.0],flag 147
10-03 02:11:56.938 I/sensors-hal( 1882): handle_oplus_wise_rgb_event:189, high_pwm_light:lux 47.4,cct 5968.3,brl/algo/ir 1053.0/2.0/0.0,pwm/dc 0.0/0.0,rgbc 1654.652588/1274.291382/656.512390/3527.466797,ts 61364637283,cnt 750,flag 147
10-03 02:11:56.947 D/BoundBrokerSvc( 7191): onUnbind: Intent { act=com.google.android.gms.nearby.presence.service.START dat=chimera-action:/... xflg=0x4 cmp=com.google.android.gms/.chimera.PersistentApiServiceNoInstantApps mCallingUid=10258 }
10-03 02:11:56.991 D/SensorFeature( 2024): name=ssc_screenshot_info ,index = 22
10-03 02:11:56.992 D/SensorFeature( 2024): write 29 bytes:59581917370,61674403151,148,0
10-03 02:11:56.996 I/FuseDaemon( 7067): gc_priority_optimize fd is empty
10-03 02:11:56.996 I/FuseDaemon( 7067): open sharedFd failed with Permission denied
10-03 02:11:56.996 I/FuseDaemon( 7067): gc_priority_optimize set UX fail-1
10-03 02:11:56.996 I/FuseDaemon( 7067): gc_priority_optimize fd is empty
10-03 02:11:56.996 I/FuseDaemon( 7067): open sharedFd failed with Permission denied
10-03 02:11:56.996 I/FuseDaemon( 7067): gc_priority_optimize set UX fail-1
10-03 02:11:57.003 I/com.oplus.metis( 8433): AssetManager2(0xb4000076886cc428) locale list changing from [] to [zh-CN]
10-03 02:11:57.007 I/FuseDaemon( 7067): gc_priority_optimize fd is empty
10-03 02:11:57.008 I/FuseDaemon( 7067): open sharedFd failed with Permission denied
10-03 02:11:57.008 I/FuseDaemon( 7067): gc_priority_optimize set UX fail-1
10-03 02:11:57.008 I/FuseDaemon( 7067): gc_priority_optimize fd is empty
10-03 02:11:57.008 I/FuseDaemon( 7067): open sharedFd failed with Permission denied
10-03 02:11:57.008 I/FuseDaemon( 7067): gc_priority_optimize set UX fail-1
10-03 02:11:57.009 I/ChiX    ( 1909): [oplusAON:QSEEAON_ServiceCallback oplusSrvType:1] Receive QSEEAON Callback
10-03 02:11:57.010 I/ChiX    ( 1909): [oplusAON:ProcessAONServiceEvent] AON Event notify for hClientHandle= 0xb40000769ea69840
10-03 02:11:57.010 I/ChiX    ( 1909): [oplusAON:ClientEventCallBack] AON Event notify srvType=1, clientHandle:0xb40000769ea69840
10-03 02:11:57.010 I/ChiX    ( 1909): [oplusAON:TranslateToAonCallbackInfo  AONServiceType: 1] Translate to Service Event Info
10-03 02:11:57.010 D/ChiX    ( 1909): [oplusAON:AddFusionResult] Translate to fuison Event Info
10-03 02:11:57.010 D/ChiX    ( 1909): [oplusAON:AddFusionResult] fusion:rotation_angle = 90.000000
10-03 02:11:57.010 D/ChiX    ( 1909): [oplusAON] fusion->count:0
10-03 02:11:57.010 D/ChiX    ( 1909): fusion->itemLength:20
10-03 02:11:57.011 I/FuseDaemon( 7067): gc_priority_optimize fd is empty
10-03 02:11:57.011 I/FuseDaemon( 7067): open sharedFd failed with Permission denied
10-03 02:11:57.011 I/FuseDaemon( 7067): gc_priority_optimize set UX fail-1
10-03 02:11:57.011 I/FuseDaemon( 7067): gc_priority_optimize fd is empty
10-03 02:11:57.011 I/FuseDaemon( 7067): open sharedFd failed with Permission denied
10-03 02:11:57.011 I/FuseDaemon( 7067): gc_priority_optimize set UX fail-1
10-03 02:11:57.011 D/AONLog  (12042): SensorHubAonManager: [notify] clientHandle:-5476376637414664128,isStopped:false, callback:k.g@dddbe50
10-03 02:11:57.011 D/AONLog  (12042): SensorHubAonManager: aonCallBackInfo-> serviceType:1, results:[Lvendor.oplus.hardware.camera.aon.AONResult;@a3dfe7e
10-03 02:11:57.011 D/AONLog  (12042): AONResultsClassify: convertToResult
10-03 02:11:57.011 D/AONLog  (12042): AONResultsClassify: have FusionResult
10-03 02:11:57.011 D/AONLog  (12042): sensorhub_engine: engineSwitchOn = true runningCmds.size()=1 stopRunningCmds.size()=0
10-03 02:11:57.011 D/AONLog  (12042): OSensorHubResultProcess: transform inParams：com.aon.service.aonsensorhublib.p@363efdf
10-03 02:11:57.012 D/AONLog  (12042): OSensorHubResultProcess: transform fusionResult getDataCount：0 rotateAngle = 90
10-03 02:11:57.012 I/ChiX    ( 1909): [oplusAON:ProcessAONServiceEvent] AON Event notify: Success callback:0xb40000769ea6a460 for hClientHandle= 0xb40000769ea69840
10-03 02:11:57.012 I/AONLog  (12042): i: detect->faces num = 0, gesture num = 0
10-03 02:11:57.012 I/AONLog  (12042): GAZESTATE: enter gaze detect0
10-03 02:11:57.012 I/AONLog  (12042): GAZESTATE: final gaze state:false
10-03 02:11:57.012 D/AONLog  (12042): EngineContext: clear engine Context
10-03 02:11:57.012 D/AONLog  (12042): FramePackage: clear framePackage:0
10-03 02:11:57.012 D/AONLog  (12042): EngineContext: clear human Detected List
10-03 02:11:57.012 I/AONLog  (12042): ListenerManager: type = 1  eventInfo = 65538
10-03 02:11:57.012 I/AONLog  (12042): ListenerManager: notifySpecialObserver lock. AonCmdType:393217
10-03 02:11:57.012 I/AONLog  (12042): AONAttentionService: onEventParam event:65538 callback:com.oplus.wrapper.service.attention.IAttentionService%24Stub%241%241@7534003
10-03 02:11:57.013 I/FuseDaemon( 7067): gc_priority_optimize fd is empty
10-03 02:11:57.013 I/FuseDaemon( 7067): open sharedFd failed with Permission denied
10-03 02:11:57.013 I/FuseDaemon( 7067): gc_priority_optimize set UX fail-1
10-03 02:11:57.014 I/FuseDaemon( 7067): gc_priority_optimize fd is empty
10-03 02:11:57.014 I/FuseDaemon( 7067): open sharedFd failed with Permission denied
10-03 02:11:57.014 I/FuseDaemon( 7067): gc_priority_optimize set UX fail-1
10-03 02:11:57.064 E/Oms-SDK.( 8008): [WearableApiManager]Service---->false
10-03 02:11:57.086 D/ActivityManager( 3557): Freezer deadlock watchdog
10-03 02:11:57.108 I/com.oplus.metis( 8433): AssetManager2(0xb4000076886cc728) locale list changing from [] to [zh-CN]
10-03 02:11:57.109 I/ChiX    ( 1909): [oplusAON:QSEEAON_ServiceCallback oplusSrvType:1] Receive QSEEAON Callback
10-03 02:11:57.109 I/ChiX    ( 1909): [oplusAON:ProcessAONServiceEvent] AON Event notify for hClientHandle= 0xb40000769ea69840
10-03 02:11:57.109 I/ChiX    ( 1909): [oplusAON:ClientEventCallBack] AON Event notify srvType=1, clientHandle:0xb40000769ea69840
10-03 02:11:57.109 I/ChiX    ( 1909): [oplusAON:TranslateToAonCallbackInfo  AONServiceType: 1] Translate to Service Event Info
10-03 02:11:57.110 D/ChiX    ( 1909): [oplusAON:AddFusionResult] Translate to fuison Event Info
10-03 02:11:57.110 D/ChiX    ( 1909): [oplusAON:AddFusionResult] fusion:rotation_angle = 90.000000
10-03 02:11:57.110 D/ChiX    ( 1909): [oplusAON] fusion->count:0
10-03 02:11:57.110 D/ChiX    ( 1909): fusion->itemLength:20
10-03 02:11:57.110 D/AONLog  (12042): SensorHubAonManager: [notify] clientHandle:-5476376637414664128,isStopped:false, callback:k.g@dddbe50
10-03 02:11:57.110 D/AONLog  (12042): SensorHubAonManager: aonCallBackInfo-> serviceType:1, results:[Lvendor.oplus.hardware.camera.aon.AONResult;@a1d442c
10-03 02:11:57.110 D/AONLog  (12042): AONResultsClassify: convertToResult
10-03 02:11:57.111 D/AONLog  (12042): AONResultsClassify: have FusionResult
10-03 02:11:57.111 D/AONLog  (12042): sensorhub_engine: engineSwitchOn = true runningCmds.size()=1 stopRunningCmds.size()=0
10-03 02:11:57.111 D/AONLog  (12042): OSensorHubResultProcess: transform inParams：com.aon.service.aonsensorhublib.p@f439ef5
10-03 02:11:57.111 D/AONLog  (12042): OSensorHubResultProcess: transform fusionResult getDataCount：0 rotateAngle = 90
10-03 02:11:57.111 I/AONLog  (12042): i: detect->faces num = 0, gesture num = 0
10-03 02:11:57.111 I/AONLog  (12042): GAZESTATE: enter gaze detect0
10-03 02:11:57.112 I/AONLog  (12042): GAZESTATE: final gaze state:false
10-03 02:11:57.112 D/AONLog  (12042): EngineContext: clear engine Context
10-03 02:11:57.112 D/AONLog  (12042): FramePackage: clear framePackage:0
10-03 02:11:57.112 D/AONLog  (12042): EngineContext: clear human Detected List
10-03 02:11:57.112 I/ChiX    ( 1909): [oplusAON:ProcessAONServiceEvent] AON Event notify: Success callback:0xb40000769ea6a460 for hClientHandle= 0xb40000769ea69840
10-03 02:11:57.113 I/AONLog  (12042): ListenerManager: type = 1  eventInfo = 65538
10-03 02:11:57.113 I/AONLog  (12042): ListenerManager: notifySpecialObserver lock. AonCmdType:393217
10-03 02:11:57.113 I/AONLog  (12042): AONAttentionService: onEventParam event:65538 callback:com.oplus.wrapper.service.attention.IAttentionService%24Stub%241%241@7534003
10-03 02:11:57.159 D/QmiClient( 2622): qmiServiceEventCallback recv msg id 1099
10-03 02:11:57.159 D/QmiClient( 2622): enter -mServiceType 4 onQmiServiceEventCallback msgId 1099
10-03 02:11:57.159 D/QmiClient( 2622): onQmiServiceEventCallback - enter. msgId=1099
10-03 02:11:57.159 D/QmiVsClientEvent( 2622): QosPeriodReportInd MSG IND data_len 2052
10-03 02:11:57.159 D/QmiVsClientEvent( 2622): qmiVsClientNotifyQosPeriodReportIndEvent - RADIO_EVENT_QOS_PERIOD_REPORT_NOTIFY_IND
10-03 02:11:57.159 D/VsProxy ( 2622): handleMessage msg is 2420
10-03 02:11:57.159 D/VsProxy ( 2622): handleQosPeriodReportInd for instance 0 data_len 186
10-03 02:11:57.160 D/SubsysRadioIndication[0]( 5280): radioQosPeriodReportInd result [8, -19, -71, -30, -26, 6, 18, 16, 8, -56, -72, -30, -26, 6, 16, 27, 32, -65, 50, 40, 27, 56, -25, 2, 26, 13, 8, -64, -72, -30, -26, 6, 16, 28, 40, 28, 56, -71, 29, 34, 12, 8, -63, -85, -30, -26, 6, 16, 4, 24, 3, 32, 1, 58, 61, 8, -67, -71, -30, -26, 6, 16, 5, 24, -18, -106, 26, 32, -102, 1, 40, -92, -1, -1, -1, -1, -1, -1, -1, -1, 1, 48, -10, -1, -1, -1, -1, -1, -1, -1, -1, 1, 56, 20, 64, -92, -1, -1, -1, -1, -1, -1, -1, -1, 1, 72, -94, -1, -1, -1, -1, -1, -1, -1, -1, 1, 66, 30, 8, -120, -6, -31, -26, 6, 16, 5, 34, 20, 8, -18, -106, 26, 16, -102, 1, 24, 1, 32, 7, 40, -127, -120, -44, -48, -84, 1, 48, 1, 90, 0, 98, 10, 8, -43, -68, -32, -26, 6, 16, 3, 24, 5, 114, 0, 122, 20, 8, -78, -74, -30, -26, 6, 16, -1, -1, 1, 24, -1, -1, 1, 32, -1, -1, -1, -1, 15]
10-03 02:11:57.160 D/NetworkService[0]( 5280): handleMessage what:1005
10-03 02:11:57.161 D/RadioAtomTracker( 5280): parseQosPeriodData ModemQos:CellularQosInfo{mSubId=2, mRat=5, mArfcn=428910, mPci=154, mBand=1, mDLBW=7, mRsrp=-92, mRsrq=-10, mSnr=20, mSvcStatus=3, mULTimeStamp=-1, mULPDCPNumDataPdu=27, mULPDCPNumDropPdu=0, mULPDCPTput=6463, mULRLCNumDataPdu=27, mULRLCNumRetxPdu=0, mULGrant=359, mULBSR=0, mULBler=0, mDLTimeStamp=-1, mDLPDCPNumDataPdu=28, mDLPDCPTput=3769, mDLRLCNumDataPdu=28, mDLRLCNumRetxPdu=0, mDLRLCNumDropPdu=0, mDLMACPaddingBytes=0, mDLPdcpNumMissToUppPdu=0, mDLBler=0, mRlfCount=0, mRachWithULGrantCount=0, mCellChangeCount=0, mIsRedirectionOccur=0, mIsDualSimConflict=0, mLatency=10, mCellId=46340047873, mNr5GScs=1, mSub1RrcState=3, mSub2RrcState=1, mRachCount=0, mRachAbortCount=0, mCalcPower=32767, mMtpl=32767, mPathLoss=-1, mFbrxCount=0, mCellLoad=0}
10-03 02:11:57.162 D/NetworkService[0]( 5280): EVENT_REG_QOS_PERIOD_REPORT_IND_CHANGED ENTER
10-03 02:11:57.163 D/NetworkService[0]( 5280): EVENT_REG_QOS_PERIOD_REPORT_IND_CHANGED mLinkReport true
10-03 02:11:57.164 D/UlPriorityPred( 5216): handleMessage EVENT_MODEM_UL_BWT_CHANGE: limitFlag = 0, mNextLimit = 0
10-03 02:11:57.174 D/BoundBrokerSvc( 7191): onUnbind: Intent { act=com.google.android.gms.feedback.internal.IFeedbackService dat=chimera-action:/... xflg=0x4 cmp=com.google.android.gms/.chimera.GmsBoundBrokerService mCallingUid=10258 }
10-03 02:11:57.189 V/OsAgent ( 5143): broadcastSystemEvent - 7
10-03 02:11:57.189 V/OsAgent ( 5143): broadcastSystemEvent - 7
10-03 02:11:57.189 V/OsAgent ( 5143): broadcastSystemEvent - 7
10-03 02:11:57.189 V/OsAgent ( 5143): broadcastSystemEvent - 7
10-03 02:11:57.189 V/OsAgent ( 5143): broadcastSystemEvent - 7
10-03 02:11:57.189 V/OsAgent ( 5143): broadcastSystemEvent - 7
10-03 02:11:57.189 V/OsAgent ( 5143): broadcastSystemEvent - 7
10-03 02:11:57.191 V/OsAgent ( 5143): broadcastSystemEvent - 7
10-03 02:11:57.191 V/OsAgent ( 5143): broadcastSystemEvent - 7
10-03 02:11:57.191 V/OsAgent ( 5143): broadcastSystemEvent - 7
10-03 02:11:57.205 I/sensors-hal( 1882): handle_oplus_wise_rgb_event:160, wise_rgb:(757)(cct,lux,ir)[5798.84, 47.59, 0.000000](rgbc)[1660.76, 1280.11, 644.24, 3546.47](pwm,hbm,brl,algo)[0.0 0.0 1053.0 2.0],flag 148
10-03 02:11:57.210 I/ChiX    ( 1909): [oplusAON:QSEEAON_ServiceCallback oplusSrvType:1] Receive QSEEAON Callback
10-03 02:11:57.210 I/ChiX    ( 1909): [oplusAON:ProcessAONServiceEvent] AON Event notify for hClientHandle= 0xb40000769ea69840
10-03 02:11:57.211 I/ChiX    ( 1909): [oplusAON:ClientEventCallBack] AON Event notify srvType=1, clientHandle:0xb40000769ea69840
10-03 02:11:57.211 I/ChiX    ( 1909): [oplusAON:TranslateToAonCallbackInfo  AONServiceType: 1] Translate to Service Event Info
10-03 02:11:57.212 D/ChiX    ( 1909): [oplusAON:AddFusionResult] Translate to fuison Event Info
10-03 02:11:57.212 D/ChiX    ( 1909): [oplusAON:AddFusionResult] fusion:rotation_angle = 90.000000
10-03 02:11:57.212 D/ChiX    ( 1909): [oplusAON] fusion->count:0
10-03 02:11:57.213 D/ChiX    ( 1909): fusion->itemLength:20
10-03 02:11:57.213 D/AONLog  (12042): SensorHubAonManager: [notify] clientHandle:-5476376637414664128,isStopped:false, callback:k.g@dddbe50
10-03 02:11:57.214 D/AONLog  (12042): SensorHubAonManager: aonCallBackInfo-> serviceType:1, results:[Lvendor.oplus.hardware.camera.aon.AONResult;@b7848a
10-03 02:11:57.214 D/AONLog  (12042): AONResultsClassify: convertToResult
10-03 02:11:57.215 D/AONLog  (12042): AONResultsClassify: have FusionResult
10-03 02:11:57.215 I/com.oplus.metis( 8433): AssetManager2(0xb4000076886cca28) locale list changing from [] to [zh-CN]
10-03 02:11:57.215 D/AONLog  (12042): sensorhub_engine: engineSwitchOn = true runningCmds.size()=1 stopRunningCmds.size()=0
10-03 02:11:57.215 D/AONLog  (12042): OSensorHubResultProcess: transform inParams：com.aon.service.aonsensorhublib.p@541aafb
10-03 02:11:57.216 D/AONLog  (12042): OSensorHubResultProcess: transform fusionResult getDataCount：0 rotateAngle = 90
10-03 02:11:57.216 I/ChiX    ( 1909): [oplusAON:ProcessAONServiceEvent] AON Event notify: Success callback:0xb40000769ea6a460 for hClientHandle= 0xb40000769ea69840
10-03 02:11:57.216 I/AONLog  (12042): i: detect->faces num = 0, gesture num = 0
10-03 02:11:57.217 I/AONLog  (12042): GAZESTATE: enter gaze detect0
10-03 02:11:57.217 I/AONLog  (12042): GAZESTATE: final gaze state:false
10-03 02:11:57.217 D/AONLog  (12042): EngineContext: clear engine Context
10-03 02:11:57.218 D/AONLog  (12042): FramePackage: clear framePackage:0
10-03 02:11:57.218 D/AONLog  (12042): EngineContext: clear human Detected List
10-03 02:11:57.218 I/AONLog  (12042): ListenerManager: type = 1  eventInfo = 65538
10-03 02:11:57.218 I/AONLog  (12042): ListenerManager: notifySpecialObserver lock. AonCmdType:393217
10-03 02:11:57.218 I/AONLog  (12042): AONAttentionService: onEventParam event:65538 callback:com.oplus.wrapper.service.attention.IAttentionService%24Stub%241%241@7534003
10-03 02:11:57.246 I/PCDR-common_no_service[0]( 5216): lift forbidden
10-03 02:11:57.246 I/PCDR-common_no_45g[0]( 5216): lift forbidden
10-03 02:11:57.255 D/BoundBrokerSvc( 7191): onUnbind: Intent { act=com.google.android.gms.presencemanager.service.START dat=chimera-action:/... xflg=0x4 cmp=com.google.android.gms/.chimera.PersistentApiService mCallingUid=10258 }
10-03 02:11:57.257 D/BoundBrokerSvc( 7191): onUnbind: Intent { act=com.google.android.gms.presencemanager.service.INTERNAL_IDENTITY dat=chimera-action:/... xflg=0x4 cmp=com.google.android.gms/.chimera.PersistentApiService mCallingUid=10258 }
10-03 02:11:57.259 D/NetworkService[0]( 5280): getIfIndexByNetid netId:104,ifName:rmnet_data3,ifIndex:27
10-03 02:11:57.259 D/NetworkService[1]( 5280): getIfIndexByNetid netId:104,ifName:,ifIndex:-1
10-03 02:11:57.268 D/VendorWifiService( 5280): onEvent event:9,action:1
10-03 02:11:57.273 I/SystemUi--Statusbar( 5144): OplusNetworkSpeedControllExImpl-->updateNetworkSpeed: isConnected:true,isSwitchOn:true,isSuspend:false
10-03 02:11:57.275 D/ScorerUtils( 3557): isLowTraffic: txTputKBps=0, rxTputKBps=0
10-03 02:11:57.275 D/OplusNetKit( 3557): triggerNetworkDetection: iface=wlan0 detectType:lan_probe, forceReevaluate:false, source:oplusScorer
10-03 02:11:57.275 D/OplusWifiThreadManager( 3557): submit task lanRtt java.util.concurrent.FutureTask@95e8775[Not completed]
10-03 02:11:57.276 D/OplusNetKit( 3557): in getLpByInterface name from LP: [wlan0]
10-03 02:11:57.278 I/SystemUi--Statusbar( 5144): OplusNetworkSpeedControllExImpl-->getTotalByte: totalRxBytes:1240553,totalTxBytes:907808,loopbackTxBytes:160674,loopbackRxBytes:160674 ,totalBytes:1827013
10-03 02:11:57.283 D/SensorFeature( 2024): name=ssc_screenshot_info ,index = 22
10-03 02:11:57.283 D/SensorFeature( 2024): write 29 bytes:59581917370,61965284140,149,0
10-03 02:11:57.289 I/Athena  ( 3557): StateManager: updateAppQueueSortedByCount
10-03 02:11:57.289 I/DeepThinkerSDK( 3557): [APP] ClientConnection: getDeepThinkerBridge start
10-03 02:11:57.289 I/DeepThinkerSDK( 3557): [APP] ClientConnection: getDeepThinkerBridge end
10-03 02:11:57.290 I/DeepThinker( 7625): BridgeServerImpl: getAppQueueSortedByCount elapse : 1
10-03 02:11:57.291 I/Athena  ( 3557): StateManager: updateAppTypeForInstalledPackages
10-03 02:11:57.292 I/DeepThinkerSDK( 3557): [APP] ClientConnection: getDeepThinkerBridge start
10-03 02:11:57.292 I/SystemUi--Notification( 5144): OplusNotificationLogger-->TOAST-->hideToast , pkg = com.tencent.mm, uid = no_need_print , token = android.os.BinderProxy@b20d530 , content = no_need_print
10-03 02:11:57.292 I/DeepThinkerSDK( 3557): [APP] ClientConnection: getDeepThinkerBridge end
10-03 02:11:57.293 I/DeepThinker( 7625): BridgeServerImpl: getAppTypeMap elapse : 1
10-03 02:11:57.293 I/DeepThinkerSDK( 3557): [APP] ClientConnection: getDeepThinkerBridge start
10-03 02:11:57.293 I/DeepThinkerSDK( 3557): [APP] ClientConnection: getDeepThinkerBridge end
10-03 02:11:57.293 I/DeepThinker( 7625): BridgeServerImpl: getAppTypeMap elapse : 0
10-03 02:11:57.294 I/DeepThinkerSDK( 3557): [APP] ClientConnection: getDeepThinkerBridge start
10-03 02:11:57.294 I/DeepThinkerSDK( 3557): [APP] ClientConnection: getDeepThinkerBridge end
10-03 02:11:57.294 I/DeepThinker( 7625): BridgeServerImpl: getAppTypeMap elapse : 0
10-03 02:11:57.295 I/Athena  ( 3557): StateManager: updateAppActivePeriod
10-03 02:11:57.295 I/DeepThinkerSDK( 3557): [APP] ClientConnection: getDeepThinkerBridge start
10-03 02:11:57.295 I/DeepThinkerSDK( 3557): [APP] ClientConnection: getDeepThinkerBridge end
10-03 02:11:57.295 I/DeepThinker( 7625): UserProfileFeatureProviderImpl: getUserProfileSpecificResult APP_ACTIVE_CLUSTER elapse : 0
10-03 02:11:57.308 I/ChiX    ( 1909): [oplusAON:QSEEAON_ServiceCallback oplusSrvType:1] Receive QSEEAON Callback
10-03 02:11:57.308 I/ChiX    ( 1909): [oplusAON:ProcessAONServiceEvent] AON Event notify for hClientHandle= 0xb40000769ea69840
10-03 02:11:57.308 I/ChiX    ( 1909): [oplusAON:ClientEventCallBack] AON Event notify srvType=1, clientHandle:0xb40000769ea69840
10-03 02:11:57.308 I/ChiX    ( 1909): [oplusAON:TranslateToAonCallbackInfo  AONServiceType: 1] Translate to Service Event Info
10-03 02:11:57.308 D/ChiX    ( 1909): [oplusAON:AddFusionResult] Translate to fuison Event Info
10-03 02:11:57.308 D/ChiX    ( 1909): [oplusAON:AddFusionResult] fusion:rotation_angle = 90.000000
10-03 02:11:57.308 D/ChiX    ( 1909): [oplusAON] fusion->count:0
10-03 02:11:57.308 D/ChiX    ( 1909): fusion->itemLength:20
10-03 02:11:57.309 D/AONLog  (12042): SensorHubAonManager: [notify] clientHandle:-5476376637414664128,isStopped:false, callback:k.g@dddbe50
10-03 02:11:57.309 D/AONLog  (12042): SensorHubAonManager: aonCallBackInfo-> serviceType:1, results:[Lvendor.oplus.hardware.camera.aon.AONResult;@8307718
10-03 02:11:57.309 D/AONLog  (12042): AONResultsClassify: convertToResult
10-03 02:11:57.309 D/AONLog  (12042): AONResultsClassify: have FusionResult
10-03 02:11:57.309 D/AONLog  (12042): sensorhub_engine: engineSwitchOn = true runningCmds.size()=1 stopRunningCmds.size()=0
10-03 02:11:57.309 I/ChiX    ( 1909): [oplusAON:ProcessAONServiceEvent] AON Event notify: Success callback:0xb40000769ea6a460 for hClientHandle= 0xb40000769ea69840
10-03 02:11:57.309 D/AONLog  (12042): OSensorHubResultProcess: transform inParams：com.aon.service.aonsensorhublib.p@57c3571
10-03 02:11:57.310 D/AONLog  (12042): OSensorHubResultProcess: transform fusionResult getDataCount：0 rotateAngle = 90
10-03 02:11:57.310 I/AONLog  (12042): i: detect->faces num = 0, gesture num = 0
10-03 02:11:57.311 D/OplusNetRttKit( 3557): getIcmpEchoRtt addr:192.168.1.*** avgRtt: 8
10-03 02:11:57.310 I/AONLog  (12042): GAZESTATE: enter gaze detect0
10-03 02:11:57.311 I/AONLog  (12042): GAZESTATE: final gaze state:false
10-03 02:11:57.311 E/OplusWifiThreadManager( 3557): java.util.concurrent.FutureTask@95e8775[Completed normally] success executed
10-03 02:11:57.311 D/AONLog  (12042): EngineContext: clear engine Context
10-03 02:11:57.312 D/AONLog  (12042): FramePackage: clear framePackage:0
10-03 02:11:57.312 D/AONLog  (12042): EngineContext: clear human Detected List
10-03 02:11:57.312 I/AONLog  (12042): ListenerManager: type = 1  eventInfo = 65538
10-03 02:11:57.313 I/AONLog  (12042): ListenerManager: notifySpecialObserver lock. AonCmdType:393217
10-03 02:11:57.313 I/AONLog  (12042): AONAttentionService: onEventParam event:65538 callback:com.oplus.wrapper.service.attention.IAttentionService%24Stub%241%241@7534003
10-03 02:11:57.316 W/PackageSettings( 3557): Skipping PackageSetting{bd7ed9c com.genymobile.gnirehtet/10398} due to missing metadata
10-03 02:11:57.316 D/BatteryChargeControl( 2045): bcc get no support from charging protocol
10-03 02:11:57.325 W/PackageSettings( 3557): writeFreezeToXml ustate isn't instance of PackageUserStateImpl
10-03 02:11:57.326 W/PackageSettings( 3557): writeFreezeToXml ustate isn't instance of PackageUserStateImpl
10-03 02:11:57.326 W/PackageSettings( 3557): writeFreezeToXml ustate isn't instance of PackageUserStateImpl
10-03 02:11:57.326 W/PackageSettings( 3557): writeFreezeToXml ustate isn't instance of PackageUserStateImpl
10-03 02:11:57.326 W/PackageSettings( 3557): writeFreezeToXml ustate isn't instance of PackageUserStateImpl
10-03 02:11:57.326 W/PackageSettings( 3557): writeFreezeToXml ustate isn't instance of PackageUserStateImpl
10-03 02:11:57.326 W/PackageSettings( 3557): writeFreezeToXml ustate isn't instance of PackageUserStateImpl
10-03 02:11:57.326 W/PackageSettings( 3557): writeFreezeToXml ustate isn't instance of PackageUserStateImpl
10-03 02:11:57.326 W/PackageSettings( 3557): writeFreezeToXml ustate isn't instance of PackageUserStateImpl
10-03 02:11:57.326 W/PackageSettings( 3557): writeFreezeToXml ustate isn't instance of PackageUserStateImpl
10-03 02:11:57.326 W/PackageSettings( 3557): writeFreezeToXml ustate isn't instance of PackageUserStateImpl
10-03 02:11:57.326 W/PackageSettings( 3557): writeFreezeToXml ustate isn't instance of PackageUserStateImpl
10-03 02:11:57.326 W/PackageSettings( 3557): writeFreezeToXml ustate isn't instance of PackageUserStateImpl
10-03 02:11:57.326 W/PackageSettings( 3557): writeFreezeToXml ustate isn't instance of PackageUserStateImpl
10-03 02:11:57.326 W/PackageSettings( 3557): writeFreezeToXml ustate isn't instance of PackageUserStateImpl
10-03 02:11:57.326 W/PackageSettings( 3557): writeFreezeToXml ustate isn't instance of PackageUserStateImpl
10-03 02:11:57.326 W/PackageSettings( 3557): writeFreezeToXml ustate isn't instance of PackageUserStateImpl
10-03 02:11:57.326 W/PackageSettings( 3557): writeFreezeToXml ustate isn't instance of PackageUserStateImpl
10-03 02:11:57.326 W/PackageSettings( 3557): writeFreezeToXml ustate isn't instance of PackageUserStateImpl
10-03 02:11:57.326 W/PackageSettings( 3557): writeFreezeToXml ustate isn't instance of PackageUserStateImpl
10-03 02:11:57.326 W/PackageSettings( 3557): writeFreezeToXml ustate isn't instance of PackageUserStateImpl
10-03 02:11:57.326 W/PackageSettings( 3557): writeFreezeToXml ustate isn't instance of PackageUserStateImpl
10-03 02:11:57.326 W/PackageSettings( 3557): writeFreezeToXml ustate isn't instance of PackageUserStateImpl
10-03 02:11:57.326 W/PackageSettings( 3557): writeFreezeToXml ustate isn't instance of PackageUserStateImpl
10-03 02:11:57.326 W/PackageSettings( 3557): writeFreezeToXml ustate isn't instance of PackageUserStateImpl
10-03 02:11:57.326 W/PackageSettings( 3557): writeFreezeToXml ustate isn't instance of PackageUserStateImpl
10-03 02:11:57.326 W/PackageSettings( 3557): writeFreezeToXml ustate isn't instance of PackageUserStateImpl
10-03 02:11:57.326 W/PackageSettings( 3557): writeFreezeToXml ustate isn't instance of PackageUserStateImpl
10-03 02:11:57.326 W/PackageSettings( 3557): writeFreezeToXml ustate isn't instance of PackageUserStateImpl
10-03 02:11:57.326 W/PackageSettings( 3557): writeFreezeToXml ustate isn't instance of PackageUserStateImpl
10-03 02:11:57.326 W/PackageSettings( 3557): writeFreezeToXml ustate isn't instance of PackageUserStateImpl
10-03 02:11:57.326 W/PackageSettings( 3557): writeFreezeToXml ustate isn't instance of PackageUserStateImpl
10-03 02:11:57.326 W/PackageSettings( 3557): writeFreezeToXml ustate isn't instance of PackageUserStateImpl
10-03 02:11:57.326 W/PackageSettings( 3557): writeFreezeToXml ustate isn't instance of PackageUserStateImpl
10-03 02:11:57.326 W/PackageSettings( 3557): writeFreezeToXml ustate isn't instance of PackageUserStateImpl
10-03 02:11:57.326 W/PackageSettings( 3557): writeFreezeToXml ustate isn't instance of PackageUserStateImpl
10-03 02:11:57.326 W/PackageSettings( 3557): writeFreezeToXml ustate isn't instance of PackageUserStateImpl
10-03 02:11:57.327 W/PackageSettings( 3557): writeFreezeToXml ustate isn't instance of PackageUserStateImpl
10-03 02:11:57.390 D/CompatChangeReporter( 3557): Compat change id reported: 161145287; UID 10395; state: ENABLED
10-03 02:11:57.399 I/FuseDaemon( 7067): gc_priority_optimize fd is empty
10-03 02:11:57.399 I/FuseDaemon( 7067): open sharedFd failed with Permission denied
10-03 02:11:57.399 I/FuseDaemon( 7067): gc_priority_optimize set UX fail-1
10-03 02:11:57.399 I/FuseDaemon( 7067): gc_priority_optimize fd is empty
10-03 02:11:57.399 I/FuseDaemon( 7067): open sharedFd failed with Permission denied
10-03 02:11:57.399 I/FuseDaemon( 7067): gc_priority_optimize set UX fail-1
10-03 02:11:57.410 I/FuseDaemon( 7067): gc_priority_optimize fd is empty
10-03 02:11:57.410 I/FuseDaemon( 7067): open sharedFd failed with Permission denied
10-03 02:11:57.410 I/FuseDaemon( 7067): gc_priority_optimize set UX fail-1
10-03 02:11:57.410 I/FuseDaemon( 7067): gc_priority_optimize fd is empty
10-03 02:11:57.410 I/FuseDaemon( 7067): open sharedFd failed with Permission denied
10-03 02:11:57.410 I/FuseDaemon( 7067): gc_priority_optimize set UX fail-1
10-03 02:11:57.413 I/FuseDaemon( 7067): gc_priority_optimize fd is empty
10-03 02:11:57.413 I/FuseDaemon( 7067): open sharedFd failed with Permission denied
10-03 02:11:57.413 I/FuseDaemon( 7067): gc_priority_optimize set UX fail-1
10-03 02:11:57.414 I/FuseDaemon( 7067): gc_priority_optimize fd is empty
10-03 02:11:57.414 I/FuseDaemon( 7067): open sharedFd failed with Permission denied
10-03 02:11:57.414 I/FuseDaemon( 7067): gc_priority_optimize set UX fail-1
10-03 02:11:57.416 I/FuseDaemon( 7067): gc_priority_optimize fd is empty
10-03 02:11:57.416 I/FuseDaemon( 7067): open sharedFd failed with Permission denied
10-03 02:11:57.416 I/FuseDaemon( 7067): gc_priority_optimize set UX fail-1
10-03 02:11:57.417 I/FuseDaemon( 7067): gc_priority_optimize fd is empty
10-03 02:11:57.417 I/FuseDaemon( 7067): open sharedFd failed with Permission denied
10-03 02:11:57.417 I/FuseDaemon( 7067): gc_priority_optimize set UX fail-1
10-03 02:11:57.421 V/Configuration( 8433): Updating configuration, locales updated from [zh_CN,en_US] to [en_US,zh_CN]
10-03 02:11:57.422 I/com.oplus.metis( 8433): AssetManager2(0xb4000076886ccd28) locale list changing from [] to [en-US]
10-03 02:11:57.470 I/sensors-hal( 1882): handle_oplus_wise_rgb_event:189, high_pwm_light:lux 47.8,cct 5653.7,brl/algo/ir 1053.0/2.0/0.0,pwm/dc 0.0/0.0,rgbc 1691.286865/1297.566040/668.783630/3571.797607,ts 61930305251,cnt 760,flag 149
10-03 02:11:57.470 I/sensors-hal( 1882): handle_oplus_wise_rgb_event:160, wise_rgb:(762)(cct,lux,ir)[5653.72, 47.76, 0.000000](rgbc)[1685.18, 1297.57, 674.92, 3565.46](pwm,hbm,brl,algo)[0.0 0.0 1053.0 2.0],flag 149
10-03 02:11:57.473 I/AICCTModule( 3557): SensorFilter: brightness threshold 1.2 screenNit is 55.034 ave enviroment lux is 15.785903 luxForNit 44.16363demarcationPoint200.0 result is true
10-03 02:11:57.475 D/BufferPoolAccessor2.0( 1998): bufferpool2 0xb4000075c2366028 : 0(0 size) total buffers - 0(0 size) used buffers - 0/24 (recycle/alloc) - 1/1 (fetch/transfer)
10-03 02:11:57.475 D/BufferPoolAccessor2.0( 1998): evictor expired: 2, evicted: 1
10-03 02:11:57.490 D/BufferPoolAccessor2.0(17203): bufferpool2 0x769183fc28 : 0(0 size) total buffers - 0(0 size) used buffers - 0/11 (recycle/alloc) - 2/3 (fetch/transfer)
10-03 02:11:57.491 D/BufferPoolAccessor2.0(17203): evictor expired: 1, evicted: 1
10-03 02:11:57.496 I/ChiX    ( 1909): [oplusAON:QSEEAON_ServiceCallback oplusSrvType:1] Receive QSEEAON Callback
10-03 02:11:57.497 I/ChiX    ( 1909): [oplusAON:ProcessAONServiceEvent] AON Event notify for hClientHandle= 0xb40000769ea69840
10-03 02:11:57.498 I/ChiX    ( 1909): [oplusAON:ClientEventCallBack] AON Event notify srvType=1, clientHandle:0xb40000769ea69840
10-03 02:11:57.498 I/ChiX    ( 1909): [oplusAON:TranslateToAonCallbackInfo  AONServiceType: 1] Translate to Service Event Info
10-03 02:11:57.498 D/ChiX    ( 1909): [oplusAON:AddFusionResult] Translate to fuison Event Info
10-03 02:11:57.498 D/ChiX    ( 1909): [oplusAON:AddFusionResult] fusion:rotation_angle = 90.000000
10-03 02:11:57.498 D/ChiX    ( 1909): [oplusAON] fusion->count:0
10-03 02:11:57.498 D/ChiX    ( 1909): fusion->itemLength:20
10-03 02:11:57.498 D/AONLog  (12042): SensorHubAonManager: [notify] clientHandle:-5476376637414664128,isStopped:false, callback:k.g@dddbe50
10-03 02:11:57.498 D/AONLog  (12042): SensorHubAonManager: aonCallBackInfo-> serviceType:1, results:[Lvendor.oplus.hardware.camera.aon.AONResult;@4915f56
10-03 02:11:57.498 D/AONLog  (12042): AONResultsClassify: convertToResult
10-03 02:11:57.498 D/AONLog  (12042): AONResultsClassify: have FusionResult
10-03 02:11:57.498 D/AONLog  (12042): sensorhub_engine: engineSwitchOn = true runningCmds.size()=1 stopRunningCmds.size()=0
10-03 02:11:57.499 I/ChiX    ( 1909): [oplusAON:ProcessAONServiceEvent] AON Event notify: Success callback:0xb40000769ea6a460 for hClientHandle= 0xb40000769ea69840
10-03 02:11:57.499 D/AONLog  (12042): OSensorHubResultProcess: transform inParams：com.aon.service.aonsensorhublib.p@f75fbd7
10-03 02:11:57.499 D/AONLog  (12042): OSensorHubResultProcess: transform fusionResult getDataCount：0 rotateAngle = 90
10-03 02:11:57.499 I/AONLog  (12042): i: detect->faces num = 0, gesture num = 0
10-03 02:11:57.499 I/AONLog  (12042): GAZESTATE: enter gaze detect0
10-03 02:11:57.499 I/AONLog  (12042): GAZESTATE: final gaze state:false
10-03 02:11:57.499 D/AONLog  (12042): EngineContext: clear engine Context
10-03 02:11:57.499 D/AONLog  (12042): FramePackage: clear framePackage:0
10-03 02:11:57.499 D/AONLog  (12042): EngineContext: clear human Detected List
10-03 02:11:57.500 I/AONLog  (12042): ListenerManager: type = 1  eventInfo = 65538
10-03 02:11:57.500 I/AONLog  (12042): ListenerManager: notifySpecialObserver lock. AonCmdType:393217
10-03 02:11:57.500 I/AONLog  (12042): AONAttentionService: onEventParam event:65538 callback:com.oplus.wrapper.service.attention.IAttentionService%24Stub%241%241@7534003
10-03 02:11:57.507 D/NetworkService[0]( 5280): getIfIndexByNetid netId:104,ifName:rmnet_data3,ifIndex:27
10-03 02:11:57.509 D/NetworkService[1]( 5280): getIfIndexByNetid netId:104,ifName:,ifIndex:-1
10-03 02:11:57.512 D/BoundBrokerSvc( 9760): onUnbind: Intent { act=com.google.android.gms.onboardingconsent.api.ConsentManagerApiService.START dat=chimera-action:/... xflg=0x4 cmp=com.google.android.gms/.chimera.GmsApiService mCallingUid=99910258 }
10-03 02:11:57.531 E/JobScheduler.Background( 3557): Couldn't determine stopped state for unknown package: com.tencent.wework
10-03 02:11:57.531 E/JobScheduler.Background( 3557): Couldn't determine stopped state for unknown package: com.tencent.wework
10-03 02:11:57.531 E/JobScheduler.Background( 3557): Couldn't determine stopped state for unknown package: com.tencent.wework
10-03 02:11:57.532 I/com.oplus.metis( 8433): AssetManager2(0xb4000076886cb828) locale list changing from [] to [zh-CN]
10-03 02:11:57.553 D/SensorFeature( 2024): name=ssc_screenshot_info ,index = 22
10-03 02:11:57.553 D/SensorFeature( 2024): write 29 bytes:62226997317,62235330650,150,0
10-03 02:11:57.553 I/sensors-hal( 1882): get_display_brightness:818, light_iface: set screenshot_info [62226997317,62235330650,150,0]
10-03 02:11:57.555 D/BoundBrokerSvc( 7191): onUnbind: Intent { act=com.google.android.gms.icing.LIGHTWEIGHT_INDEX_SERVICE dat=chimera-action:/... xflg=0x4 cmp=com.google.android.gms/.chimera.PersistentApiService mCallingUid=10258 }
10-03 02:11:57.556 D/BoundBrokerSvc( 7191): onUnbind: Intent { act=com.google.android.gms.auth.cryptauth.cryptauthservice.START dat=chimera-action:/... xflg=0x4 cmp=com.google.android.gms/.chimera.GmsBoundBrokerService mCallingUid=10258 }
10-03 02:11:57.560 D/OplusScrollToTopManager( 5144): Toast,window dying
10-03 02:11:57.560 D/OplusScrollToTopManager( 5144): Toast,unregisterGuidePopupDismissReceiverInSystemUI
10-03 02:11:57.560 D/OplusScrollToTopManager( 5144): Toast,Receiver not registered: android.view.OplusScrollToTopManager$1@8f6d3c1
10-03 02:11:57.562 D/HWUI    ( 5144): RenderProxy::destroy: this=0xb40000765c9e0e00, mContext=0xb4000074e4b3c900
10-03 02:11:57.562 D/HWUI    ( 5144): SkiaOpenGLPipeline::setSurface: this=0xb400007507e42d00, surface=NULL
10-03 02:11:57.562 D/BufferQueueProducer( 5144): [VRI[Toast]#12(BLAST Consumer)12](id:14180000000d,api:1,p:5144,c:5144) disconnect: api 1
10-03 02:11:57.564 I/WindowManager( 3557): Window{d880eae u0 Toast} state from HAS_DRAWN to NO_SURFACE; reason: destroySurface
10-03 02:11:57.566 D/WindowManager( 3557): NFW_findFocusedWindowIfNeeded:Window{f9361e6 u0 com.android.systemui} mCurrentFocus:Window{f9361e6 u0 com.android.systemui}
10-03 02:11:57.566 D/BLASTBufferQueue( 5144): [VRI[Toast]#12](f:0,a:1) destructor()
10-03 02:11:57.566 D/BufferQueueConsumer( 5144): [VRI[Toast]#12(BLAST Consumer)12](id:14180000000d,api:0,p:-1,c:5144) disconnect
10-03 02:11:57.566 W/NotificationService( 3557): Toast already killed. pkg=com.tencent.mm token=android.os.BinderProxy@506df5b
10-03 02:11:57.585 I/AccessibilityWindowsPopulator( 3557): getInsensibleFlag flag = 0
10-03 02:11:57.594 I/ChiX    ( 1909): [oplusAON:QSEEAON_ServiceCallback oplusSrvType:1] Receive QSEEAON Callback
10-03 02:11:57.596 D/BoundBrokerSvc( 7191): onUnbind: Intent { act=com.google.android.gms.facs.internal.service.START dat=chimera-action:/... xflg=0x4 cmp=com.google.android.gms/.chimera.GmsInternalApiService mCallingUid=10258 }
10-03 02:11:57.596 I/ChiX    ( 1909): [oplusAON:ProcessAONServiceEvent] AON Event notify for hClientHandle= 0xb40000769ea69840
10-03 02:11:57.597 I/ChiX    ( 1909): [oplusAON:ClientEventCallBack] AON Event notify srvType=1, clientHandle:0xb40000769ea69840
10-03 02:11:57.598 I/ChiX    ( 1909): [oplusAON:TranslateToAonCallbackInfo  AONServiceType: 1] Translate to Service Event Info
10-03 02:11:57.598 D/ChiX    ( 1909): [oplusAON:AddFusionResult] Translate to fuison Event Info
10-03 02:11:57.599 D/ChiX    ( 1909): [oplusAON:AddFusionResult] fusion:rotation_angle = 90.000000
10-03 02:11:57.599 D/ChiX    ( 1909): [oplusAON] fusion->count:0
10-03 02:11:57.599 D/ChiX    ( 1909): fusion->itemLength:20
10-03 02:11:57.599 D/AONLog  (12042): SensorHubAonManager: [notify] clientHandle:-5476376637414664128,isStopped:false, callback:k.g@dddbe50
10-03 02:11:57.600 D/BoundBrokerSvc( 7191): onUnbind: Intent { act=com.google.android.gms.pseudonymous.service.START dat=chimera-action:/... xflg=0x4 cmp=com.google.android.gms/.chimera.PersistentApiService mCallingUid=10258 }
10-03 02:11:57.600 D/AONLog  (12042): SensorHubAonManager: aonCallBackInfo-> serviceType:1, results:[Lvendor.oplus.hardware.camera.aon.AONResult;@741ecc4
10-03 02:11:57.600 D/AONLog  (12042): AONResultsClassify: convertToResult
10-03 02:11:57.600 D/AONLog  (12042): AONResultsClassify: have FusionResult
10-03 02:11:57.600 D/AONLog  (12042): sensorhub_engine: engineSwitchOn = true runningCmds.size()=1 stopRunningCmds.size()=0
10-03 02:11:57.600 D/AONLog  (12042): OSensorHubResultProcess: transform inParams：com.aon.service.aonsensorhublib.p@cdb7ad
10-03 02:11:57.600 D/AONLog  (12042): OSensorHubResultProcess: transform fusionResult getDataCount：0 rotateAngle = 90
10-03 02:11:57.600 I/AONLog  (12042): i: detect->faces num = 0, gesture num = 0
10-03 02:11:57.600 I/AONLog  (12042): GAZESTATE: enter gaze detect0
10-03 02:11:57.600 I/AONLog  (12042): GAZESTATE: final gaze state:false
10-03 02:11:57.600 D/AONLog  (12042): EngineContext: clear engine Context
10-03 02:11:57.600 D/AONLog  (12042): FramePackage: clear framePackage:0
10-03 02:11:57.600 D/AONLog  (12042): EngineContext: clear human Detected List
10-03 02:11:57.600 I/AONLog  (12042): ListenerManager: type = 1  eventInfo = 65538
10-03 02:11:57.601 I/AONLog  (12042): ListenerManager: notifySpecialObserver lock. AonCmdType:393217
10-03 02:11:57.602 D/BoundBrokerSvc( 7191): onUnbind: Intent { act=com.google.android.gms.audit.service.START dat=chimera-action:/... xflg=0x4 cmp=com.google.android.gms/.chimera.GmsBoundBrokerService mCallingUid=10258 }
10-03 02:11:57.602 I/AONLog  (12042): AONAttentionService: onEventParam event:65538 callback:com.oplus.wrapper.service.attention.IAttentionService%24Stub%241%241@7534003
10-03 02:11:57.602 I/ChiX    ( 1909): [oplusAON:ProcessAONServiceEvent] AON Event notify: Success callback:0xb40000769ea6a460 for hClientHandle= 0xb40000769ea69840
10-03 02:11:57.603 D/BoundBrokerSvc( 7191): onUnbind: Intent { act=com.google.android.gms.wallet.service.BIND xflg=0x4 pkg=com.google.android.gms mCallingUid=10258 }
10-03 02:11:57.627 D/BoundBrokerSvc( 7191): onUnbind: Intent { act=com.google.android.gms.chimera.container.moduleinstall.ModuleInstallService.START dat=chimera-action:/... xflg=0x4 cmp=com.google.android.gms/.chimera.GmsApiService mCallingUid=10258 }
10-03 02:11:57.627 I/AccessibilityWindowsPopulator( 3557): getInsensibleFlag flag = 0
10-03 02:11:57.640 D/BoundBrokerSvc( 7191): onUnbind: Intent { act=com.google.android.gms.auth.account.data.service.START dat=chimera-action:/... xflg=0x4 cmp=com.google.android.gms/.chimera.PersistentBoundBrokerService mCallingUid=10258 }
10-03 02:11:57.642 D/BoundBrokerSvc( 7191): onUnbind: Intent { act=com.google.android.gms.mdisync.service.START dat=chimera-action:/... xflg=0x4 cmp=com.google.android.gms/.chimera.GmsApiService mCallingUid=10258 }
10-03 02:11:57.665 I/SDM     ( 1951): DisplayBase::CommitThread: Received idle timeout, panel: cmd, timeout: 70000 us
10-03 02:11:57.670 I/sensors-hal( 1882): handle_sns_std_sensor_event:104, oplus rgb_rear sample: (cct, lux, ir, x, y)[5200, 0, 0, 0, 0]
10-03 02:11:57.670 I/sensors-hal( 1882): handle_sns_std_sensor_event:106, oplus rgb_rear sample: (r, g, b, c w)[0, 0, 0, 0, 0]
10-03 02:11:57.687 D/BoundBrokerSvc( 9760): onUnbind: Intent { act=com.google.android.gms.scheduler.ACTION_PROXY_SCHEDULE dat=chimera-action:/... xflg=0x4 cmp=com.google.android.gms/.chimera.PersistentDirectBootAwareApiService mCallingUid=99910258 }
10-03 02:11:57.689 D/osense.compress( 3557): com.absinthe.libchecker do shrink, target ratio = 10, final ratio = 20, cur ratio = 0
10-03 02:11:57.693 I/ChiX    ( 1909): [oplusAON:QSEEAON_ServiceCallback oplusSrvType:1] Receive QSEEAON Callback
10-03 02:11:57.693 I/ChiX    ( 1909): [oplusAON:ProcessAONServiceEvent] AON Event notify for hClientHandle= 0xb40000769ea69840
10-03 02:11:57.693 I/ChiX    ( 1909): [oplusAON:ClientEventCallBack] AON Event notify srvType=1, clientHandle:0xb40000769ea69840
10-03 02:11:57.693 I/ChiX    ( 1909): [oplusAON:TranslateToAonCallbackInfo  AONServiceType: 1] Translate to Service Event Info
10-03 02:11:57.693 D/ChiX    ( 1909): [oplusAON:AddFusionResult] Translate to fuison Event Info
10-03 02:11:57.693 D/ChiX    ( 1909): [oplusAON:AddFusionResult] fusion:rotation_angle = 90.000000
10-03 02:11:57.693 D/ChiX    ( 1909): [oplusAON] fusion->count:0
10-03 02:11:57.693 D/ChiX    ( 1909): fusion->itemLength:20
10-03 02:11:57.694 D/AONLog  (12042): SensorHubAonManager: [notify] clientHandle:-5476376637414664128,isStopped:false, callback:k.g@dddbe50
10-03 02:11:57.696 D/AONLog  (12042): SensorHubAonManager: aonCallBackInfo-> serviceType:1, results:[Lvendor.oplus.hardware.camera.aon.AONResult;@25c1ae2
10-03 02:11:57.696 D/AONLog  (12042): AONResultsClassify: convertToResult
10-03 02:11:57.696 D/AONLog  (12042): AONResultsClassify: have FusionResult
10-03 02:11:57.696 D/AONLog  (12042): sensorhub_engine: engineSwitchOn = true runningCmds.size()=1 stopRunningCmds.size()=0
10-03 02:11:57.697 D/BoundBrokerSvc( 7191): onUnbind: Intent { act=com.google.android.gms.time.trustedtime.service.START dat=chimera-action:/... xflg=0x4 cmp=com.google.android.gms/.chimera.PersistentDirectBootAwareApiService mCallingUid=10258 }
10-03 02:11:57.698 I/OplusHansManager ( 3557): uid=10343, pkg=com.sohu.inputmethod.sogou cannot transition from R to M, importance=input
10-03 02:11:57.699 D/AONLog  (12042): OSensorHubResultProcess: transform inParams：com.aon.service.aonsensorhublib.p@e347e73
10-03 02:11:57.699 D/AONLog  (12042): OSensorHubResultProcess: transform fusionResult getDataCount：0 rotateAngle = 90
10-03 02:11:57.699 I/AONLog  (12042): i: detect->faces num = 0, gesture num = 0
10-03 02:11:57.700 I/ChiX    ( 1909): [oplusAON:ProcessAONServiceEvent] AON Event notify: Success callback:0xb40000769ea6a460 for hClientHandle= 0xb40000769ea69840
10-03 02:11:57.700 I/AONLog  (12042): GAZESTATE: enter gaze detect0
10-03 02:11:57.700 I/AONLog  (12042): GAZESTATE: final gaze state:false
10-03 02:11:57.701 D/AONLog  (12042): EngineContext: clear engine Context
10-03 02:11:57.701 I/AONLog  (12042): ListenerManager: type = 1  eventInfo = 65538
10-03 02:11:57.701 D/AONLog  (12042): FramePackage: clear framePackage:0
10-03 02:11:57.702 D/AONLog  (12042): EngineContext: clear human Detected List
10-03 02:11:57.702 I/AONLog  (12042): ListenerManager: notifySpecialObserver lock. AonCmdType:393217
10-03 02:11:57.703 I/AONLog  (12042): AONAttentionService: onEventParam event:65538 callback:com.oplus.wrapper.service.attention.IAttentionService%24Stub%241%241@7534003
10-03 02:11:57.704 D/QmiClient( 2622): qmiServiceEventCallback recv msg id 47
10-03 02:11:57.704 D/QmiClient( 2622): enter -mServiceType 10 onQmiServiceEventCallback msgId 47
10-03 02:11:57.704 D/QmiClient( 2622): onQmiServiceEventCallback - enter. msgId=47
10-03 02:11:57.705 D/OttProxy( 2622): handleMessage msg is 3001
10-03 02:11:57.706 D/SubsysRadioIndication[0]( 5280): radioLinkLatencyInfoInd
10-03 02:11:57.706 D/SubsysRadioIndication[0]( 5280): notify enter
10-03 02:11:57.707 D/NetworkService[0]( 5280): handleMessage what:1008
10-03 02:11:57.707 D/NetworkService[0]( 5280): EVENT_REG_LINK_LATENCY_INFO_CHANGE ulLatency:11528
10-03 02:11:57.716 D/BoundBrokerSvc( 7191): onUnbind: Intent { act=com.google.android.gms.auth.proximity.devicesyncservice.START dat=chimera-action:/... xflg=0x4 cmp=com.google.android.gms/.chimera.PersistentBoundBrokerService mCallingUid=10258 }
10-03 02:11:57.722 W/TcmReceiver( 3557): type=1400 audit(0.0:129): avc:  denied  { connectto } for  path="/dev/socket/tcmd" scontext=u:r:system_server:s0 tcontext=u:r:vendor_tcmd:s0 tclass=unix_stream_socket permissive=0
10-03 02:11:57.737 D/FusionLightNextGen( 3557): process end reported = 1, mode: 0, cnt: 165, lux 16.2, cct 5300.0, r/g/b/c: 1691.3/1285.9/662.6/3597.1, R/G/B: 123.0/113.0/94.0, bri 1053.0, match 0.85, ir 0.000000, conf 2.0, ts 62238228637
10-03 02:11:57.737 I/sensors-hal( 1882): handle_oplus_wise_rgb_event:160, wise_rgb:(767)(cct,lux,ir)[5749.32, 47.51, 0.000000](rgbc)[1691.29, 1285.93, 662.65, 3597.13](pwm,hbm,brl,algo)[0.0 0.0 1053.0 2.0],flag 150
10-03 02:11:57.748 I/com.oplus.metis( 8433): AssetManager2(0xb4000076871a2628) locale list changing from [] to [zh-CN]
10-03 02:11:57.776 I/FuseDaemon( 7067): gc_priority_optimize fd is empty
10-03 02:11:57.777 I/FuseDaemon( 7067): open sharedFd failed with Permission denied
10-03 02:11:57.777 I/FuseDaemon( 7067): gc_priority_optimize set UX fail-1
10-03 02:11:57.777 I/FuseDaemon( 7067): gc_priority_optimize fd is empty
10-03 02:11:57.777 I/FuseDaemon( 7067): open sharedFd failed with Permission denied
10-03 02:11:57.777 I/FuseDaemon( 7067): gc_priority_optimize set UX fail-1
10-03 02:11:57.788 I/FuseDaemon( 7067): gc_priority_optimize fd is empty
10-03 02:11:57.788 I/FuseDaemon( 7067): open sharedFd failed with Permission denied
10-03 02:11:57.788 I/FuseDaemon( 7067): gc_priority_optimize set UX fail-1
10-03 02:11:57.788 I/FuseDaemon( 7067): gc_priority_optimize fd is empty
10-03 02:11:57.788 I/FuseDaemon( 7067): open sharedFd failed with Permission denied
10-03 02:11:57.788 I/FuseDaemon( 7067): gc_priority_optimize set UX fail-1
10-03 02:11:57.791 I/FuseDaemon( 7067): gc_priority_optimize fd is empty
10-03 02:11:57.791 I/FuseDaemon( 7067): open sharedFd failed with Permission denied
10-03 02:11:57.791 I/FuseDaemon( 7067): gc_priority_optimize set UX fail-1
10-03 02:11:57.791 I/FuseDaemon( 7067): gc_priority_optimize fd is empty
10-03 02:11:57.791 I/FuseDaemon( 7067): open sharedFd failed with Permission denied
10-03 02:11:57.791 I/FuseDaemon( 7067): gc_priority_optimize set UX fail-1
10-03 02:11:57.792 D/BoundBrokerSvc( 9760): onUnbind: Intent { act=com.google.android.gms.presencemanager.service.START dat=chimera-action:/... xflg=0x4 cmp=com.google.android.gms/.chimera.PersistentApiService mCallingUid=99910258 }
10-03 02:11:57.793 D/BoundBrokerSvc( 9760): onUnbind: Intent { act=com.google.android.gms.presencemanager.service.INTERNAL_IDENTITY dat=chimera-action:/... xflg=0x4 cmp=com.google.android.gms/.chimera.PersistentApiService mCallingUid=99910258 }
10-03 02:11:57.794 I/FuseDaemon( 7067): gc_priority_optimize fd is empty
10-03 02:11:57.794 I/FuseDaemon( 7067): open sharedFd failed with Permission denied
10-03 02:11:57.794 I/FuseDaemon( 7067): gc_priority_optimize set UX fail-1
10-03 02:11:57.794 I/ChiX    ( 1909): [oplusAON:QSEEAON_ServiceCallback oplusSrvType:1] Receive QSEEAON Callback
10-03 02:11:57.794 I/ChiX    ( 1909): [oplusAON:ProcessAONServiceEvent] AON Event notify for hClientHandle= 0xb40000769ea69840
10-03 02:11:57.794 I/ChiX    ( 1909): [oplusAON:ClientEventCallBack] AON Event notify srvType=1, clientHandle:0xb40000769ea69840
10-03 02:11:57.794 I/ChiX    ( 1909): [oplusAON:TranslateToAonCallbackInfo  AONServiceType: 1] Translate to Service Event Info
10-03 02:11:57.794 D/ChiX    ( 1909): [oplusAON:AddFusionResult] Translate to fuison Event Info
10-03 02:11:57.794 D/ChiX    ( 1909): [oplusAON:AddFusionResult] fusion:rotation_angle = 90.000000
10-03 02:11:57.794 D/ChiX    ( 1909): [oplusAON] fusion->count:0
10-03 02:11:57.794 D/ChiX    ( 1909): fusion->itemLength:20
10-03 02:11:57.795 I/FuseDaemon( 7067): gc_priority_optimize fd is empty
10-03 02:11:57.795 I/FuseDaemon( 7067): open sharedFd failed with Permission denied
10-03 02:11:57.795 I/FuseDaemon( 7067): gc_priority_optimize set UX fail-1
10-03 02:11:57.795 D/AONLog  (12042): SensorHubAonManager: [notify] clientHandle:-5476376637414664128,isStopped:false, callback:k.g@dddbe50
10-03 02:11:57.795 D/AONLog  (12042): SensorHubAonManager: aonCallBackInfo-> serviceType:1, results:[Lvendor.oplus.hardware.camera.aon.AONResult;@ad31130
10-03 02:11:57.795 D/AONLog  (12042): AONResultsClassify: convertToResult
10-03 02:11:57.795 D/AONLog  (12042): AONResultsClassify: have FusionResult
10-03 02:11:57.795 D/AONLog  (12042): sensorhub_engine: engineSwitchOn = true runningCmds.size()=1 stopRunningCmds.size()=0
10-03 02:11:57.795 I/ChiX    ( 1909): [oplusAON:ProcessAONServiceEvent] AON Event notify: Success callback:0xb40000769ea6a460 for hClientHandle= 0xb40000769ea69840
10-03 02:11:57.796 D/AONLog  (12042): OSensorHubResultProcess: transform inParams：com.aon.service.aonsensorhublib.p@63b21a9
10-03 02:11:57.796 D/AONLog  (12042): OSensorHubResultProcess: transform fusionResult getDataCount：0 rotateAngle = 90
10-03 02:11:57.796 I/AONLog  (12042): i: detect->faces num = 0, gesture num = 0
10-03 02:11:57.796 I/AONLog  (12042): GAZESTATE: enter gaze detect0
10-03 02:11:57.796 I/AONLog  (12042): GAZESTATE: final gaze state:false
10-03 02:11:57.798 D/AONLog  (12042): EngineContext: clear engine Context
10-03 02:11:57.800 D/AONLog  (12042): FramePackage: clear framePackage:0
10-03 02:11:57.800 D/AONLog  (12042): EngineContext: clear human Detected List
10-03 02:11:57.801 I/ActivityManager( 3557): Waited long enough for: ServiceRecord{3fb2c5 u0 com.coloros.regservice/cn.richinfo.dm.service.DMService c:com.coloros.regservice}
10-03 02:11:57.802 I/AONLog  (12042): ListenerManager: type = 1  eventInfo = 65538
10-03 02:11:57.803 I/AONLog  (12042): ListenerManager: notifySpecialObserver lock. AonCmdType:393217
10-03 02:11:57.803 I/AONLog  (12042): AONAttentionService: onEventParam event:65538 callback:com.oplus.wrapper.service.attention.IAttentionService%24Stub%241%241@7534003
10-03 02:11:57.803 D/BoundBrokerSvc( 7191): onUnbind: Intent { act=com.google.android.gms.udc.service.START dat=chimera-action:/... xflg=0x4 cmp=com.google.android.gms/.chimera.PersistentApiService mCallingUid=10258 }
10-03 02:11:57.820 I/putmethod.sogou(12824): ThrowNoClassDefFoundError when open swordfish
10-03 02:11:57.825 I/OplusHansManager ( 3557): uid=10395, pkg=com.tencent.mm cannot transition from R to M, importance=top
10-03 02:11:57.846 W/ContextImpl( 9283): Calling a method in the system process without a qualified user: android.app.ContextImpl.bindService:2135 android.content.ContextWrapper.bindService:901 com.oplus.onetrace.connection.a.f:23 com.oplus.onetrace.connection.b.c:24 T.b.j:8 
10-03 02:11:57.853 D/COMMON_CONNECT( 9283): Connect StatsManagerService, succeed ? true
10-03 02:11:57.863 D/Zygote  ( 1741): Forked child process 18222
10-03 02:11:57.864 I/ActivityManager( 3557): Start proc 18222:com.oplus.onetrace/1000 for service {com.oplus.onetrace/com.oplus.onetrace.controller.StatsManagerService}
10-03 02:11:57.865 E/qspmHal ( 2007): setAppInfoH atPid = 18222, gpuFname:com.oplus.onetrace, gpuFver:2441
10-03 02:11:57.865 I/MemoryOperationUtils( 3557): add 18222 to inactive
10-03 02:11:57.865 I/ActivityManager( 3557): ProcessObserver broadcast disabled
10-03 02:11:57.865 I/OStatsManager_OplusBatteryStatsManager( 3557): updateStateTime: PkgName = com.oplus.onetrace, uid = 1000, state to bg, mForegroundCnt = 0, isFg = false
10-03 02:11:57.868 D/SensorFeature( 2024): name=ssc_screenshot_info ,index = 22
10-03 02:11:57.869 D/SensorFeature( 2024): write 29 bytes:62500738359,62551346796,151,0
10-03 02:11:57.869 I/SDM     ( 1951): DisplayBase::CommitThread: Received idle timeout, panel: cmd, timeout: 70000 us
10-03 02:11:57.892 I/.oplus.onetrace(18222): isSwordfishLaunchAppEnabled_ 1 isSwordfishInstallAppEnabled_ 1
10-03 02:11:57.892 E/.oplus.onetrace(18222): Unknown bits set in runtime_flags: 0x40000000
10-03 02:11:57.892 I/.oplus.onetrace(18222): Using CollectorTypeCMC GC.
10-03 02:11:57.895 E/.oplus.onetrace(18222): Not starting debugger since process cannot load the jdwp agent.
10-03 02:11:57.896 I/ChiX    ( 1909): [oplusAON:QSEEAON_ServiceCallback oplusSrvType:1] Receive QSEEAON Callback
10-03 02:11:57.897 I/ChiX    ( 1909): [oplusAON:ProcessAONServiceEvent] AON Event notify for hClientHandle= 0xb40000769ea69840
10-03 02:11:57.898 W/.oplus.onetrace(18222): Thread Pool max thread count is 0. Cannot cache binder as linkToDeath cannot be implemented. serviceName: activity
10-03 02:11:57.898 D/VectorZygiskBridge( 3557): onTransact: action=GET_BINDER, callerUid=1000
10-03 02:11:57.899 I/ChiX    ( 1909): [oplusAON:ClientEventCallBack] AON Event notify srvType=1, clientHandle:0xb40000769ea69840
10-03 02:11:57.900 I/NMOD    (18222): post: proc=com.oplus.onetrace manage=0 native=0 dex=0
10-03 02:11:57.901 I/ChiX    ( 1909): [oplusAON:TranslateToAonCallbackInfo  AONServiceType: 1] Translate to Service Event Info
10-03 02:11:57.901 D/ChiX    ( 1909): [oplusAON:AddFusionResult] Translate to fuison Event Info
10-03 02:11:57.902 D/ChiX    ( 1909): [oplusAON:AddFusionResult] fusion:rotation_angle = 90.000000
10-03 02:11:57.902 D/ChiX    ( 1909): [oplusAON] fusion->count:0
10-03 02:11:57.902 D/ChiX    ( 1909): fusion->itemLength:20
10-03 02:11:57.903 D/AONLog  (12042): SensorHubAonManager: [notify] clientHandle:-5476376637414664128,isStopped:false, callback:k.g@dddbe50
10-03 02:11:57.906 D/IMApp-100-10395( 5280): transport layer data is invalid
10-03 02:11:57.907 D/AONLog  (12042): SensorHubAonManager: aonCallBackInfo-> serviceType:1, results:[Lvendor.oplus.hardware.camera.aon.AONResult;@d25032e
10-03 02:11:57.907 D/AONLog  (12042): AONResultsClassify: convertToResult
10-03 02:11:57.907 D/AONLog  (12042): AONResultsClassify: have FusionResult
10-03 02:11:57.908 D/AONLog  (12042): sensorhub_engine: engineSwitchOn = true runningCmds.size()=1 stopRunningCmds.size()=0
10-03 02:11:57.908 D/AONLog  (12042): OSensorHubResultProcess: transform inParams：com.aon.service.aonsensorhublib.p@34e8ecf
10-03 02:11:57.908 D/AONLog  (12042): OSensorHubResultProcess: transform fusionResult getDataCount：0 rotateAngle = 90
10-03 02:11:57.908 I/ChiX    ( 1909): [oplusAON:ProcessAONServiceEvent] AON Event notify: Success callback:0xb40000769ea6a460 for hClientHandle= 0xb40000769ea69840
10-03 02:11:57.909 I/AONLog  (12042): i: detect->faces num = 0, gesture num = 0
10-03 02:11:57.909 D/IMApp-104-10395( 5280): commonScoreStrategy scenarios 3 mTLD.uplink_packets + mTLD.downlink_packets > 10 avgRtt66
10-03 02:11:57.910 I/AONLog  (12042): GAZESTATE: enter gaze detect0
10-03 02:11:57.910 I/AONLog  (12042): GAZESTATE: final gaze state:false
10-03 02:11:57.910 D/IMApp-104-10395( 5280): notifyScoreChange appScene COMMON score 100
10-03 02:11:57.910 D/AONLog  (12042): EngineContext: clear engine Context
10-03 02:11:57.910 D/AONLog  (12042): FramePackage: clear framePackage:0
10-03 02:11:57.911 D/AONLog  (12042): EngineContext: clear human Detected List
10-03 02:11:57.911 I/AONLog  (12042): ListenerManager: type = 1  eventInfo = 65538
10-03 02:11:57.911 I/AONLog  (12042): ListenerManager: notifySpecialObserver lock. AonCmdType:393217
10-03 02:11:57.911 I/AONLog  (12042): AONAttentionService: onEventParam event:65538 callback:com.oplus.wrapper.service.attention.IAttentionService%24Stub%241%241@7534003
10-03 02:11:57.911 D/ScorePolicy( 5280): handleScoreChanged: []
10-03 02:11:57.912 D/ScorePolicy( 5280): handleScoreChanged: []
10-03 02:11:57.912 D/ScorePolicy( 5280): handleScoreChanged: []
10-03 02:11:57.916 D/nativeloader(18222): Load libframework-connectivity-tiramisu-jni.so using APEX ns com_android_tethering for caller /apex/com.android.tethering/javalib/framework-connectivity-t.jar: ok
10-03 02:11:57.918 W/libc    (18222): Access denied finding property "persist.vendor.sys.activitylog"
10-03 02:11:57.918 I/OneTrace(18222): Mark active for pid=18222? true
10-03 02:11:57.918 D/cutils-dev(18222): otrace_set_tracing_enabled? true tag:0
10-03 02:11:57.918 D/cutils-dev(18222): properties changed in otrace_seq_number_changed!
10-03 02:11:57.920 D/SplitScreenAppReader( 3557): SPLIT_TOUCH support check:com.oplus.onetrace = false
10-03 02:11:57.921 D/ActivityTaskManagerServiceExtImpl( 3557): preBindApplication record is null
10-03 02:11:57.921 D/RGBNormalizeServer( 3557): OplusRGBNormalize feature enabled ? true
10-03 02:11:57.921 D/ResourcesManagerCache( 3557): For package com.oplus.onetrace we got cacheList [null] appInfoExt is null ? false hasFeature ? false
10-03 02:11:57.928 W/OplusExSystemServiceHelper(18222): checkOplusExSystemService intent getComponent is null
10-03 02:11:57.928 D/CompactWindowAppManager(18222): initCompactApplicationInfo CompactMode: , NormalMode: 
10-03 02:11:57.929 V/Configuration(18222): Updating configuration, locales updated from [] to [zh_CN]
10-03 02:11:57.929 D/OplusScrollToTopManager(18222): setIsInWhiteList false
10-03 02:11:57.930 D/OplusViewDebugManager(18222): OplusViewDebugManager Constructor android.view.debug.OplusViewDebugManager@89e0d31 [mHasViewDebugProperty true] [mHasMsgDebugProperty false] [DEBUG false] [EXTRAINFOENABLE false] [LIGHT_OS false]
10-03 02:11:57.933 W/libc    (18222): Access denied finding property "ro.odm.prev.product.name"
10-03 02:11:57.942 D/ActivityManager( 3557): freezing 6182 com.android.cellbroadcastreceiver.module
10-03 02:11:57.945 D/nativeloader(18222): Configuring clns-shared-9 for other apk /system_ext/app/OTrace/OTrace.apk. target_sdk_version=36, uses_libraries=, library_path=/system_ext/app/OTrace/lib/arm64:/system_ext/app/OTrace/OTrace.apk!/lib/arm64-v8a:/system/lib64:/system_ext/lib64, permitted_path=/data:/mnt/expand:/data/user_de/0/com.oplus.onetrace:/system_ext/app/OTrace:/system/lib64:/system_ext/lib64
10-03 02:11:57.947 D/ActivityManager( 3557): reportOneUidFrozenStateChanged uid 10279 frozen = true
10-03 02:11:57.948 I/.oplus.onetrace(18222): AssetManager2(0xb4000076bf2a0428) locale list changing from [] to [zh-CN]
10-03 02:11:57.949 D/InetDiagMessage( 3557): Destroyed 0 sockets, proto=IPPROTO_TCP, family=AF_INET, states=14
10-03 02:11:57.950 D/InetDiagMessage( 3557): Destroyed 0 sockets, proto=IPPROTO_TCP, family=AF_INET6, states=14
10-03 02:11:57.950 D/InetDiagMessage( 3557): Destroyed live tcp sockets for uids={10279} in 3ms
10-03 02:11:57.951 V/GraphicsEnvironment(18222): Currently set values for:
10-03 02:11:57.951 V/GraphicsEnvironment(18222):   angle_gl_driver_selection_pkgs=[]
10-03 02:11:57.951 V/GraphicsEnvironment(18222):   angle_gl_driver_selection_values=[]
10-03 02:11:57.951 V/GraphicsEnvironment(18222): com.oplus.onetrace is not listed in per-application setting
10-03 02:11:57.951 V/GraphicsEnvironment(18222): ANGLE allowlist from config: 
10-03 02:11:57.951 V/GraphicsEnvironment(18222): com.oplus.onetrace is not listed in ANGLE allowlist or settings, returning default
10-03 02:11:57.953 I/com.oplus.metis( 8433): AssetManager2(0xb4000076871a2928) locale list changing from [] to [zh-CN]
10-03 02:11:57.954 E/JobScheduler.Background( 3557): Couldn't determine stopped state for unknown package: com.tencent.wework
10-03 02:11:57.954 E/JobScheduler.Background( 3557): Couldn't determine stopped state for unknown package: com.tencent.wework
10-03 02:11:57.954 E/JobScheduler.Background( 3557): Couldn't determine stopped state for unknown package: com.tencent.wework
10-03 02:11:57.956 E/AppFeatureProviderUtils(18222): getBoolean: getStringForFeature return null
10-03 02:11:57.958 W/System.err(18222): java.io.FileNotFoundException: CORE-LOG-2_2026-10-03_02-11-57: open failed: EROFS (Read-only file system)
10-03 02:11:57.959 W/System.err(18222): 	at libcore.io.IoBridge.open(IoBridge.java:574)
10-03 02:11:57.959 W/System.err(18222): 	at java.io.RandomAccessFile.<init>(RandomAccessFile.java:307)
10-03 02:11:57.959 W/System.err(18222): 	at java.io.RandomAccessFile.<init>(RandomAccessFile.java:237)
10-03 02:11:57.959 W/System.err(18222): 	at r0.b.<init>(MappedByteBufferWriter.java:13)
10-03 02:11:57.960 W/System.err(18222): 	at t0.h.<init>(DebugTool.java:9)
10-03 02:11:57.960 W/System.err(18222): 	at t0.f.c(CoreLog.java:19)
10-03 02:11:57.960 W/System.err(18222): 	at t0.f.i(CoreLog.java:4)
10-03 02:11:57.960 W/System.err(18222): 	at t0.f.a(CoreLog.java:1)
10-03 02:11:57.960 W/System.err(18222): 	at t0.e.run(R8$$SyntheticClass:9)
10-03 02:11:57.960 D/OplusGraphicsEvent(18222): OplusGraphicsEventListener create now!
10-03 02:11:57.961 W/System.err(18222): 	at android.os.Handler.handleCallback(Handler.java:1027)
10-03 02:11:57.961 W/System.err(18222): 	at android.os.Handler.dispatchMessage(Handler.java:108)
10-03 02:11:57.961 W/System.err(18222): 	at com.oplus.dispatch.DispatchObject.handleMessageWork(DispatchObject.java:258)
10-03 02:11:57.961 W/System.err(18222): 	at com.oplus.dispatch.DispatchObject.lambda$new$0(DispatchObject.java:174)
10-03 02:11:57.961 W/System.err(18222): 	at com.oplus.dispatch.DispatchObject$$ExternalSyntheticLambda0.run(D8$$SyntheticClass:0)
10-03 02:11:57.961 W/System.err(18222): 	at com.oplus.dispatch.DispatchObject.runDispatchObject(DispatchObject.java:227)
10-03 02:11:57.961 W/System.err(18222): 	at com.oplus.dispatch.OThread.dispatchSerialDrain(OThread.java:512)
10-03 02:11:57.961 W/System.err(18222): 	at com.oplus.dispatch.OThread.dispatchQueueDrain(OThread.java:385)
10-03 02:11:57.961 W/System.err(18222): 	at com.oplus.dispatch.OThread.run(OThread.java:266)
10-03 02:11:57.961 W/System.err(18222): Caused by: android.system.ErrnoException: open failed: EROFS (Read-only file system)
10-03 02:11:57.961 W/System.err(18222): 	at libcore.io.Linux.open(Native Method)
10-03 02:11:57.961 W/System.err(18222): 	at libcore.io.ForwardingOs.open(ForwardingOs.java:568)
10-03 02:11:57.961 W/System.err(18222): 	at libcore.io.BlockGuardOs.open(BlockGuardOs.java:274)
10-03 02:11:57.961 W/System.err(18222): 	at libcore.io.ForwardingOs.open(ForwardingOs.java:568)
10-03 02:11:57.961 W/System.err(18222): 	at android.app.ActivityThread$AndroidOs.open(ActivityThread.java:9818)
10-03 02:11:57.961 W/System.err(18222): 	at libcore.io.IoBridge.open(IoBridge.java:560)
10-03 02:11:57.961 W/System.err(18222): 	... 17 more
10-03 02:11:57.961 D/OplusGraphicsEvent(18222): addEventListener success!
10-03 02:11:57.962 E/[UAH_CLIENT](18222): uahInit enter
10-03 02:11:57.964 W/.oplus.onetrace(18222): AIBinder_linkToDeath is being called with a non-null cookie and no onUnlink callback set. This might not be intended. AIBinder_DeathRecipient_setOnUnlinked should be called first.
10-03 02:11:57.964 I/UrccFramework-halservice( 2066): Urcc::init is called 
10-03 02:11:57.965 I/[UAH_CLIENT](18222): UahGetFeatureStatus enter
10-03 02:11:57.968 I/ActivityManager( 3557): Flag disabled. Ignoring finishAttachApplication from uid: 1000. pid: 18222
10-03 02:11:57.972 E/ANDR-PERF-CLIENT-SYS(18222): death recipent object is fine
10-03 02:11:57.972 W/.oplus.onetrace(18222): AIBinder_linkToDeath is being called with a non-null cookie and no onUnlink callback set. This might not be intended. AIBinder_DeathRecipient_setOnUnlinked should be called first.
10-03 02:11:57.973 D/OplusActivityManager(18222): get AMS extension: android.os.BinderProxy@7cce4fa
10-03 02:11:57.976 I/PendingBootExecutor(18222): PendingBootExecutor is initialized.
10-03 02:11:57.980 I/CpuTaskInfoProducer(18222): Enable cpu stats 1.0, CpuTaskInfo producer is initialized
10-03 02:11:57.983 I/CpuTaskStatsManager(18222): set ctp1.0 enable state:true
10-03 02:11:57.984 D/PerformanceService( 2025): enable task cpustats
10-03 02:11:57.984 W/CpuTaskStatsProvider(18222): Period should be in range [5000, 10000]
10-03 02:11:57.985 W/ContextImpl(18222): Calling a method in the system process without a qualified user: android.app.ContextImpl.bindService:2135 android.content.ContextWrapper.bindService:901 com.oplus.dataprovider.utils.AthenaManager.p:19 com.oplus.dataprovider.utils.AthenaManager.u:24 com.oplus.dataprovider.utils.AthenaManager.s:1 
10-03 02:11:57.986 W/OplusExSystemServiceHelper( 5265): checkOplusExSystemService intent getComponent is null
10-03 02:11:57.986 W/ContextImpl(18222): Calling a method in the system process without a qualified user: android.app.ContextImpl.bindService:2135 android.content.ContextWrapper.bindService:901 com.oplus.dataprovider.utils.AthenaManager.o:19 com.oplus.dataprovider.utils.AthenaManager.t:24 com.oplus.dataprovider.utils.AthenaManager.s:4 
10-03 02:11:57.987 W/OplusExSystemServiceHelper( 5265): checkOplusExSystemService intent getComponent is null
10-03 02:11:57.987 D/ProfileLoader(18222): Load profile with prefKey: onetrace_profile_key
10-03 02:11:57.988 I/Athena  ( 5265): AthenaService: onBind intent:Intent { act=com.oplus.athena.IAthenaKillerManager xflg=0x4 pkg=com.oplus.athena mCallingUid=1000 }
10-03 02:11:57.991 I/StatsManagerService(18222): Set RUS pending update task.
10-03 02:11:57.991 D/BroadcastCompat(18222): 2)Register receiver:s0.j@a772c13
10-03 02:11:57.993 D/ProfileLoaderTask(18222): Start resolve profile: sys_athena_thermal_profile from RUS with type=com.oplus.onetrace.profile.Profile
10-03 02:11:57.993 D/ProfileLoader(18222): Load profile with prefKey: node_prop_config_key
10-03 02:11:57.993 I/MetricStatsManagerCached(18222): Register prop config listener.
10-03 02:11:57.994 I/ChiX    ( 1909): [oplusAON:QSEEAON_ServiceCallback oplusSrvType:1] Receive QSEEAON Callback
10-03 02:11:57.994 I/ChiX    ( 1909): [oplusAON:ProcessAONServiceEvent] AON Event notify for hClientHandle= 0xb40000769ea69840
10-03 02:11:57.994 I/ChiX    ( 1909): [oplusAON:ClientEventCallBack] AON Event notify srvType=1, clientHandle:0xb40000769ea69840
10-03 02:11:57.994 I/ChiX    ( 1909): [oplusAON:TranslateToAonCallbackInfo  AONServiceType: 1] Translate to Service Event Info
10-03 02:11:57.994 D/ChiX    ( 1909): [oplusAON:AddFusionResult] Translate to fuison Event Info
10-03 02:11:57.994 D/ChiX    ( 1909): [oplusAON:AddFusionResult] fusion:rotation_angle = 90.000000
10-03 02:11:57.994 D/ChiX    ( 1909): [oplusAON] fusion->count:0
10-03 02:11:57.994 D/ChiX    ( 1909): fusion->itemLength:20
10-03 02:11:57.994 D/ProfileLoaderTask(18222): Start resolve profile: sys_ostats_top_app_list from RUS with type=com.oplus.onetrace.profile.TopAppProfile
10-03 02:11:57.994 D/AONLog  (12042): SensorHubAonManager: [notify] clientHandle:-5476376637414664128,isStopped:false, callback:k.g@dddbe50
10-03 02:11:57.994 D/AONLog  (12042): SensorHubAonManager: aonCallBackInfo-> serviceType:1, results:[Lvendor.oplus.hardware.camera.aon.AONResult;@b10105c
10-03 02:11:57.994 D/AONLog  (12042): AONResultsClassify: convertToResult
10-03 02:11:57.994 D/AONLog  (12042): AONResultsClassify: have FusionResult
10-03 02:11:57.994 D/AONLog  (12042): sensorhub_engine: engineSwitchOn = true runningCmds.size()=1 stopRunningCmds.size()=0
10-03 02:11:57.994 I/ChiX    ( 1909): [oplusAON:ProcessAONServiceEvent] AON Event notify: Success callback:0xb40000769ea6a460 for hClientHandle= 0xb40000769ea69840
10-03 02:11:57.994 D/AONLog  (12042): OSensorHubResultProcess: transform inParams：com.aon.service.aonsensorhublib.p@dfb2f65
10-03 02:11:57.995 D/AONLog  (12042): OSensorHubResultProcess: transform fusionResult getDataCount：0 rotateAngle = 90
10-03 02:11:57.995 I/AONLog  (12042): i: detect->faces num = 0, gesture num = 0
10-03 02:11:57.995 I/AONLog  (12042): GAZESTATE: enter gaze detect0
10-03 02:11:57.995 I/AONLog  (12042): GAZESTATE: final gaze state:false
10-03 02:11:57.995 D/ProfileLoader(18222): Load profile with prefKey: onetrace_profile_key
10-03 02:11:57.995 D/AONLog  (12042): EngineContext: clear engine Context
10-03 02:11:57.995 D/AONLog  (12042): FramePackage: clear framePackage:0
10-03 02:11:57.995 D/AONLog  (12042): EngineContext: clear human Detected List
10-03 02:11:57.995 I/AONLog  (12042): ListenerManager: type = 1  eventInfo = 65538
10-03 02:11:57.995 I/AONLog  (12042): ListenerManager: notifySpecialObserver lock. AonCmdType:393217
10-03 02:11:57.995 I/AONLog  (12042): AONAttentionService: onEventParam event:65538 callback:com.oplus.wrapper.service.attention.IAttentionService%24Stub%241%241@7534003
10-03 02:11:57.996 W/SchedTaskCollector(18222): Failed to create root dir!
10-03 02:11:57.997 V/BinderSender( 8659): Uid 10188 starts
10-03 02:11:57.998 W/ProfileLoaderTask(18222): The content of column:xml is empty!
10-03 02:11:57.999 W/ProfileLoaderTask(18222): The content of column:xml is empty!
10-03 02:11:58.002 I/sensors-hal( 1882): handle_oplus_wise_rgb_event:189, high_pwm_light:lux 47.9,cct 5752.0,brl/algo/ir 1053.0/2.0/0.0,pwm/dc 0.0/0.0,rgbc 1660.758423/1268.472656/668.783630/3552.798828,ts 62512438012,cnt 770,flag 151
10-03 02:11:58.002 I/sensors-hal( 1882): handle_oplus_wise_rgb_event:160, wise_rgb:(772)(cct,lux,ir)[5752.01, 47.88, 0.000000](rgbc)[1697.39, 1285.93, 674.92, 3603.46](pwm,hbm,brl,algo)[0.0 0.0 1053.0 2.0],flag 151
10-03 02:11:58.003 I/FileCleaner(18222): Apply cleaner for dir:/data/persist_log/backup/OTRTA/thermal_metrics
10-03 02:11:58.004 I/FileCleaner(18222): Apply cleaner for dir:/data/persist_log/DCS/de/OTRTA/thermal_metrics
10-03 02:11:58.005 I/FileCleaner(18222): Apply cleaner for dir:/data/user_de/0/com.oplus.onetrace/cache/OTRTA/manually_traces
10-03 02:11:58.005 D/ProfileLoader(18222): Load profile with prefKey: onetrace_profile_key
10-03 02:11:58.005 D/ProfileLoader(18222): Load profile with prefKey: onetrace_list_key
10-03 02:11:58.007 D/TerminateObserverManager( 3557): registerTerminateObserver: com.oplus.app.IProcessTerminateObserver$Stub$Proxy@a06281f 18222
10-03 02:11:58.007 E/OplusAthenaAm( 3557): onTerminateStateChanged pid: 18222 uid:1000 isRegister:true
10-03 02:11:58.008 E/OplusAthenaAm( 3557): AthenaAmManagerInternal transact code hello:13,flags:0
10-03 02:11:58.008 I/StatsManagerService(18222): Register terminate observer, result=true
10-03 02:11:58.010 E/AppFeatureProviderUtils(18222): getBoolean: getStringForFeature return null
10-03 02:11:58.012 D/MessengerHelper( 9283): onServiceConnected:com.oplus.onetrace.connection.a$b@825ab7b
10-03 02:11:58.012 E/SchedAssist(18222): open sharedFd failed with error=Permission denied
10-03 02:11:58.012 E/SchedAssist(18222): open sharedFd failed with error=Permission denied
10-03 02:11:58.013 I/DynamicFramerate [FRTCConfigManager](18222): initFrameRateConfig: 
10-03 02:11:58.013 I/DynamicFramerate [FRTCConfigManager](18222): 	levelsFor120hz: [120, 90, 72, 60]
10-03 02:11:58.013 I/DynamicFramerate [FRTCConfigManager](18222): 	thresholdsFor120hz: [1080, 300, 200]
10-03 02:11:58.013 I/DynamicFramerate [FRTCConfigManager](18222): 	levelsFor90hz: [90]
10-03 02:11:58.013 I/DynamicFramerate [FRTCConfigManager](18222): 	thresholdsFor90hz: []
10-03 02:11:58.013 I/DynamicFramerate [FRTCConfigManager](18222): FRTCConfigManager: FRTC_CAPABILITY = 360, package name = com.oplus.onetrace, WINDOW_ANIMATION_SPEED_RATE = 10, SCROLL_ANIMATION_SPEED_RATE = 20, PACKAGE_ENABLE = false
10-03 02:11:58.013 I/DynamicFramerate [DynamicFrameRateController](18222): init info: mPackageName = com.oplus.onetrace, mIsEnabled = false
10-03 02:11:58.026 E/ashmem  (18222): Pinning is deprecated since Android Q. Please use trim or other methods.
10-03 02:11:58.028 D/ConnectivityService( 3557): requestNetwork for uid/pid:1000/18222 activeRequest: null callbackRequest: 354 [NetworkRequest [ REQUEST id=355, [ Capabilities: INTERNET&NOT_RESTRICTED&TRUSTED&NOT_VCN_MANAGED&NOT_BANDWIDTH_CONSTRAINED Uid: 1000 RequestorUid: 1000 RequestorPkg: com.oplus.onetrace UnderlyingNetworks: Null] ]] callback flags: 0 order: 2147483647 isUidTracked: false declaredMethods: AVAIL|LOST
10-03 02:11:58.035 W/CameraStatsProvider(18222): Camera mode settings is not found!
10-03 02:11:58.036 W/CameraStatsProvider(18222): Camera fps is not found!
10-03 02:11:58.036 D/BroadcastCompat(18222): 1)Register receiver:com.oplus.dataprovider.server.F$b@d7f29c5
10-03 02:11:58.037 W/FileNodeStatsProvider(18222): Failed to access file node path=/proc/wireless/enable_tx
10-03 02:11:58.037 W/FileNodeStatsProvider(18222): Failed to access file node path=/sys/module/cpufreq_bouncing/parameters/trace
10-03 02:11:58.038 W/FileNodeStatsProvider(18222): Failed to access file node path=/sys/devices/system/cpu/cpufreq/policy4/scaling_max_freq
10-03 02:11:58.038 W/FileNodeStatsProvider(18222): Failed to access file node path=/sys/devices/system/cpu/cpufreq/policy4/scaling_min_freq
10-03 02:11:58.039 W/FileNodeStatsProvider(18222): Failed to access file node path=/sys/class/leds/lcd-backlight/brightness
10-03 02:11:58.039 W/FileNodeStatsProvider(18222): Failed to access file node path=/sys/class/leds/fan/speed
10-03 02:11:58.039 W/FileNodeStatsProvider(18222): Failed to access file node path=/sys/class/leds/fan/state
10-03 02:11:58.039 W/FileNodeStatsProvider(18222): Failed to access file node path=/sys/class/leds/fan/rpm
10-03 02:11:58.039 W/FileNodeStatsProvider(18222): Failed to access file node path=/sys/class/leds/fan/level
10-03 02:11:58.039 I/CameraManagerExtImpl(18222): packagename is com.oplus.onetrace
10-03 02:11:58.039 I/OplusCameraManager(18222): saveOpPackageName, mOpPackageName: com.oplus.onetrace
10-03 02:11:58.039 I/CameraManagerGlobal(18222): Connecting to camera service
10-03 02:11:58.042 D/WifiNetworkFactory( 3557): got request NetworkRequest [ REQUEST id=355, [ Capabilities: INTERNET&NOT_RESTRICTED&TRUSTED&NOT_VCN_MANAGED&NOT_BANDWIDTH_CONSTRAINED Uid: 1000 RequestorUid: 1000 RequestorPkg: com.oplus.onetrace UnderlyingNetworks: Null] ]
10-03 02:11:58.042 D/UntrustedWifiNetworkFactory( 3557): got request NetworkRequest [ REQUEST id=355, [ Capabilities: INTERNET&NOT_RESTRICTED&TRUSTED&NOT_VCN_MANAGED&NOT_BANDWIDTH_CONSTRAINED Uid: 1000 RequestorUid: 1000 RequestorPkg: com.oplus.onetrace UnderlyingNetworks: Null] ]
10-03 02:11:58.043 D/OemPaidWifiNetworkFactory( 3557): got request NetworkRequest [ REQUEST id=355, [ Capabilities: INTERNET&NOT_RESTRICTED&TRUSTED&NOT_VCN_MANAGED&NOT_BANDWIDTH_CONSTRAINED Uid: 1000 RequestorUid: 1000 RequestorPkg: com.oplus.onetrace UnderlyingNetworks: Null] ]
10-03 02:11:58.043 D/MultiInternetWifiNetworkFactory( 3557): got request NetworkRequest [ REQUEST id=355, [ Capabilities: INTERNET&NOT_RESTRICTED&TRUSTED&NOT_VCN_MANAGED&NOT_BANDWIDTH_CONSTRAINED Uid: 1000 RequestorUid: 1000 RequestorPkg: com.oplus.onetrace UnderlyingNetworks: Null] ]
10-03 02:11:58.043 D/BroadcastCompat(18222): 2)Register receiver:com.oplus.dataprovider.server.A$a@2abf117
10-03 02:11:58.044 D/ConnectivityService( 3557): NetReassign [355 : null → 104] [c 2] [a 3] [i 9]
10-03 02:11:58.047 D/vendor.oplus.hardware.charger-V9-service( 2045): getChargerControl:
10-03 02:11:58.048 D/vendor.oplus.hardware.charger-V9-service( 2045): getChargerControl:
10-03 02:11:58.050 D/BroadcastCompat(18222): 1)Register receiver:com.oplus.dataprovider.server.c2$a@247041b
10-03 02:11:58.053 D/AudioSystem(18222): onNewServiceWithAdapter: media.audio_flinger service obtained 0xb4000076b3481dc0
10-03 02:11:58.054 D/AudioFlinger( 2148): updateWakeLockUids_l AudioOut_D uids:
10-03 02:11:58.054 D/AudioFlinger( 2148): updateWakeLockUids_l AudioOut_15 uids:
10-03 02:11:58.054 D/AudioFlinger( 2148): updateWakeLockUids_l AudioOut_3D uids:
10-03 02:11:58.054 D/AudioFlinger( 2148): updateWakeLockUids_l AudioOut_1D uids:
10-03 02:11:58.054 D/AudioFlinger( 2148): updateWakeLockUids_l AudioOut_45 uids:
10-03 02:11:58.055 D/AudioFlinger( 2148): updateWakeLockUids_l AudioOut_4D uids:
10-03 02:11:58.055 D/AudioFlinger( 2148): updateWakeLockUids_l AudioOut_55 uids:
10-03 02:11:58.055 D/AudioSystem(18222): getService: checking for service media.audio_flinger: 0xb4000076b34aa380
10-03 02:11:58.056 D/AudioManagerExtImpl(18222): getStreamVolume packageName=com.oplus.onetrace, index=5, streamType=0
10-03 02:11:58.056 D/EngineExtImpl( 2148): addRemoteSubmixDevice, currentUid:0, currentPid:0, captureUid:0, capturePid:0, castDeviceType:-1, needCapture:1, devices2:
10-03 02:11:58.058 D/AudioManagerExtImpl(18222): getStreamVolume packageName=com.oplus.onetrace, index=5, streamType=1
10-03 02:11:58.058 D/AudioManagerExtImpl(18222): getStreamVolume packageName=com.oplus.onetrace, index=5, streamType=2
10-03 02:11:58.058 D/AudioManagerExtImpl(18222): getStreamVolume packageName=com.oplus.onetrace, index=30, streamType=3
10-03 02:11:58.058 D/AudioManagerExtImpl(18222): getStreamVolume packageName=com.oplus.onetrace, index=2, streamType=4
10-03 02:11:58.059 D/EngineExtImpl( 2148): addRemoteSubmixDevice, currentUid:0, currentPid:0, captureUid:0, capturePid:0, castDeviceType:-1, needCapture:1, devices2:
10-03 02:11:58.059 I/OplusHansManager ( 3557): uid=10299, pkg=com.coloros.filemanager cannot transition from R to M, importance=exemptionFromFreezer-{10299}
10-03 02:11:58.059 D/AudioManagerExtImpl(18222): getStreamVolume packageName=com.oplus.onetrace, index=6, streamType=5
10-03 02:11:58.059 D/EngineExtImpl( 2148): addRemoteSubmixDevice, currentUid:0, currentPid:0, captureUid:0, capturePid:0, castDeviceType:-1, needCapture:1, devices2:
10-03 02:11:58.060 D/AudioManagerExtImpl(18222): getStreamVolume packageName=com.oplus.onetrace, index=5, streamType=8
10-03 02:11:58.060 D/EngineExtImpl( 2148): addRemoteSubmixDevice, currentUid:0, currentPid:0, captureUid:0, capturePid:0, castDeviceType:-1, needCapture:1, devices2:
10-03 02:11:58.060 D/AudioManagerExtImpl(18222): getStreamVolume packageName=com.oplus.onetrace, index=4, streamType=10
10-03 02:11:58.060 D/BroadcastCompat(18222): 1)Register receiver:com.oplus.dataprovider.server.v$a@fb92964
10-03 02:11:58.064 I/com.oplus.metis( 8433): AssetManager2(0xb4000076871a2c28) locale list changing from [] to [zh-CN]
10-03 02:11:58.064 W/System  ( 7534): A resource failed to call AbstractCursor.close. 
10-03 02:11:58.065 W/System  ( 7534): A resource failed to call AbstractCursor.close. 
10-03 02:11:58.065 W/System  ( 7534): A resource failed to call AbstractCursor.close. 
10-03 02:11:58.065 W/System  ( 7534): A resource failed to call AbstractCursor.close. 
10-03 02:11:58.065 W/System  ( 7534): A resource failed to call AbstractCursor.close. 
10-03 02:11:58.065 W/System  ( 7534): A resource failed to call AbstractCursor.close. 
10-03 02:11:58.065 W/System  ( 7534): A resource failed to call AbstractCursor.close. 
10-03 02:11:58.065 W/System  ( 7534): A resource failed to call AbstractCursor.close. 
10-03 02:11:58.065 W/System  ( 7534): A resource failed to call AbstractCursor.close. 
10-03 02:11:58.065 W/System  ( 7534): A resource failed to call AbstractCursor.close. 
10-03 02:11:58.065 W/System  ( 7534): A resource failed to call AbstractCursor.close. 
10-03 02:11:58.065 W/System  ( 7534): A resource failed to call AbstractCursor.close. 
10-03 02:11:58.065 W/System  ( 7534): A resource failed to call AbstractCursor.close. 
10-03 02:11:58.065 W/System  ( 7534): A resource failed to call AbstractCursor.close. 
10-03 02:11:58.065 W/System  ( 7534): A resource failed to call AbstractCursor.close. 
10-03 02:11:58.065 W/System  ( 7534): A resource failed to call AbstractCursor.close. 
10-03 02:11:58.065 W/System  ( 7534): A resource failed to call AbstractCursor.close. 
10-03 02:11:58.065 W/System  ( 7534): A resource failed to call AbstractCursor.close. 
10-03 02:11:58.065 W/System  ( 7534): A resource failed to call AbstractCursor.close. 
10-03 02:11:58.074 D/BroadcastCompat(18222): 1)Register receiver:com.oplus.dataprovider.server.h1$a@45193c9
10-03 02:11:58.076 I/CpuTaskStatsManager(18222): set ctp1.0 enable state:true
10-03 02:11:58.076 D/PerformanceService( 2025): enable task cpustats
10-03 02:11:58.077 D/DesktopModeFlags(18222): Toggle override initialized to: OVERRIDE_UNSET
10-03 02:11:58.080 I/OplusAppSwitchManagerService( 3557): appswitch registerAppSwitchObserver pName = com@@oplus@@onetrace_103932204 observer = com.oplus.app.IOplusAppSwitchObserver$Stub$Proxy@a43b02c config = OplusAppSwitchConfig = {  observerFingerPrint = 145023199}
10-03 02:11:58.080 I/OplusAppSwitchStateDispatcher( 3557): registerAppSwitchObserver addDynamicListener OK, info = OplusAppSwitchRuleInfo = {  observer = com.oplus.app.IOplusAppSwitchObserver$Stub$Proxy@a43b02c observerFingerPrint = 145023199} rule size =0
10-03 02:11:58.080 D/OplusAppSwitchManager(18222): observer =  mDefaultMatchActivity = false mDefaultMatchApp true
10-03 02:11:58.083 D/BroadcastCompat(18222): 2)Register receiver:com.oplus.dataprovider.server.l$a@f8d9e71
10-03 02:11:58.084 W/ContextImpl(18222): Calling a method in the system process without a qualified user: android.app.ContextImpl.bindService:2135 android.content.ContextWrapper.bindService:901 com.oplus.dataprovider.producer.AppJankDataMonitor.bindSender:23 com.oplus.dataprovider.producer.AppJankDataMonitor.c:1 com.oplus.dataprovider.producer.f.run:3 
10-03 02:11:58.085 W/SystemPropertyStatsProvider(18222): System property with key=vendor.oplus.media.vpp.osie_sr.on is not found!
10-03 02:11:58.086 I/DisplayManager(18222): Implicitly registering for refresh rate
10-03 02:11:58.088 D/BroadcastCompat(18222): 1)Register receiver:com.oplus.dataprovider.server.o1$b@33e4592
10-03 02:11:58.089 W/OplusExSystemServiceHelper( 9283): checkOplusExSystemService intent getComponent is null
10-03 02:11:58.090 W/ContextImpl(18222): Calling a method in the system process without a qualified user: android.app.ContextImpl.bindService:2135 android.content.ContextWrapper.bindService:901 com.oplus.dataprovider.server.ThermalControlStatsProvider.h:37 com.oplus.dataprovider.server.ThermalControlStatsProvider.m:35 com.oplus.dataprovider.app.Z.n:3 
10-03 02:11:58.093 W/OplusExSystemServiceHelper( 6179): checkOplusExSystemService intent getComponent is null
10-03 02:11:58.095 I/ChiX    ( 1909): [oplusAON:QSEEAON_ServiceCallback oplusSrvType:1] Receive QSEEAON Callback
10-03 02:11:58.095 I/ChiX    ( 1909): [oplusAON:ProcessAONServiceEvent] AON Event notify for hClientHandle= 0xb40000769ea69840
10-03 02:11:58.095 I/ChiX    ( 1909): [oplusAON:ClientEventCallBack] AON Event notify srvType=1, clientHandle:0xb40000769ea69840
10-03 02:11:58.095 I/ChiX    ( 1909): [oplusAON:TranslateToAonCallbackInfo  AONServiceType: 1] Translate to Service Event Info
10-03 02:11:58.095 D/ChiX    ( 1909): [oplusAON:AddFusionResult] Translate to fuison Event Info
10-03 02:11:58.095 D/ChiX    ( 1909): [oplusAON:AddFusionResult] fusion:rotation_angle = 90.000000
10-03 02:11:58.095 D/ChiX    ( 1909): [oplusAON] fusion->count:0
10-03 02:11:58.095 W/Battery ( 6179): ThermalTraceService: onCreate
10-03 02:11:58.095 D/ChiX    ( 1909): fusion->itemLength:20
10-03 02:11:58.096 D/AONLog  (12042): SensorHubAonManager: [notify] clientHandle:-5476376637414664128,isStopped:false, callback:k.g@dddbe50
10-03 02:11:58.096 D/AONLog  (12042): SensorHubAonManager: aonCallBackInfo-> serviceType:1, results:[Lvendor.oplus.hardware.camera.aon.AONResult;@982243a
10-03 02:11:58.096 D/AONLog  (12042): AONResultsClassify: convertToResult
10-03 02:11:58.096 D/AONLog  (12042): AONResultsClassify: have FusionResult
10-03 02:11:58.097 D/AONLog  (12042): sensorhub_engine: engineSwitchOn = true runningCmds.size()=1 stopRunningCmds.size()=0
10-03 02:11:58.097 D/AONLog  (12042): OSensorHubResultProcess: transform inParams：com.aon.service.aonsensorhublib.p@24f48eb
10-03 02:11:58.097 D/AONLog  (12042): OSensorHubResultProcess: transform fusionResult getDataCount：0 rotateAngle = 90
10-03 02:11:58.097 I/AONLog  (12042): i: detect->faces num = 0, gesture num = 0
10-03 02:11:58.097 I/AONLog  (12042): GAZESTATE: enter gaze detect0
10-03 02:11:58.097 I/AONLog  (12042): GAZESTATE: final gaze state:false
10-03 02:11:58.097 I/ChiX    ( 1909): [oplusAON:ProcessAONServiceEvent] AON Event notify: Success callback:0xb40000769ea6a460 for hClientHandle= 0xb40000769ea69840
10-03 02:11:58.098 D/AONLog  (12042): EngineContext: clear engine Context
10-03 02:11:58.098 D/AONLog  (12042): FramePackage: clear framePackage:0
10-03 02:11:58.098 D/AONLog  (12042): EngineContext: clear human Detected List
10-03 02:11:58.098 I/AONLog  (12042): ListenerManager: type = 1  eventInfo = 65538
10-03 02:11:58.098 I/AONLog  (12042): ListenerManager: notifySpecialObserver lock. AonCmdType:393217
10-03 02:11:58.098 I/AONLog  (12042): AONAttentionService: onEventParam event:65538 callback:com.oplus.wrapper.service.attention.IAttentionService%24Stub%241%241@7534003
10-03 02:11:58.098 W/Battery ( 6179): ThermalTraceService: onBind
10-03 02:11:58.100 I/OplusHansFreezeManager(18222): get oplus_freeze service, service is not null
10-03 02:11:58.102 D/ClientMessengerHelper( 9283): Succeed register client: com.oplus.onetrace
10-03 02:11:58.102 W/Battery ( 6179): ThermalTraceService: register callback android.os.BinderProxy@cdb7ad
10-03 02:11:58.103 W/Battery ( 6179): ThermalControllHandler: MSG_THERMAL_CONTROL_TRACEINFO_UPLOAD. isTraceMonitorOn:true, hasTraceAidl:true
10-03 02:11:58.103 W/Battery ( 6179): ThermalControllHandler: ZoomWindowsInfo=[],PipWindowsInfo=[],AppFloatingWindowsInfo=[]
10-03 02:11:58.124 W/Battery ( 6179): ThermalTraceService: mThermalTraceCallBackMap.size()=1
10-03 02:11:58.130 W/Binder  ( 3557): Outgoing transactions from this process must be FLAG_ONEWAY
10-03 02:11:58.130 W/Binder  ( 3557): java.lang.Throwable
10-03 02:11:58.130 W/Binder  ( 3557): 	at android.os.BinderProxy.transact(BinderProxy.java:639)
10-03 02:11:58.130 W/Binder  ( 3557): 	at android.content.ContentProviderProxy.insert(ContentProviderNative.java:587)
10-03 02:11:58.130 W/Binder  ( 3557): 	at android.content.ContentProviderClient.insert(ContentProviderClient.java:347)
10-03 02:11:58.130 W/Binder  ( 3557): 	at android.content.ContentProviderClient.insert(ContentProviderClient.java:336)
10-03 02:11:58.130 W/Binder  ( 3557): 	at com.oplus.util.OplusStatisticsImpl.insert(OplusStatisticsImpl.java:307)
10-03 02:11:58.130 W/Binder  ( 3557): 	at com.oplus.util.OplusStatisticsImpl.sendDataToDCS(OplusStatisticsImpl.java:287)
10-03 02:11:58.130 W/Binder  ( 3557): 	at com.oplus.util.OplusStatisticsImpl.flushInternal(OplusStatisticsImpl.java:264)
10-03 02:11:58.130 W/Binder  ( 3557): 	at com.oplus.util.OplusStatisticsImpl.lambda$setDelayFlushJobIfNeed$4(OplusStatisticsImpl.java:211)
10-03 02:11:58.130 W/Binder  ( 3557): 	at com.oplus.util.OplusStatisticsImpl.$r8$lambda$4UYTp2NCu6Rml69JNqEuK7o54SI(Unknown Source:0)
10-03 02:11:58.130 W/Binder  ( 3557): 	at com.oplus.util.OplusStatisticsImpl$$ExternalSyntheticLambda5.run(D8$$SyntheticClass:0)
10-03 02:11:58.130 W/Binder  ( 3557): 	at java.util.concurrent.Executors$RunnableAdapter.call(Executors.java:524)
10-03 02:11:58.130 W/Binder  ( 3557): 	at java.util.concurrent.FutureTask.run(FutureTask.java:343)
10-03 02:11:58.130 W/Binder  ( 3557): 	at java.util.concurrent.ScheduledThreadPoolExecutor$ScheduledFutureTask.run(ScheduledThreadPoolExecutor.java:348)
10-03 02:11:58.130 W/Binder  ( 3557): 	at java.util.concurrent.ThreadPoolExecutor.runWorker(ThreadPoolExecutor.java:1156)
10-03 02:11:58.130 W/Binder  ( 3557): 	at java.util.concurrent.ThreadPoolExecutor$Worker.run(ThreadPoolExecutor.java:651)
10-03 02:11:58.130 W/Binder  ( 3557): 	at java.lang.Thread.run(Thread.java:1119)
10-03 02:11:58.144 I/FuseDaemon( 7067): gc_priority_optimize fd is empty
10-03 02:11:58.144 I/FuseDaemon( 7067): open sharedFd failed with Permission denied
10-03 02:11:58.144 I/FuseDaemon( 7067): gc_priority_optimize set UX fail-1
10-03 02:11:58.145 I/FuseDaemon( 7067): gc_priority_optimize fd is empty
10-03 02:11:58.145 I/FuseDaemon( 7067): open sharedFd failed with Permission denied
10-03 02:11:58.145 I/FuseDaemon( 7067): gc_priority_optimize set UX fail-1
10-03 02:11:58.156 I/FuseDaemon( 7067): gc_priority_optimize fd is empty
10-03 02:11:58.156 I/FuseDaemon( 7067): open sharedFd failed with Permission denied
10-03 02:11:58.156 I/FuseDaemon( 7067): gc_priority_optimize set UX fail-1
10-03 02:11:58.156 I/FuseDaemon( 7067): gc_priority_optimize fd is empty
10-03 02:11:58.156 I/FuseDaemon( 7067): open sharedFd failed with Permission denied
10-03 02:11:58.156 I/FuseDaemon( 7067): gc_priority_optimize set UX fail-1
10-03 02:11:58.159 I/FuseDaemon( 7067): gc_priority_optimize fd is empty
10-03 02:11:58.159 I/FuseDaemon( 7067): open sharedFd failed with Permission denied
10-03 02:11:58.159 I/FuseDaemon( 7067): gc_priority_optimize set UX fail-1
10-03 02:11:58.159 I/FuseDaemon( 7067): gc_priority_optimize fd is empty
10-03 02:11:58.159 I/FuseDaemon( 7067): open sharedFd failed with Permission denied
10-03 02:11:58.159 I/FuseDaemon( 7067): gc_priority_optimize set UX fail-1
10-03 02:11:58.159 D/QmiClient( 2622): qmiServiceEventCallback recv msg id 1099
10-03 02:11:58.159 D/QmiClient( 2622): enter -mServiceType 4 onQmiServiceEventCallback msgId 1099
10-03 02:11:58.159 D/QmiClient( 2622): onQmiServiceEventCallback - enter. msgId=1099
10-03 02:11:58.159 D/QmiVsClientEvent( 2622): QosPeriodReportInd MSG IND data_len 2052
10-03 02:11:58.159 D/QmiVsClientEvent( 2622): qmiVsClientNotifyQosPeriodReportIndEvent - RADIO_EVENT_QOS_PERIOD_REPORT_NOTIFY_IND
10-03 02:11:58.160 D/VsProxy ( 2622): handleMessage msg is 2420
10-03 02:11:58.160 D/VsProxy ( 2622): handleQosPeriodReportInd for instance 0 data_len 188
10-03 02:11:58.160 D/SensorFeature( 2024): name=ssc_screenshot_info ,index = 22
10-03 02:11:58.160 D/SensorFeature( 2024): write 29 bytes:62500738359,62842566327,152,0
10-03 02:11:58.161 I/FuseDaemon( 7067): gc_priority_optimize fd is empty
10-03 02:11:58.161 I/FuseDaemon( 7067): open sharedFd failed with Permission denied
10-03 02:11:58.161 I/FuseDaemon( 7067): gc_priority_optimize set UX fail-1
10-03 02:11:58.162 D/SubsysRadioIndication[0]( 5280): radioQosPeriodReportInd result [8, -42, -63, -30, -26, 6, 18, 16, 8, -80, -64, -30, -26, 6, 16, 17, 32, -35, 17, 40, 17, 56, -51, 2, 26, 15, 8, -80, -64, -30, -26, 6, 16, 22, 32, 1, 40, 21, 56, -102, 65, 34, 12, 8, -63, -85, -30, -26, 6, 16, 4, 24, 3, 32, 1, 58, 61, 8, -80, -64, -30, -26, 6, 16, 5, 24, -18, -106, 26, 32, -102, 1, 40, -92, -1, -1, -1, -1, -1, -1, -1, -1, 1, 48, -10, -1, -1, -1, -1, -1, -1, -1, -1, 1, 56, 16, 64, -92, -1, -1, -1, -1, -1, -1, -1, -1, 1, 72, -93, -1, -1, -1, -1, -1, -1, -1, -1, 1, 66, 30, 8, -120, -6, -31, -26, 6, 16, 5, 34, 20, 8, -18, -106, 26, 16, -102, 1, 24, 1, 32, 7, 40, -127, -120, -44, -48, -84, 1, 48, 1, 90, 0, 98, 10, 8, -43, -68, -32, -26, 6, 16, 3, 24, 5, 114, 0, 122, 20, 8, -22, -64, -30, -26, 6, 16, -1, -1, 1, 24, -1, -1, 1, 32, -1, -1, -1, -1, 15]
10-03 02:11:58.162 I/FuseDaemon( 7067): gc_priority_optimize fd is empty
10-03 02:11:58.162 I/FuseDaemon( 7067): open sharedFd failed with Permission denied
10-03 02:11:58.162 I/FuseDaemon( 7067): gc_priority_optimize set UX fail-1
10-03 02:11:58.163 D/NetworkService[0]( 5280): handleMessage what:1005
10-03 02:11:58.164 D/RadioAtomTracker( 5280): parseQosPeriodData ModemQos:CellularQosInfo{mSubId=2, mRat=5, mArfcn=428910, mPci=154, mBand=1, mDLBW=7, mRsrp=-92, mRsrq=-10, mSnr=16, mSvcStatus=3, mULTimeStamp=-1, mULPDCPNumDataPdu=17, mULPDCPNumDropPdu=0, mULPDCPTput=2269, mULRLCNumDataPdu=17, mULRLCNumRetxPdu=0, mULGrant=333, mULBSR=0, mULBler=0, mDLTimeStamp=-1, mDLPDCPNumDataPdu=21, mDLPDCPTput=8346, mDLRLCNumDataPdu=22, mDLRLCNumRetxPdu=0, mDLRLCNumDropPdu=1, mDLMACPaddingBytes=0, mDLPdcpNumMissToUppPdu=0, mDLBler=0, mRlfCount=0, mRachWithULGrantCount=0, mCellChangeCount=0, mIsRedirectionOccur=0, mIsDualSimConflict=0, mLatency=11, mCellId=46340047873, mNr5GScs=1, mSub1RrcState=3, mSub2RrcState=1, mRachCount=0, mRachAbortCount=0, mCalcPower=32767, mMtpl=32767, mPathLoss=-1, mFbrxCount=0, mCellLoad=0}
10-03 02:11:58.164 D/NetworkService[0]( 5280): EVENT_REG_QOS_PERIOD_REPORT_IND_CHANGED ENTER
10-03 02:11:58.165 D/NetworkService[0]( 5280): EVENT_REG_QOS_PERIOD_REPORT_IND_CHANGED mLinkReport true
10-03 02:11:58.166 I/com.oplus.metis( 8433): AssetManager2(0xb4000076871a2f28) locale list changing from [] to [zh-CN]
10-03 02:11:58.167 D/UlPriorityPred( 5216): handleMessage EVENT_MODEM_UL_BWT_CHANGE: limitFlag = 0, mNextLimit = 0
10-03 02:11:58.194 I/ChiX    ( 1909): [oplusAON:QSEEAON_ServiceCallback oplusSrvType:1] Receive QSEEAON Callback
10-03 02:11:58.194 I/ChiX    ( 1909): [oplusAON:ProcessAONServiceEvent] AON Event notify for hClientHandle= 0xb40000769ea69840
10-03 02:11:58.194 I/ChiX    ( 1909): [oplusAON:ClientEventCallBack] AON Event notify srvType=1, clientHandle:0xb40000769ea69840
10-03 02:11:58.194 I/ChiX    ( 1909): [oplusAON:TranslateToAonCallbackInfo  AONServiceType: 1] Translate to Service Event Info
10-03 02:11:58.195 D/ChiX    ( 1909): [oplusAON:AddFusionResult] Translate to fuison Event Info
10-03 02:11:58.195 D/ChiX    ( 1909): [oplusAON:AddFusionResult] fusion:rotation_angle = 90.000000
10-03 02:11:58.195 D/ChiX    ( 1909): [oplusAON] fusion->count:0
10-03 02:11:58.195 D/ChiX    ( 1909): fusion->itemLength:20
10-03 02:11:58.196 D/AONLog  (12042): SensorHubAonManager: [notify] clientHandle:-5476376637414664128,isStopped:false, callback:k.g@dddbe50
10-03 02:11:58.196 D/AONLog  (12042): SensorHubAonManager: aonCallBackInfo-> serviceType:1, results:[Lvendor.oplus.hardware.camera.aon.AONResult;@4bbd648
10-03 02:11:58.197 D/AONLog  (12042): AONResultsClassify: convertToResult
10-03 02:11:58.197 D/AONLog  (12042): AONResultsClassify: have FusionResult
10-03 02:11:58.198 D/AONLog  (12042): sensorhub_engine: engineSwitchOn = true runningCmds.size()=1 stopRunningCmds.size()=0
10-03 02:11:58.199 D/AONLog  (12042): OSensorHubResultProcess: transform inParams：com.aon.service.aonsensorhublib.p@2f45ce1
10-03 02:11:58.199 I/ChiX    ( 1909): [oplusAON:ProcessAONServiceEvent] AON Event notify: Success callback:0xb40000769ea6a460 for hClientHandle= 0xb40000769ea69840
10-03 02:11:58.199 D/AONLog  (12042): OSensorHubResultProcess: transform fusionResult getDataCount：0 rotateAngle = 90
10-03 02:11:58.199 I/AONLog  (12042): i: detect->faces num = 0, gesture num = 0
10-03 02:11:58.200 I/AONLog  (12042): GAZESTATE: enter gaze detect0
10-03 02:11:58.200 I/AONLog  (12042): GAZESTATE: final gaze state:false
10-03 02:11:58.200 D/AONLog  (12042): EngineContext: clear engine Context
10-03 02:11:58.201 D/AONLog  (12042): FramePackage: clear framePackage:0
10-03 02:11:58.201 D/AONLog  (12042): EngineContext: clear human Detected List
10-03 02:11:58.202 I/AONLog  (12042): ListenerManager: type = 1  eventInfo = 65538
10-03 02:11:58.202 I/AONLog  (12042): ListenerManager: notifySpecialObserver lock. AonCmdType:393217
10-03 02:11:58.202 I/AONLog  (12042): AONAttentionService: onEventParam event:65538 callback:com.oplus.wrapper.service.attention.IAttentionService%24Stub%241%241@7534003
10-03 02:11:58.208 I/PCDR-common_no_service[1]( 5216): lift forbidden
10-03 02:11:58.208 I/PCDR-common_no_45g[1]( 5216): lift forbidden
10-03 02:11:58.225 D/BoundBrokerSvc( 7191): onUnbind: Intent { act=com.google.android.gms.auth.aang.events.services.START dat=chimera-action:/... xflg=0x4 cmp=com.google.android.gms/.chimera.PersistentApiService mCallingUid=10258 }
10-03 02:11:58.268 I/com.oplus.metis( 8433): AssetManager2(0xb4000076871a3528) locale list changing from [] to [zh-CN]
10-03 02:11:58.269 I/sensors-hal( 1882): handle_oplus_wise_rgb_event:160, wise_rgb:(777)(cct,lux,ir)[5682.66, 47.66, 0.000000](rgbc)[1691.29, 1274.29, 656.51, 3571.80](pwm,hbm,brl,algo)[0.0 0.0 1053.0 2.0],flag 152
10-03 02:11:58.271 I/AICCTModule( 3557): SensorFilter: brightness threshold 1.2 screenNit is 55.034 ave enviroment lux is 16.18867 luxForNit 44.655933demarcationPoint200.0 result is true
10-03 02:11:58.295 I/ChiX    ( 1909): [oplusAON:QSEEAON_ServiceCallback oplusSrvType:1] Receive QSEEAON Callback
10-03 02:11:58.295 I/ChiX    ( 1909): [oplusAON:ProcessAONServiceEvent] AON Event notify for hClientHandle= 0xb40000769ea69840
10-03 02:11:58.295 I/ChiX    ( 1909): [oplusAON:ClientEventCallBack] AON Event notify srvType=1, clientHandle:0xb40000769ea69840
10-03 02:11:58.295 I/ChiX    ( 1909): [oplusAON:TranslateToAonCallbackInfo  AONServiceType: 1] Translate to Service Event Info
10-03 02:11:58.295 D/ChiX    ( 1909): [oplusAON:AddFusionResult] Translate to fuison Event Info
10-03 02:11:58.295 D/ChiX    ( 1909): [oplusAON:AddFusionResult] fusion:rotation_angle = 90.000000
10-03 02:11:58.295 D/ChiX    ( 1909): [oplusAON] fusion->count:0
10-03 02:11:58.295 D/ChiX    ( 1909): fusion->itemLength:20
10-03 02:11:58.295 D/AONLog  (12042): SensorHubAonManager: [notify] clientHandle:-5476376637414664128,isStopped:false, callback:k.g@dddbe50
10-03 02:11:58.295 D/AONLog  (12042): SensorHubAonManager: aonCallBackInfo-> serviceType:1, results:[Lvendor.oplus.hardware.camera.aon.AONResult;@d5e4a06
10-03 02:11:58.295 D/AONLog  (12042): AONResultsClassify: convertToResult
10-03 02:11:58.295 D/AONLog  (12042): AONResultsClassify: have FusionResult
10-03 02:11:58.295 D/AONLog  (12042): sensorhub_engine: engineSwitchOn = true runningCmds.size()=1 stopRunningCmds.size()=0
10-03 02:11:58.296 D/AONLog  (12042): OSensorHubResultProcess: transform inParams：com.aon.service.aonsensorhublib.p@25788c7
10-03 02:11:58.296 I/ChiX    ( 1909): [oplusAON:ProcessAONServiceEvent] AON Event notify: Success callback:0xb40000769ea6a460 for hClientHandle= 0xb40000769ea69840
10-03 02:11:58.296 D/AONLog  (12042): OSensorHubResultProcess: transform fusionResult getDataCount：0 rotateAngle = 90
10-03 02:11:58.296 I/AONLog  (12042): i: detect->faces num = 0, gesture num = 0
10-03 02:11:58.296 I/AONLog  (12042): GAZESTATE: enter gaze detect0
10-03 02:11:58.296 I/AONLog  (12042): GAZESTATE: final gaze state:false
10-03 02:11:58.296 D/AONLog  (12042): EngineContext: clear engine Context
10-03 02:11:58.296 D/AONLog  (12042): FramePackage: clear framePackage:0
10-03 02:11:58.296 D/AONLog  (12042): EngineContext: clear human Detected List
10-03 02:11:58.297 I/AONLog  (12042): ListenerManager: type = 1  eventInfo = 65538
10-03 02:11:58.297 I/AONLog  (12042): ListenerManager: notifySpecialObserver lock. AonCmdType:393217
10-03 02:11:58.297 I/AONLog  (12042): AONAttentionService: onEventParam event:65538 callback:com.oplus.wrapper.service.attention.IAttentionService%24Stub%241%241@7534003
10-03 02:11:58.305 I/OplusHansManager ( 3557): pkg: com.android.vending has gms-backup-service
10-03 02:11:58.305 I/OplusHansManager ( 3557): uid=10262, pkg=com.android.vending cannot transition from R to M, importance=gms-backup-service
10-03 02:11:58.311 I/System.out(12824): 289db119d4086ef63953599beb5e0b394a4470901d7d100e135e2a7bbe766a29
10-03 02:11:58.316 D/BatteryChargeControl( 2045): bcc get no support from charging protocol
10-03 02:11:58.321 D/RadioProxyJ[0]( 5280): [199]> getRRCStatus
10-03 02:11:58.321 D/RadioProxyJ[1]( 5280): [200]> getRRCStatus
10-03 02:11:58.322 D/QmiNasClient( 2622): getRRCStatus - enter
10-03 02:11:58.323 D/QmiNasClient( 3375): getRRCStatus - enter
10-03 02:11:58.323 D/QmiNasClient( 2622): getRRCStatus callback - enter
10-03 02:11:58.323 D/QmiNasClient( 2622): getRRCStatus result.rsp.rrcStatusInfo.rrcStatus = 1
10-03 02:11:58.323 D/QmiNasClient( 3375): getRRCStatus callback - enter
10-03 02:11:58.323 D/QmiNasClient( 3375): getRRCStatus result.rsp.rrcStatusInfo.rrcStatus = 0
10-03 02:11:58.324 D/NasProxy( 2622): handleMessage msg is 4001
10-03 02:11:58.324 D/RadioProxy( 2622): getRRCStatus : response cb for instance 0
10-03 02:11:58.324 D/RadioProxyJ[0]( 5280): [199]< getRRCStatusResponse 1
10-03 02:11:58.324 D/NasProxy( 3375): handleMessage msg is 4001
10-03 02:11:58.324 D/RadioProxy( 3375): getRRCStatus : response cb for instance 1
10-03 02:11:58.325 D/RadioProxyJ[1]( 5280): [200]< getRRCStatusResponse 0
10-03 02:11:58.326 D/CoexRfService( 5280): report RRC state:true
10-03 02:11:58.335 D/BoundBrokerSvc( 7191): onUnbind: Intent { act=com.google.android.gms.usagereporting.service.START xflg=0x4 pkg=com.google.android.gms mCallingUid=10102 }
10-03 02:11:58.356 I/OplusHansManager ( 3557): pkg: com.google.android.gsf has gms-backup-service
10-03 02:11:58.356 I/OplusHansManager ( 3557): uid=10258, pkg=com.google.android.gsf cannot transition from R to M, importance=gms-backup-service
10-03 02:11:58.370 I/com.oplus.metis( 8433): AssetManager2(0xb4000076871a3828) locale list changing from [] to [zh-CN]
10-03 02:11:58.394 I/ChiX    ( 1909): [oplusAON:QSEEAON_ServiceCallback oplusSrvType:1] Receive QSEEAON Callback
10-03 02:11:58.395 I/ChiX    ( 1909): [oplusAON:ProcessAONServiceEvent] AON Event notify for hClientHandle= 0xb40000769ea69840
10-03 02:11:58.397 E/JobScheduler.Background( 3557): Couldn't determine stopped state for unknown package: com.tencent.wework
10-03 02:11:58.397 E/JobScheduler.Background( 3557): Couldn't determine stopped state for unknown package: com.tencent.wework
10-03 02:11:58.397 E/JobScheduler.Background( 3557): Couldn't determine stopped state for unknown package: com.tencent.wework
10-03 02:11:58.398 I/ChiX    ( 1909): [oplusAON:ClientEventCallBack] AON Event notify srvType=1, clientHandle:0xb40000769ea69840
10-03 02:11:58.398 I/ChiX    ( 1909): [oplusAON:TranslateToAonCallbackInfo  AONServiceType: 1] Translate to Service Event Info
10-03 02:11:58.398 D/ChiX    ( 1909): [oplusAON:AddFusionResult] Translate to fuison Event Info
10-03 02:11:58.398 D/ChiX    ( 1909): [oplusAON:AddFusionResult] fusion:rotation_angle = 90.000000
10-03 02:11:58.398 D/ChiX    ( 1909): [oplusAON] fusion->count:0
10-03 02:11:58.398 D/ChiX    ( 1909): fusion->itemLength:20
10-03 02:11:58.398 D/AONLog  (12042): SensorHubAonManager: [notify] clientHandle:-5476376637414664128,isStopped:false, callback:k.g@dddbe50
10-03 02:11:58.398 D/AONLog  (12042): SensorHubAonManager: aonCallBackInfo-> serviceType:1, results:[Lvendor.oplus.hardware.camera.aon.AONResult;@bdc0ef4
10-03 02:11:58.398 D/AONLog  (12042): AONResultsClassify: convertToResult
10-03 02:11:58.398 D/AONLog  (12042): AONResultsClassify: have FusionResult
10-03 02:11:58.398 D/AONLog  (12042): sensorhub_engine: engineSwitchOn = true runningCmds.size()=1 stopRunningCmds.size()=0
10-03 02:11:58.399 I/ChiX    ( 1909): [oplusAON:ProcessAONServiceEvent] AON Event notify: Success callback:0xb40000769ea6a460 for hClientHandle= 0xb40000769ea69840
10-03 02:11:58.399 D/AONLog  (12042): OSensorHubResultProcess: transform inParams：com.aon.service.aonsensorhublib.p@df8e61d
10-03 02:11:58.399 D/AONLog  (12042): OSensorHubResultProcess: transform fusionResult getDataCount：0 rotateAngle = 90
10-03 02:11:58.399 I/AONLog  (12042): i: detect->faces num = 0, gesture num = 0
10-03 02:11:58.399 I/AONLog  (12042): GAZESTATE: enter gaze detect0
10-03 02:11:58.399 I/AONLog  (12042): GAZESTATE: final gaze state:false
10-03 02:11:58.399 D/AONLog  (12042): EngineContext: clear engine Context
10-03 02:11:58.399 D/AONLog  (12042): FramePackage: clear framePackage:0
10-03 02:11:58.399 D/AONLog  (12042): EngineContext: clear human Detected List
10-03 02:11:58.401 I/AONLog  (12042): ListenerManager: type = 1  eventInfo = 65538
10-03 02:11:58.402 I/AONLog  (12042): ListenerManager: notifySpecialObserver lock. AonCmdType:393217
10-03 02:11:58.402 I/AONLog  (12042): AONAttentionService: onEventParam event:65538 callback:com.oplus.wrapper.service.attention.IAttentionService%24Stub%241%241@7534003
10-03 02:11:58.443 I/AC_SDK_AMS_AcAccountManager( 9183): accountManager not null = true ,invoke method = getAccountLoginStatus
10-03 02:11:58.451 D/SensorFeature( 2024): name=ssc_screenshot_info ,index = 22
10-03 02:11:58.451 D/SensorFeature( 2024): write 29 bytes:62500738359,63133585858,153,0
10-03 02:11:58.471 I/com.oplus.metis( 8433): AssetManager2(0xb4000076871a3e28) locale list changing from [] to [zh-CN]
10-03 02:11:58.533 D/BoundBrokerSvc( 7191): onUnbind: Intent { act=com.google.android.gms.pay.service.BIND dat=chimera-action:/... xflg=0x4 cmp=com.google.android.gms/.chimera.GmsApiService mCallingUid=10258 }
10-03 02:11:58.535 I/sensors-hal( 1882): handle_oplus_wise_rgb_event:160, wise_rgb:(782)(cct,lux,ir)[5661.83, 47.52, 0.000000](rgbc)[1666.86, 1280.11, 656.51, 3565.46](pwm,hbm,brl,algo)[0.0 0.0 1053.0 2.0],flag 153
10-03 02:11:58.535 I/sensors-hal( 1882): handle_oplus_wise_rgb_event:189, high_pwm_light:lux 47.5,cct 5661.8,brl/algo/ir 1053.0/2.0/0.0,pwm/dc 0.0/0.0,rgbc 1660.758423/1274.291382/650.376770/3559.131836,ts 63095104262,cnt 780,flag 153
10-03 02:11:58.556 I/FuseDaemon( 7067): gc_priority_optimize fd is empty
10-03 02:11:58.557 I/FuseDaemon( 7067): open sharedFd failed with Permission denied
10-03 02:11:58.557 I/FuseDaemon( 7067): gc_priority_optimize set UX fail-1
10-03 02:11:58.557 I/FuseDaemon( 7067): gc_priority_optimize fd is empty
10-03 02:11:58.557 I/FuseDaemon( 7067): open sharedFd failed with Permission denied
10-03 02:11:58.557 I/FuseDaemon( 7067): gc_priority_optimize set UX fail-1
10-03 02:11:58.561 I/RemoteControl_main_DeviceStateScene( 9183): (DeviceStateScene) refresh count: 7
10-03 02:11:58.568 I/FuseDaemon( 7067): gc_priority_optimize fd is empty
10-03 02:11:58.568 I/FuseDaemon( 7067): open sharedFd failed with Permission denied
10-03 02:11:58.568 I/FuseDaemon( 7067): gc_priority_optimize set UX fail-1
10-03 02:11:58.568 I/FuseDaemon( 7067): gc_priority_optimize fd is empty
10-03 02:11:58.568 I/FuseDaemon( 7067): open sharedFd failed with Permission denied
10-03 02:11:58.568 I/FuseDaemon( 7067): gc_priority_optimize set UX fail-1
10-03 02:11:58.571 I/FuseDaemon( 7067): gc_priority_optimize fd is empty
10-03 02:11:58.571 I/FuseDaemon( 7067): open sharedFd failed with Permission denied
10-03 02:11:58.571 I/FuseDaemon( 7067): gc_priority_optimize set UX fail-1
10-03 02:11:58.571 I/FuseDaemon( 7067): gc_priority_optimize fd is empty
10-03 02:11:58.572 I/FuseDaemon( 7067): open sharedFd failed with Permission denied
10-03 02:11:58.572 I/FuseDaemon( 7067): gc_priority_optimize set UX fail-1
10-03 02:11:58.574 I/FuseDaemon( 7067): gc_priority_optimize fd is empty
10-03 02:11:58.574 I/FuseDaemon( 7067): open sharedFd failed with Permission denied
10-03 02:11:58.574 I/FuseDaemon( 7067): gc_priority_optimize set UX fail-1
10-03 02:11:58.575 I/FuseDaemon( 7067): gc_priority_optimize fd is empty
10-03 02:11:58.575 I/FuseDaemon( 7067): open sharedFd failed with Permission denied
10-03 02:11:58.575 I/FuseDaemon( 7067): gc_priority_optimize set UX fail-1
10-03 02:11:58.578 I/ChiX    ( 1909): [oplusAON:QSEEAON_ServiceCallback oplusSrvType:1] Receive QSEEAON Callback
10-03 02:11:58.578 I/ChiX    ( 1909): [oplusAON:ProcessAONServiceEvent] AON Event notify for hClientHandle= 0xb40000769ea69840
10-03 02:11:58.578 I/ChiX    ( 1909): [oplusAON:ClientEventCallBack] AON Event notify srvType=1, clientHandle:0xb40000769ea69840
10-03 02:11:58.578 I/ChiX    ( 1909): [oplusAON:TranslateToAonCallbackInfo  AONServiceType: 1] Translate to Service Event Info
10-03 02:11:58.578 D/ChiX    ( 1909): [oplusAON:AddFusionResult] Translate to fuison Event Info
10-03 02:11:58.578 D/ChiX    ( 1909): [oplusAON:AddFusionResult] fusion:rotation_angle = 90.000000
10-03 02:11:58.578 D/ChiX    ( 1909): [oplusAON] fusion->count:0
10-03 02:11:58.578 D/ChiX    ( 1909): fusion->itemLength:20
10-03 02:11:58.578 D/AONLog  (12042): SensorHubAonManager: [notify] clientHandle:-5476376637414664128,isStopped:false, callback:k.g@dddbe50
10-03 02:11:58.578 D/AONLog  (12042): SensorHubAonManager: aonCallBackInfo-> serviceType:1, results:[Lvendor.oplus.hardware.camera.aon.AONResult;@850092
10-03 02:11:58.578 D/AONLog  (12042): AONResultsClassify: convertToResult
10-03 02:11:58.578 D/AONLog  (12042): AONResultsClassify: have FusionResult
10-03 02:11:58.578 D/AONLog  (12042): sensorhub_engine: engineSwitchOn = true runningCmds.size()=1 stopRunningCmds.size()=0
10-03 02:11:58.578 D/AONLog  (12042): OSensorHubResultProcess: transform inParams：com.aon.service.aonsensorhublib.p@1b9ea63
10-03 02:11:58.579 D/AONLog  (12042): OSensorHubResultProcess: transform fusionResult getDataCount：0 rotateAngle = 90
10-03 02:11:58.579 I/ChiX    ( 1909): [oplusAON:ProcessAONServiceEvent] AON Event notify: Success callback:0xb40000769ea6a460 for hClientHandle= 0xb40000769ea69840
10-03 02:11:58.579 I/AONLog  (12042): i: detect->faces num = 0, gesture num = 0
10-03 02:11:58.579 I/AONLog  (12042): GAZESTATE: enter gaze detect0
10-03 02:11:58.579 I/com.oplus.metis( 8433): AssetManager2(0xb4000076871a4128) locale list changing from [] to [zh-CN]
10-03 02:11:58.579 I/AONLog  (12042): GAZESTATE: final gaze state:false
10-03 02:11:58.579 D/AONLog  (12042): EngineContext: clear engine Context
10-03 02:11:58.579 D/AONLog  (12042): FramePackage: clear framePackage:0
10-03 02:11:58.579 D/AONLog  (12042): EngineContext: clear human Detected List
10-03 02:11:58.579 I/AONLog  (12042): ListenerManager: type = 1  eventInfo = 65538
10-03 02:11:58.579 I/AONLog  (12042): ListenerManager: notifySpecialObserver lock. AonCmdType:393217
10-03 02:11:58.579 I/AONLog  (12042): AONAttentionService: onEventParam event:65538 callback:com.oplus.wrapper.service.attention.IAttentionService%24Stub%241%241@7534003
10-03 02:11:58.583 D/BoundBrokerSvc( 9760): onUnbind: Intent { act=com.google.android.gms.identitycredentials.service.START dat=chimera-action:/... xflg=0x4 cmp=com.google.android.gms/.chimera.GmsApiService mCallingUid=99910258 }
10-03 02:11:58.616 I/CardConfig.CardConfigRepository( 7151): subscribePackageChange4Ocs, check ocs [base|com.oplus.pantanal.ums|2.0.44-25e9612]
10-03 02:11:58.670 I/sensors-hal( 1882): handle_sns_std_sensor_event:104, oplus rgb_rear sample: (cct, lux, ir, x, y)[5200, 0, 0, 0, 0]
10-03 02:11:58.670 I/sensors-hal( 1882): handle_sns_std_sensor_event:106, oplus rgb_rear sample: (r, g, b, c w)[0, 0, 0, 0, 0]
10-03 02:11:58.676 I/cn_CronetUrlRequestContext( 7191): destroyNativeStreamLocked org.chromium.net.impl.CronetBidirectionalStream@315c64a
10-03 02:11:58.677 W/AppLinksAsyncVerifierV2( 7191): Error performing check:  [CONTEXT service_id=244 ]
10-03 02:11:58.677 W/AppLinksAsyncVerifierV2( 7191): jyuf: UNAVAILABLE
10-03 02:11:58.677 W/AppLinksAsyncVerifierV2( 7191): 	at bpho.r(:com.google.android.gms@263436035@26.34.36 (260400-981326859):37)
10-03 02:11:58.677 W/AppLinksAsyncVerifierV2( 7191): 	at bpho.G(:com.google.android.gms@263436035@26.34.36 (260400-981326859):55)
10-03 02:11:58.677 W/AppLinksAsyncVerifierV2( 7191): 	at gapa.a(:com.google.android.gms@263436035@26.34.36 (260400-981326859):46)
10-03 02:11:58.677 W/AppLinksAsyncVerifierV2( 7191): 	at ganv.c(:com.google.android.gms@263436035@26.34.36 (260400-981326859):20)
10-03 02:11:58.677 W/AppLinksAsyncVerifierV2( 7191): 	at ganv.c(:com.google.android.gms@263436035@26.34.36 (260400-981326859):217)
10-03 02:11:58.677 W/AppLinksAsyncVerifierV2( 7191): 	at ganv.c(:com.google.android.gms@263436035@26.34.36 (260400-981326859):217)
10-03 02:11:58.677 W/AppLinksAsyncVerifierV2( 7191): 	at ganv.a(:com.google.android.gms@263436035@26.34.36 (260400-981326859):3)
10-03 02:11:58.677 W/AppLinksAsyncVerifierV2( 7191): 	at bhzn.run(:com.google.android.gms@263436035@26.34.36 (260400-981326859):5)
10-03 02:11:58.677 W/AppLinksAsyncVerifierV2( 7191): 	at bpof.d(:com.google.android.gms@263436035@26.34.36 (260400-981326859):50)
10-03 02:11:58.677 W/AppLinksAsyncVerifierV2( 7191): 	at bpof.c(:com.google.android.gms@263436035@26.34.36 (260400-981326859):6)
10-03 02:11:58.677 W/AppLinksAsyncVerifierV2( 7191): 	at bpof.run(:com.google.android.gms@263436035@26.34.36 (260400-981326859):33)
10-03 02:11:58.677 W/AppLinksAsyncVerifierV2( 7191): 	at java.util.concurrent.ThreadPoolExecutor.runWorker(ThreadPoolExecutor.java:1156)
10-03 02:11:58.677 W/AppLinksAsyncVerifierV2( 7191): 	at java.util.concurrent.ThreadPoolExecutor$Worker.run(ThreadPoolExecutor.java:651)
10-03 02:11:58.677 W/AppLinksAsyncVerifierV2( 7191): 	at bpuf.run(:com.google.android.gms@263436035@26.34.36 (260400-981326859):8)
10-03 02:11:58.677 W/AppLinksAsyncVerifierV2( 7191): 	at java.lang.Thread.run(Thread.java:1119)
10-03 02:11:58.677 W/AppLinksAsyncVerifierV2( 7191): Caused by: m1.ht: Exception in BidirectionalStream: net::ERR_NAME_NOT_RESOLVED, ErrorCode=1, InternalErrorCode=-105, Retryable=false
10-03 02:11:58.677 W/AppLinksAsyncVerifierV2( 7191): 	at org.chromium.net.impl.CronetBidirectionalStream.onError(:com.google.android.gms.dynamite_cronetdynamite@263436035@26.34.36 (260400-0):27)
10-03 02:11:58.678 W/AppLinksAsyncVerifierV2( 7191): Check request failed: null [CONTEXT service_id=244 ]
10-03 02:11:58.678 I/AppLinksHostsVerifierV2( 7191): (REDACTED) Adding relation extensions for host: %s
10-03 02:11:58.678 I/AppLinksHostsVerifierV2( 7191): (REDACTED) Verification %s complete. Successful hosts: %s. Failed hosts: %s. Error hosts: %s.
10-03 02:11:58.678 I/ChiX    ( 1909): [oplusAON:QSEEAON_ServiceCallback oplusSrvType:1] Receive QSEEAON Callback
10-03 02:11:58.678 I/ChiX    ( 1909): [oplusAON:ProcessAONServiceEvent] AON Event notify for hClientHandle= 0xb40000769ea69840
10-03 02:11:58.678 I/ChiX    ( 1909): [oplusAON:ClientEventCallBack] AON Event notify srvType=1, clientHandle:0xb40000769ea69840
10-03 02:11:58.678 I/ChiX    ( 1909): [oplusAON:TranslateToAonCallbackInfo  AONServiceType: 1] Translate to Service Event Info
10-03 02:11:58.678 D/ChiX    ( 1909): [oplusAON:AddFusionResult] Translate to fuison Event Info
10-03 02:11:58.678 D/ChiX    ( 1909): [oplusAON:AddFusionResult] fusion:rotation_angle = 90.000000
10-03 02:11:58.678 D/ChiX    ( 1909): [oplusAON] fusion->count:0
10-03 02:11:58.678 D/ChiX    ( 1909): fusion->itemLength:20
10-03 02:11:58.678 D/AONLog  (12042): SensorHubAonManager: [notify] clientHandle:-5476376637414664128,isStopped:false, callback:k.g@dddbe50
10-03 02:11:58.679 D/AONLog  (12042): SensorHubAonManager: aonCallBackInfo-> serviceType:1, results:[Lvendor.oplus.hardware.camera.aon.AONResult;@d252660
10-03 02:11:58.679 D/AONLog  (12042): AONResultsClassify: convertToResult
10-03 02:11:58.679 D/AONLog  (12042): AONResultsClassify: have FusionResult
10-03 02:11:58.679 D/AONLog  (12042): sensorhub_engine: engineSwitchOn = true runningCmds.size()=1 stopRunningCmds.size()=0
10-03 02:11:58.679 D/AONLog  (12042): OSensorHubResultProcess: transform inParams：com.aon.service.aonsensorhublib.p@8c2c719
10-03 02:11:58.679 D/AONLog  (12042): OSensorHubResultProcess: transform fusionResult getDataCount：0 rotateAngle = 90
10-03 02:11:58.679 I/AONLog  (12042): i: detect->faces num = 0, gesture num = 0
10-03 02:11:58.679 I/AONLog  (12042): GAZESTATE: enter gaze detect0
10-03 02:11:58.679 I/ChiX    ( 1909): [oplusAON:ProcessAONServiceEvent] AON Event notify: Success callback:0xb40000769ea6a460 for hClientHandle= 0xb40000769ea69840
10-03 02:11:58.679 I/AONLog  (12042): GAZESTATE: final gaze state:false
10-03 02:11:58.679 D/AONLog  (12042): EngineContext: clear engine Context
10-03 02:11:58.679 D/AONLog  (12042): FramePackage: clear framePackage:0
10-03 02:11:58.679 D/AONLog  (12042): EngineContext: clear human Detected List
10-03 02:11:58.679 I/AONLog  (12042): ListenerManager: type = 1  eventInfo = 65538
10-03 02:11:58.679 I/AONLog  (12042): ListenerManager: notifySpecialObserver lock. AonCmdType:393217
10-03 02:11:58.679 I/AONLog  (12042): AONAttentionService: onEventParam event:65538 callback:com.oplus.wrapper.service.attention.IAttentionService%24Stub%241%241@7534003
10-03 02:11:58.679 I/AppLinksRequestHandler( 7191): (REDACTED) Added erroneous request into database for package %s
10-03 02:11:58.680 I/AppLinksRequestHandler( 7191): (REDACTED) Updating url filtering rules for %s: %s
10-03 02:11:58.680 I/com.oplus.metis( 8433): AssetManager2(0xb4000076871a4428) locale list changing from [] to [zh-CN]
10-03 02:11:58.680 I/AppLinksUtilsV1( 7191): Legacy cross-profile verification enabled [CONTEXT service_id=244 ]
10-03 02:11:58.689 I/cn_CronetUrlRequestContext( 7191): destroyNativeStreamLocked org.chromium.net.impl.CronetBidirectionalStream@e482084
10-03 02:11:58.690 W/AppLinksAsyncVerifierV2( 7191): Error performing check:  [CONTEXT service_id=244 ]
10-03 02:11:58.690 W/AppLinksAsyncVerifierV2( 7191): jyuf: UNAVAILABLE
10-03 02:11:58.690 W/AppLinksAsyncVerifierV2( 7191): 	at bpho.r(:com.google.android.gms@263436035@26.34.36 (260400-981326859):37)
10-03 02:11:58.690 W/AppLinksAsyncVerifierV2( 7191): 	at bpho.G(:com.google.android.gms@263436035@26.34.36 (260400-981326859):55)
10-03 02:11:58.690 W/AppLinksAsyncVerifierV2( 7191): 	at gapa.a(:com.google.android.gms@263436035@26.34.36 (260400-981326859):46)
10-03 02:11:58.690 W/AppLinksAsyncVerifierV2( 7191): 	at ganv.c(:com.google.android.gms@263436035@26.34.36 (260400-981326859):20)
10-03 02:11:58.690 W/AppLinksAsyncVerifierV2( 7191): 	at ganv.a(:com.google.android.gms@263436035@26.34.36 (260400-981326859):3)
10-03 02:11:58.690 W/AppLinksAsyncVerifierV2( 7191): 	at bhzn.run(:com.google.android.gms@263436035@26.34.36 (260400-981326859):5)
10-03 02:11:58.690 W/AppLinksAsyncVerifierV2( 7191): 	at bpof.d(:com.google.android.gms@263436035@26.34.36 (260400-981326859):50)
10-03 02:11:58.690 W/AppLinksAsyncVerifierV2( 7191): 	at bpof.c(:com.google.android.gms@263436035@26.34.36 (260400-981326859):6)
10-03 02:11:58.690 W/AppLinksAsyncVerifierV2( 7191): 	at bpof.run(:com.google.android.gms@263436035@26.34.36 (260400-981326859):33)
10-03 02:11:58.690 W/AppLinksAsyncVerifierV2( 7191): 	at java.util.concurrent.ThreadPoolExecutor.runWorker(ThreadPoolExecutor.java:1156)
10-03 02:11:58.690 W/AppLinksAsyncVerifierV2( 7191): 	at java.util.concurrent.ThreadPoolExecutor$Worker.run(ThreadPoolExecutor.java:651)
10-03 02:11:58.690 W/AppLinksAsyncVerifierV2( 7191): 	at bpuf.run(:com.google.android.gms@263436035@26.34.36 (260400-981326859):8)
10-03 02:11:58.690 W/AppLinksAsyncVerifierV2( 7191): 	at java.lang.Thread.run(Thread.java:1119)
10-03 02:11:58.690 W/AppLinksAsyncVerifierV2( 7191): Caused by: m1.ht: Exception in BidirectionalStream: net::ERR_NAME_NOT_RESOLVED, ErrorCode=1, InternalErrorCode=-105, Retryable=false
10-03 02:11:58.690 W/AppLinksAsyncVerifierV2( 7191): 	at org.chromium.net.impl.CronetBidirectionalStream.onError(:com.google.android.gms.dynamite_cronetdynamite@263436035@26.34.36 (260400-0):27)
10-03 02:11:58.704 D/QmiClient( 2622): qmiServiceEventCallback recv msg id 47
10-03 02:11:58.704 D/QmiClient( 2622): enter -mServiceType 10 onQmiServiceEventCallback msgId 47
10-03 02:11:58.704 D/QmiClient( 2622): onQmiServiceEventCallback - enter. msgId=47
10-03 02:11:58.705 D/OttProxy( 2622): handleMessage msg is 3001
10-03 02:11:58.705 I/putmethod.sogou(12824): gc_priority_optimize fd is empty
10-03 02:11:58.705 I/putmethod.sogou(12824): open sharedFd failed with Permission denied
10-03 02:11:58.705 I/putmethod.sogou(12824): gc_priority_optimize set UX fail-1
10-03 02:11:58.706 I/putmethod.sogou(12824): gc_priority_optimize fd is empty
10-03 02:11:58.706 I/putmethod.sogou(12824): open sharedFd failed with Permission denied
10-03 02:11:58.706 I/putmethod.sogou(12824): gc_priority_optimize set UX fail-1
10-03 02:11:58.706 D/SubsysRadioIndication[0]( 5280): radioLinkLatencyInfoInd
10-03 02:11:58.707 D/SubsysRadioIndication[0]( 5280): notify enter
10-03 02:11:58.707 D/NetworkService[0]( 5280): handleMessage what:1008
10-03 02:11:58.707 D/NetworkService[0]( 5280): EVENT_REG_LINK_LATENCY_INFO_CHANGE ulLatency:21760
10-03 02:11:58.709 D/BoundBrokerSvc( 7191): onUnbind: Intent { act=com.google.android.gms.tapandpay.service.BIND dat=chimera-action:/... xflg=0x4 cmp=com.google.android.gms/.chimera.PersistentApiService mCallingUid=10258 }
10-03 02:11:58.722 W/TcmReceiver( 3557): type=1400 audit(0.0:130): avc:  denied  { connectto } for  path="/dev/socket/tcmd" scontext=u:r:system_server:s0 tcontext=u:r:vendor_tcmd:s0 tclass=unix_stream_socket permissive=0
10-03 02:11:58.730 I/putmethod.sogou(12824): gc_priority_optimize fd is empty
10-03 02:11:58.730 I/putmethod.sogou(12824): open sharedFd failed with Permission denied
10-03 02:11:58.730 I/putmethod.sogou(12824): gc_priority_optimize set UX fail-1
10-03 02:11:58.730 I/putmethod.sogou(12824): gc_priority_optimize fd is empty
10-03 02:11:58.730 I/putmethod.sogou(12824): open sharedFd failed with Permission denied
10-03 02:11:58.730 I/putmethod.sogou(12824): gc_priority_optimize set UX fail-1
10-03 02:11:58.737 I/putmethod.sogou(12824): gc_priority_optimize fd is empty
10-03 02:11:58.737 I/putmethod.sogou(12824): open sharedFd failed with Permission denied
10-03 02:11:58.737 I/putmethod.sogou(12824): gc_priority_optimize set UX fail-1
10-03 02:11:58.737 I/putmethod.sogou(12824): gc_priority_optimize fd is empty
10-03 02:11:58.737 I/putmethod.sogou(12824): open sharedFd failed with Permission denied
10-03 02:11:58.737 I/putmethod.sogou(12824): gc_priority_optimize set UX fail-1
10-03 02:11:58.738 I/putmethod.sogou(12824): gc_priority_optimize fd is empty
10-03 02:11:58.738 I/putmethod.sogou(12824): open sharedFd failed with Permission denied
10-03 02:11:58.738 I/putmethod.sogou(12824): gc_priority_optimize set UX fail-1
10-03 02:11:58.740 I/putmethod.sogou(12824): gc_priority_optimize fd is empty
10-03 02:11:58.740 I/putmethod.sogou(12824): open sharedFd failed with Permission denied
10-03 02:11:58.740 I/putmethod.sogou(12824): gc_priority_optimize set UX fail-1
10-03 02:11:58.741 D/SensorFeature( 2024): name=ssc_screenshot_info ,index = 22
10-03 02:11:58.741 D/SensorFeature( 2024): write 29 bytes:62500738359,63424312942,154,0
10-03 02:11:58.778 I/ChiX    ( 1909): [oplusAON:QSEEAON_ServiceCallback oplusSrvType:1] Receive QSEEAON Callback
10-03 02:11:58.778 I/ChiX    ( 1909): [oplusAON:ProcessAONServiceEvent] AON Event notify for hClientHandle= 0xb40000769ea69840
10-03 02:11:58.778 I/ChiX    ( 1909): [oplusAON:ClientEventCallBack] AON Event notify srvType=1, clientHandle:0xb40000769ea69840
10-03 02:11:58.778 I/ChiX    ( 1909): [oplusAON:TranslateToAonCallbackInfo  AONServiceType: 1] Translate to Service Event Info
10-03 02:11:58.778 D/ChiX    ( 1909): [oplusAON:AddFusionResult] Translate to fuison Event Info
10-03 02:11:58.778 D/ChiX    ( 1909): [oplusAON:AddFusionResult] fusion:rotation_angle = 90.000000
10-03 02:11:58.778 D/ChiX    ( 1909): [oplusAON] fusion->count:0
10-03 02:11:58.778 D/ChiX    ( 1909): fusion->itemLength:20
10-03 02:11:58.779 D/AONLog  (12042): SensorHubAonManager: [notify] clientHandle:-5476376637414664128,isStopped:false, callback:k.g@dddbe50
10-03 02:11:58.780 D/AONLog  (12042): SensorHubAonManager: aonCallBackInfo-> serviceType:1, results:[Lvendor.oplus.hardware.camera.aon.AONResult;@9ee93de
10-03 02:11:58.780 D/AONLog  (12042): AONResultsClassify: convertToResult
10-03 02:11:58.780 D/AONLog  (12042): AONResultsClassify: have FusionResult
10-03 02:11:58.780 D/AONLog  (12042): sensorhub_engine: engineSwitchOn = true runningCmds.size()=1 stopRunningCmds.size()=0
10-03 02:11:58.780 D/AONLog  (12042): OSensorHubResultProcess: transform inParams：com.aon.service.aonsensorhublib.p@756c9bf
10-03 02:11:58.780 D/AONLog  (12042): OSensorHubResultProcess: transform fusionResult getDataCount：0 rotateAngle = 90
10-03 02:11:58.780 I/AONLog  (12042): i: detect->faces num = 0, gesture num = 0
10-03 02:11:58.780 I/AONLog  (12042): GAZESTATE: enter gaze detect0
10-03 02:11:58.780 I/AONLog  (12042): GAZESTATE: final gaze state:false
10-03 02:11:58.780 D/AONLog  (12042): EngineContext: clear engine Context
10-03 02:11:58.780 D/AONLog  (12042): FramePackage: clear framePackage:0
10-03 02:11:58.780 D/AONLog  (12042): EngineContext: clear human Detected List
10-03 02:11:58.780 I/ChiX    ( 1909): [oplusAON:ProcessAONServiceEvent] AON Event notify: Success callback:0xb40000769ea6a460 for hClientHandle= 0xb40000769ea69840
10-03 02:11:58.781 I/AONLog  (12042): ListenerManager: type = 1  eventInfo = 65538
10-03 02:11:58.781 I/AONLog  (12042): ListenerManager: notifySpecialObserver lock. AonCmdType:393217
10-03 02:11:58.781 I/AONLog  (12042): AONAttentionService: onEventParam event:65538 callback:com.oplus.wrapper.service.attention.IAttentionService%24Stub%241%241@7534003
10-03 02:11:58.783 I/com.oplus.metis( 8433): AssetManager2(0xb4000076871a4a28) locale list changing from [] to [zh-CN]
10-03 02:11:58.802 I/sensors-hal( 1882): handle_oplus_wise_rgb_event:160, wise_rgb:(787)(cct,lux,ir)[5674.59, 48.15, 0.170141](rgbc)[1672.97, 1280.11, 681.05, 3571.80](pwm,hbm,brl,algo)[0.0 0.0 1053.0 2.0],flag 154
10-03 02:11:58.823 E/JobScheduler.Background( 3557): Couldn't determine stopped state for unknown package: com.tencent.wework
10-03 02:11:58.823 E/JobScheduler.Background( 3557): Couldn't determine stopped state for unknown package: com.tencent.wework
10-03 02:11:58.824 E/JobScheduler.Background( 3557): Couldn't determine stopped state for unknown package: com.tencent.wework
10-03 02:11:58.857 W/OPLUS_LOG_LOAD( 7402): ==LOGS PROG INFO, prog(com.coloros.assistantscreen) ==
10-03 02:11:58.857 V/DRS_LOG_Track.RegionUtil[DRS-Scheduler-1]( 7402): ==== getRegion【CN】 from RegionMark
10-03 02:11:58.858 I/DRS_LOG_ChinaTimeWindowPolicy[DRS-Scheduler-1]( 7402): [DEFAULT] time=02:11, window=BASELINE, base=5m, scale=1.00, result=5m
10-03 02:11:58.858 V/DRS_LOG_Track.RegionUtil[DRS-Scheduler-1]( 7402): ==== getRegion【CN】 from RegionMark
10-03 02:11:58.858 I/DRS_LOG_UploadJobScheduler[DRS-Scheduler-1]( 7402): PSEUDO triggered, next=5m, base=5m, config:5min, policy=ChinaTimeWindow(baseline 1.0x)
10-03 02:11:58.858 I/DRS_LOG_UploadPipelineV2[DRS-Scheduler-1]( 7402): triggerPseudo() called, gate=UploadGateFacade{
10-03 02:11:58.858 I/DRS_LOG_UploadPipelineV2[DRS-Scheduler-1]( 7402):   BusinessRuleGate{mode=STANDALONE, enableNetRequest=false}
10-03 02:11:58.858 I/DRS_LOG_UploadPipelineV2[DRS-Scheduler-1]( 7402):   NetworkGate{networkReady=true, isWifi=false}
10-03 02:11:58.858 I/DRS_LOG_UploadPipelineV2[DRS-Scheduler-1]( 7402):   PerformanceGate{skipped(STANDALONE)}
10-03 02:11:58.858 I/DRS_LOG_UploadPipelineV2[DRS-Scheduler-1]( 7402):   EnvRecoveryDetector: EnvRecoveryDetector{standalone=true, state=IDLE, snapshot=EnvSnapshot{net=true, normalOk=true, rtOk=true}, lastNormalOk=true, lastRtOk=true}
10-03 02:11:58.858 I/DRS_LOG_UploadPipelineV2[DRS-Scheduler-1]( 7402):   envRecoveryListeners: 2
10-03 02:11:58.858 I/DRS_LOG_UploadPipelineV2[DRS-Scheduler-1]( 7402): }
10-03 02:11:58.858 W/DRS_LOG_ConfigService[DRS-Scheduler-1]( 7402): Bypassing 24h gate for forced config refresh, areaMigration=false, regionSwitch=false, noConfig=true
10-03 02:11:58.858 I/DRS_LOG_UploadGateFacade[DRS-Scheduler-1]( 7402): allowGetConfig: blocked by enableNetRequest=false
10-03 02:11:58.859 D/DRS_LOG_DrsNetwork[DRS-Scheduler-1]( 7402): Get-config-raw: gate blocked, shouldn't get config
10-03 02:11:58.859 D/DRS_LOG_GateStateStore[DRS-Scheduler-1]( 7402): persist[Pseudo]: ChannelGateState{lastSuccessMs=0, compRemain=2}
10-03 02:11:58.859 I/DRS_LOG_GateStateManager[DRS-Scheduler-1]( 7402): resetCompensationBudget[Pseudo]: budget=2
10-03 02:11:58.859 I/DRS_LOG_ChannelTaskRunner[DRS-Scheduler-1]( 7402): Pseudo ENQUEUE SUCCESS, request=ChannelTaskRequest{channelType=Pseudo, triggerReason=PSEUDO_PERIODIC, requestTimeMs=1790964718859, skipGateCheck=false, scheduledRun=false}
10-03 02:11:58.859 I/DRS_LOG_UploadJobScheduler[DRS-Scheduler-1]( 7402): PSEUDO thread scheduled, reason=loop, delay=5m
10-03 02:11:58.863 I/DRS_LOG_UploadWakeLock[DRS-Upload-Nr-1]( 7402): WakeLock acquired, timeout=30000ms
10-03 02:11:58.863 I/DRS_LOG_UploadGateFacade[DRS-Upload-Nr-1]( 7402): allowUpload[Pseudo]: GateResult{BLOCKED by BusinessRule: enableNetRequest=false}
10-03 02:11:58.863 I/DRS_LOG_ChannelTaskRunner[DRS-Upload-Nr-1]( 7402): Pseudo STOPPED by gate: enableNetRequest=false, request=ChannelTaskRequest{channelType=Pseudo, triggerReason=PSEUDO_PERIODIC, requestTimeMs=1790964718859, skipGateCheck=false, scheduledRun=false}
10-03 02:11:58.866 I/DRS_LOG_UploadWakeLock[DRS-Upload-Nr-1]( 7402): WakeLock released
10-03 02:11:58.872 I/BpBinder(10333): onLastStrongRef automatically unlinking death recipients: 
10-03 02:11:58.873 I/BpBinder(10333): onLastStrongRef automatically unlinking death recipients: 
10-03 02:11:58.878 I/artd    (18275): Starting artd
10-03 02:11:58.878 I/ChiX    ( 1909): [oplusAON:QSEEAON_ServiceCallback oplusSrvType:1] Receive QSEEAON Callback
10-03 02:11:58.878 I/ChiX    ( 1909): [oplusAON:ProcessAONServiceEvent] AON Event notify for hClientHandle= 0xb40000769ea69840
10-03 02:11:58.879 I/ChiX    ( 1909): [oplusAON:ClientEventCallBack] AON Event notify srvType=1, clientHandle:0xb40000769ea69840
10-03 02:11:58.879 I/ChiX    ( 1909): [oplusAON:TranslateToAonCallbackInfo  AONServiceType: 1] Translate to Service Event Info
10-03 02:11:58.879 D/ChiX    ( 1909): [oplusAON:AddFusionResult] Translate to fuison Event Info
10-03 02:11:58.879 D/ChiX    ( 1909): [oplusAON:AddFusionResult] fusion:rotation_angle = 90.000000
10-03 02:11:58.879 D/ChiX    ( 1909): [oplusAON] fusion->count:0
10-03 02:11:58.879 D/ChiX    ( 1909): fusion->itemLength:20
10-03 02:11:58.879 I/AidlLazyServiceRegistrar(18275): Registering service artd
10-03 02:11:58.880 D/AONLog  (12042): SensorHubAonManager: [notify] clientHandle:-5476376637414664128,isStopped:false, callback:k.g@dddbe50
10-03 02:11:58.881 I/AidlLazyServiceRegistrar(18275): Process has 1 (of 1 available) client(s) in use after notification artd has clients: 1
10-03 02:11:58.882 D/osense.compress( 3557): com.tencent.mobileqq do shrink, target ratio = 10, final ratio = 20, cur ratio = 0
10-03 02:11:58.883 D/AONLog  (12042): SensorHubAonManager: aonCallBackInfo-> serviceType:1, results:[Lvendor.oplus.hardware.camera.aon.AONResult;@a26488c
10-03 02:11:58.883 D/AONLog  (12042): AONResultsClassify: convertToResult
10-03 02:11:58.883 D/AONLog  (12042): AONResultsClassify: have FusionResult
10-03 02:11:58.883 D/AONLog  (12042): sensorhub_engine: engineSwitchOn = true runningCmds.size()=1 stopRunningCmds.size()=0
10-03 02:11:58.883 D/AONLog  (12042): OSensorHubResultProcess: transform inParams：com.aon.service.aonsensorhublib.p@4afbbd5
10-03 02:11:58.883 D/AONLog  (12042): OSensorHubResultProcess: transform fusionResult getDataCount：0 rotateAngle = 90
10-03 02:11:58.883 I/AONLog  (12042): i: detect->faces num = 0, gesture num = 0
10-03 02:11:58.883 I/AONLog  (12042): GAZESTATE: enter gaze detect0
10-03 02:11:58.883 I/ChiX    ( 1909): [oplusAON:ProcessAONServiceEvent] AON Event notify: Success callback:0xb40000769ea6a460 for hClientHandle= 0xb40000769ea69840
10-03 02:11:58.883 I/AONLog  (12042): GAZESTATE: final gaze state:false
10-03 02:11:58.883 D/AONLog  (12042): EngineContext: clear engine Context
10-03 02:11:58.883 D/AONLog  (12042): FramePackage: clear framePackage:0
10-03 02:11:58.883 D/AONLog  (12042): EngineContext: clear human Detected List
10-03 02:11:58.883 I/AONLog  (12042): ListenerManager: type = 1  eventInfo = 65538
10-03 02:11:58.883 I/AONLog  (12042): ListenerManager: notifySpecialObserver lock. AonCmdType:393217
10-03 02:11:58.883 I/AONLog  (12042): AONAttentionService: onEventParam event:65538 callback:com.oplus.wrapper.service.attention.IAttentionService%24Stub%241%241@7534003
10-03 02:11:58.886 I/com.oplus.metis( 8433): AssetManager2(0xb40000768336c028) locale list changing from [] to [zh-CN]
10-03 02:11:58.891 I/artd    (18275): isSwordfishLaunchAppEnabled_ 1 isSwordfishInstallAppEnabled_ 1
10-03 02:11:58.911 D/OplusDexOptimizeManager( 3557): packageName: com.tencent.mm Dexopt state is: speed
10-03 02:11:58.911 D/OplusDexOptimizeManager( 3557):  Do not in AppLaunchOptList! com.tencent.mm or need repair:false
10-03 02:11:58.929 D/IMApp-100-10395( 5280): transport layer data is invalid
10-03 02:11:58.930 D/IMApp-104-10395( 5280): transport layer data is invalid
10-03 02:11:58.931 D/ScorePolicy( 5280): handleScoreChanged: []
10-03 02:11:58.931 D/ScorePolicy( 5280): handleScoreChanged: []
10-03 02:11:58.931 D/ScorePolicy( 5280): handleScoreChanged: []
10-03 02:11:58.951 D/ActivityManager( 3557): Freezer deadlock watchdog
10-03 02:11:58.961 I/OplusCpuLimitManager( 3557): OplusCpuHighLoad: newLoadLevel=1, newMngLevel=1, (nl_load=1, nl_thermal=1, nl_scene=1), curMngLevel=1, CL=0, curWinCL=0, curShortWinCL= 0, latestCL=0, latestThermalLevel=5, expHlScene=false
10-03 02:11:58.962 I/FuseDaemon( 7067): gc_priority_optimize fd is empty
10-03 02:11:58.962 I/FuseDaemon( 7067): open sharedFd failed with Permission denied
10-03 02:11:58.962 I/FuseDaemon( 7067): gc_priority_optimize set UX fail-1
10-03 02:11:58.962 I/FuseDaemon( 7067): gc_priority_optimize fd is empty
10-03 02:11:58.962 I/FuseDaemon( 7067): open sharedFd failed with Permission denied
10-03 02:11:58.962 I/FuseDaemon( 7067): gc_priority_optimize set UX fail-1
10-03 02:11:58.970 I/AICCTModule( 3557): SensorFilter: brightness threshold 1.2 screenNit is 55.034 ave enviroment lux is 15.897782 luxForNit 44.305935demarcationPoint200.0 result is true
10-03 02:11:58.973 I/FuseDaemon( 7067): gc_priority_optimize fd is empty
10-03 02:11:58.973 I/FuseDaemon( 7067): open sharedFd failed with Permission denied
10-03 02:11:58.973 I/FuseDaemon( 7067): gc_priority_optimize set UX fail-1
10-03 02:11:58.973 I/FuseDaemon( 7067): gc_priority_optimize fd is empty
10-03 02:11:58.973 I/FuseDaemon( 7067): open sharedFd failed with Permission denied
10-03 02:11:58.973 I/FuseDaemon( 7067): gc_priority_optimize set UX fail-1
10-03 02:11:58.976 I/FuseDaemon( 7067): gc_priority_optimize fd is empty
10-03 02:11:58.976 I/FuseDaemon( 7067): open sharedFd failed with Permission denied
10-03 02:11:58.976 I/FuseDaemon( 7067): gc_priority_optimize set UX fail-1
10-03 02:11:58.976 I/FuseDaemon( 7067): gc_priority_optimize fd is empty
10-03 02:11:58.976 I/FuseDaemon( 7067): open sharedFd failed with Permission denied
10-03 02:11:58.976 I/FuseDaemon( 7067): gc_priority_optimize set UX fail-1
10-03 02:11:58.977 I/ChiX    ( 1909): [oplusAON:QSEEAON_ServiceCallback oplusSrvType:1] Receive QSEEAON Callback
10-03 02:11:58.977 I/ChiX    ( 1909): [oplusAON:ProcessAONServiceEvent] AON Event notify for hClientHandle= 0xb40000769ea69840
10-03 02:11:58.977 I/ChiX    ( 1909): [oplusAON:ClientEventCallBack] AON Event notify srvType=1, clientHandle:0xb40000769ea69840
10-03 02:11:58.977 I/ChiX    ( 1909): [oplusAON:TranslateToAonCallbackInfo  AONServiceType: 1] Translate to Service Event Info
10-03 02:11:58.977 D/ChiX    ( 1909): [oplusAON:AddFusionResult] Translate to fuison Event Info
10-03 02:11:58.977 D/ChiX    ( 1909): [oplusAON:AddFusionResult] fusion:rotation_angle = 90.000000
10-03 02:11:58.977 D/ChiX    ( 1909): [oplusAON] fusion->count:0
10-03 02:11:58.977 D/ChiX    ( 1909): fusion->itemLength:20
10-03 02:11:58.978 D/AONLog  (12042): SensorHubAonManager: [notify] clientHandle:-5476376637414664128,isStopped:false, callback:k.g@dddbe50
10-03 02:11:58.978 D/AONLog  (12042): SensorHubAonManager: aonCallBackInfo-> serviceType:1, results:[Lvendor.oplus.hardware.camera.aon.AONResult;@5cc0fea
10-03 02:11:58.978 D/AONLog  (12042): AONResultsClassify: convertToResult
10-03 02:11:58.978 D/AONLog  (12042): AONResultsClassify: have FusionResult
10-03 02:11:58.978 D/AONLog  (12042): sensorhub_engine: engineSwitchOn = true runningCmds.size()=1 stopRunningCmds.size()=0
10-03 02:11:58.978 I/ChiX    ( 1909): [oplusAON:ProcessAONServiceEvent] AON Event notify: Success callback:0xb40000769ea6a460 for hClientHandle= 0xb40000769ea69840
10-03 02:11:58.978 D/AONLog  (12042): OSensorHubResultProcess: transform inParams：com.aon.service.aonsensorhublib.p@db842db
10-03 02:11:58.978 D/AONLog  (12042): OSensorHubResultProcess: transform fusionResult getDataCount：0 rotateAngle = 90
10-03 02:11:58.978 I/AONLog  (12042): i: detect->faces num = 0, gesture num = 0
10-03 02:11:58.978 I/AONLog  (12042): GAZESTATE: enter gaze detect0
10-03 02:11:58.979 I/FuseDaemon( 7067): gc_priority_optimize fd is empty
10-03 02:11:58.979 I/FuseDaemon( 7067): open sharedFd failed with Permission denied
10-03 02:11:58.979 I/FuseDaemon( 7067): gc_priority_optimize set UX fail-1
10-03 02:11:58.979 I/AONLog  (12042): GAZESTATE: final gaze state:false
10-03 02:11:58.979 D/AONLog  (12042): EngineContext: clear engine Context
10-03 02:11:58.979 I/FuseDaemon( 7067): gc_priority_optimize fd is empty
10-03 02:11:58.979 I/FuseDaemon( 7067): open sharedFd failed with Permission denied
10-03 02:11:58.979 I/FuseDaemon( 7067): gc_priority_optimize set UX fail-1
10-03 02:11:58.980 D/AONLog  (12042): FramePackage: clear framePackage:0
10-03 02:11:58.980 D/AONLog  (12042): EngineContext: clear human Detected List
10-03 02:11:58.981 I/AONLog  (12042): ListenerManager: type = 1  eventInfo = 65538
10-03 02:11:58.981 I/AONLog  (12042): ListenerManager: notifySpecialObserver lock. AonCmdType:393217
10-03 02:11:58.981 I/AONLog  (12042): AONAttentionService: onEventParam event:65538 callback:com.oplus.wrapper.service.attention.IAttentionService%24Stub%241%241@7534003
10-03 02:11:58.990 I/com.oplus.metis( 8433): AssetManager2(0xb40000768336c328) locale list changing from [] to [zh-CN]
10-03 02:11:59.032 D/SensorFeature( 2024): name=ssc_screenshot_info ,index = 22
10-03 02:11:59.033 D/SensorFeature( 2024): write 29 bytes:62500738359,63715375910,155,0
10-03 02:11:59.038 W/CameraStatsProvider(18222): Camera face num not found!
10-03 02:11:59.039 W/CameraStatsProvider(18222): Camera type settings is not found!
10-03 02:11:59.067 I/sensors-hal( 1882): handle_oplus_wise_rgb_event:189, high_pwm_light:lux 47.3,cct 5807.6,brl/algo/ir 1053.0/2.0/0.0,pwm/dc 0.0/0.0,rgbc 1685.181274/1285.928711/668.783630/3590.796631,ts 63677387595,cnt 790,flag 155
10-03 02:11:59.067 I/sensors-hal( 1882): handle_oplus_wise_rgb_event:160, wise_rgb:(792)(cct,lux,ir)[5807.64, 47.34, 0.000000](rgbc)[1666.86, 1274.29, 656.51, 3559.13](pwm,hbm,brl,algo)[0.0 0.0 1053.0 2.0],flag 155
10-03 02:11:59.068 D/FusionLightNextGen( 3557): process end reported = 1, mode: 0, cnt: 170, lux 15.6, cct 5300.0, r/g/b/c: 1666.9/1274.3/662.6/3540.1, R/G/B: 123.0/113.0/94.0, bri 1053.0, match 1.00, ir 0.000000, conf 2.0, ts 63702470616
10-03 02:11:59.078 I/ChiX    ( 1909): [oplusAON:QSEEAON_ServiceCallback oplusSrvType:1] Receive QSEEAON Callback
10-03 02:11:59.078 I/ChiX    ( 1909): [oplusAON:ProcessAONServiceEvent] AON Event notify for hClientHandle= 0xb40000769ea69840
10-03 02:11:59.078 I/ChiX    ( 1909): [oplusAON:ClientEventCallBack] AON Event notify srvType=1, clientHandle:0xb40000769ea69840
10-03 02:11:59.078 I/ChiX    ( 1909): [oplusAON:TranslateToAonCallbackInfo  AONServiceType: 1] Translate to Service Event Info
10-03 02:11:59.078 D/ChiX    ( 1909): [oplusAON:AddFusionResult] Translate to fuison Event Info
10-03 02:11:59.078 D/ChiX    ( 1909): [oplusAON:AddFusionResult] fusion:rotation_angle = 90.000000
10-03 02:11:59.078 D/ChiX    ( 1909): [oplusAON] fusion->count:0
10-03 02:11:59.079 D/ChiX    ( 1909): fusion->itemLength:20
10-03 02:11:59.079 D/AONLog  (12042): SensorHubAonManager: [notify] clientHandle:-5476376637414664128,isStopped:false, callback:k.g@dddbe50
10-03 02:11:59.079 D/AONLog  (12042): SensorHubAonManager: aonCallBackInfo-> serviceType:1, results:[Lvendor.oplus.hardware.camera.aon.AONResult;@c356178
10-03 02:11:59.079 D/AONLog  (12042): AONResultsClassify: convertToResult
10-03 02:11:59.079 D/AONLog  (12042): AONResultsClassify: have FusionResult
10-03 02:11:59.079 D/AONLog  (12042): sensorhub_engine: engineSwitchOn = true runningCmds.size()=1 stopRunningCmds.size()=0
10-03 02:11:59.079 I/ChiX    ( 1909): [oplusAON:ProcessAONServiceEvent] AON Event notify: Success callback:0xb40000769ea6a460 for hClientHandle= 0xb40000769ea69840
10-03 02:11:59.079 D/AONLog  (12042): OSensorHubResultProcess: transform inParams：com.aon.service.aonsensorhublib.p@13d4051
10-03 02:11:59.080 D/AONLog  (12042): OSensorHubResultProcess: transform fusionResult getDataCount：0 rotateAngle = 90
10-03 02:11:59.080 I/AONLog  (12042): i: detect->faces num = 0, gesture num = 0
10-03 02:11:59.080 I/AONLog  (12042): GAZESTATE: enter gaze detect0
10-03 02:11:59.080 I/AONLog  (12042): GAZESTATE: final gaze state:false
10-03 02:11:59.080 D/AONLog  (12042): EngineContext: clear engine Context
10-03 02:11:59.080 D/AONLog  (12042): FramePackage: clear framePackage:0
10-03 02:11:59.080 D/AONLog  (12042): EngineContext: clear human Detected List
10-03 02:11:59.080 I/AONLog  (12042): ListenerManager: type = 1  eventInfo = 65538
10-03 02:11:59.080 I/AONLog  (12042): ListenerManager: notifySpecialObserver lock. AonCmdType:393217
10-03 02:11:59.080 I/AONLog  (12042): AONAttentionService: onEventParam event:65538 callback:com.oplus.wrapper.service.attention.IAttentionService%24Stub%241%241@7534003
10-03 02:11:59.086 D/BoundBrokerSvc( 7191): onUnbind: Intent { act=com.google.android.gms.facs.cache.service.START dat=chimera-action:/... xflg=0x4 cmp=com.google.android.gms/.chimera.PersistentApiService mCallingUid=10258 }
10-03 02:11:59.090 I/OplusHansManager ( 3557): uid=10413, pkg=li.songe.gkd cannot transition from R to M, importance=floatWindow
10-03 02:11:59.091 I/com.oplus.metis( 8433): AssetManager2(0xb40000768336c628) locale list changing from [] to [zh-CN]
10-03 02:11:59.127 D/ContactsProvider(10333): performBackgroundTask: task id: 20
10-03 02:11:59.128 D/DataCon-MdpImpl(16745): timeout for entire mdp surroundings
10-03 02:11:59.131 D/ContactsProvider(10333): performBackgroundTask: task id: 24
10-03 02:11:59.136 E/OplusWifiSwitchMoniter( 3557):  isskipScene isMtkPlatform():false isScanAlwaysAvailable:true isWifiEnabled:true isAirplaneToggled:false
10-03 02:11:59.142 E/OplusWifiSwitchMoniter( 3557): OplusWifiSwitchMoniter buildType = 0
10-03 02:11:59.142 D/OplusWifiSwitchMoniter( 3557): sys.shutdown.requested is: 
10-03 02:11:59.159 D/QmiClient( 2622): qmiServiceEventCallback recv msg id 1099
10-03 02:11:59.159 D/QmiClient( 2622): enter -mServiceType 4 onQmiServiceEventCallback msgId 1099
10-03 02:11:59.159 D/QmiClient( 2622): onQmiServiceEventCallback - enter. msgId=1099
10-03 02:11:59.159 D/QmiVsClientEvent( 2622): QosPeriodReportInd MSG IND data_len 2052
10-03 02:11:59.159 D/QmiVsClientEvent( 2622): qmiVsClientNotifyQosPeriodReportIndEvent - RADIO_EVENT_QOS_PERIOD_REPORT_NOTIFY_IND
10-03 02:11:59.159 D/VsProxy ( 2622): handleMessage msg is 2420
10-03 02:11:59.159 D/VsProxy ( 2622): handleQosPeriodReportInd for instance 0 data_len 171
10-03 02:11:59.160 D/SubsysRadioIndication[0]( 5280): radioQosPeriodReportInd result [8, -67, -55, -30, -26, 6, 18, 8, 8, -66, -56, -30, -26, 6, 72, 1, 26, 6, 8, -104, -56, -30, -26, 6, 34, 12, 8, -6, -62, -30, -26, 6, 16, 4, 24, 3, 32, 1, 58, 61, 8, -78, -55, -30, -26, 6, 16, 5, 24, -18, -106, 26, 32, -102, 1, 40, -92, -1, -1, -1, -1, -1, -1, -1, -1, 1, 48, -10, -1, -1, -1, -1, -1, -1, -1, -1, 1, 56, 21, 64, -92, -1, -1, -1, -1, -1, -1, -1, -1, 1, 72, -93, -1, -1, -1, -1, -1, -1, -1, -1, 1, 66, 30, 8, -120, -6, -31, -26, 6, 16, 5, 34, 20, 8, -18, -106, 26, 16, -102, 1, 24, 1, 32, 7, 40, -127, -120, -44, -48, -84, 1, 48, 1, 90, 0, 98, 10, 8, -43, -68, -32, -26, 6, 16, 3, 24, 5, 114, 0, 122, 20, 8, -44, -57, -30, -26, 6, 16, -1, -1, 1, 24, -1, -1, 1, 32, -1, -1, -1, -1, 15]
10-03 02:11:59.160 D/NetworkService[0]( 5280): handleMessage what:1005
10-03 02:11:59.161 D/RadioAtomTracker( 5280): parseQosPeriodData ModemQos:CellularQosInfo{mSubId=2, mRat=5, mArfcn=428910, mPci=154, mBand=1, mDLBW=7, mRsrp=-92, mRsrq=-10, mSnr=21, mSvcStatus=3, mULTimeStamp=-1, mULPDCPNumDataPdu=0, mULPDCPNumDropPdu=0, mULPDCPTput=0, mULRLCNumDataPdu=0, mULRLCNumRetxPdu=0, mULGrant=0, mULBSR=0, mULBler=1, mDLTimeStamp=-1, mDLPDCPNumDataPdu=0, mDLPDCPTput=0, mDLRLCNumDataPdu=0, mDLRLCNumRetxPdu=0, mDLRLCNumDropPdu=0, mDLMACPaddingBytes=0, mDLPdcpNumMissToUppPdu=0, mDLBler=0, mRlfCount=0, mRachWithULGrantCount=0, mCellChangeCount=0, mIsRedirectionOccur=0, mIsDualSimConflict=0, mLatency=21, mCellId=46340047873, mNr5GScs=1, mSub1RrcState=3, mSub2RrcState=1, mRachCount=0, mRachAbortCount=0, mCalcPower=32767, mMtpl=32767, mPathLoss=-1, mFbrxCount=0, mCellLoad=0}
10-03 02:11:59.162 D/NetworkService[0]( 5280): EVENT_REG_QOS_PERIOD_REPORT_IND_CHANGED ENTER
10-03 02:11:59.162 D/NetworkService[0]( 5280): EVENT_REG_QOS_PERIOD_REPORT_IND_CHANGED mLinkReport true
10-03 02:11:59.163 D/UlPriorityPred( 5216): handleMessage EVENT_MODEM_UL_BWT_CHANGE: limitFlag = 0, mNextLimit = 0
10-03 02:11:59.178 I/ChiX    ( 1909): [oplusAON:QSEEAON_ServiceCallback oplusSrvType:1] Receive QSEEAON Callback
10-03 02:11:59.178 I/ChiX    ( 1909): [oplusAON:ProcessAONServiceEvent] AON Event notify for hClientHandle= 0xb40000769ea69840
10-03 02:11:59.178 I/ChiX    ( 1909): [oplusAON:ClientEventCallBack] AON Event notify srvType=1, clientHandle:0xb40000769ea69840
10-03 02:11:59.178 I/ChiX    ( 1909): [oplusAON:TranslateToAonCallbackInfo  AONServiceType: 1] Translate to Service Event Info
10-03 02:11:59.178 D/ChiX    ( 1909): [oplusAON:AddFusionResult] Translate to fuison Event Info
10-03 02:11:59.178 D/ChiX    ( 1909): [oplusAON:AddFusionResult] fusion:rotation_angle = 90.000000
10-03 02:11:59.178 D/ChiX    ( 1909): [oplusAON] fusion->count:0
10-03 02:11:59.178 D/ChiX    ( 1909): fusion->itemLength:20
10-03 02:11:59.178 D/AONLog  (12042): SensorHubAonManager: [notify] clientHandle:-5476376637414664128,isStopped:false, callback:k.g@dddbe50
10-03 02:11:59.178 D/AONLog  (12042): SensorHubAonManager: aonCallBackInfo-> serviceType:1, results:[Lvendor.oplus.hardware.camera.aon.AONResult;@5340b6
10-03 02:11:59.179 D/AONLog  (12042): AONResultsClassify: convertToResult
10-03 02:11:59.179 D/AONLog  (12042): AONResultsClassify: have FusionResult
10-03 02:11:59.179 D/AONLog  (12042): sensorhub_engine: engineSwitchOn = true runningCmds.size()=1 stopRunningCmds.size()=0
10-03 02:11:59.179 D/AONLog  (12042): OSensorHubResultProcess: transform inParams：com.aon.service.aonsensorhublib.p@3ee31b7
10-03 02:11:59.179 D/AONLog  (12042): OSensorHubResultProcess: transform fusionResult getDataCount：0 rotateAngle = 90
10-03 02:11:59.179 I/ChiX    ( 1909): [oplusAON:ProcessAONServiceEvent] AON Event notify: Success callback:0xb40000769ea6a460 for hClientHandle= 0xb40000769ea69840
10-03 02:11:59.179 I/AONLog  (12042): i: detect->faces num = 0, gesture num = 0
10-03 02:11:59.179 I/AONLog  (12042): GAZESTATE: enter gaze detect0
10-03 02:11:59.179 I/AONLog  (12042): GAZESTATE: final gaze state:false
10-03 02:11:59.180 I/AONLog  (12042): ListenerManager: type = 1  eventInfo = 65538
10-03 02:11:59.180 I/AONLog  (12042): ListenerManager: notifySpecialObserver lock. AonCmdType:393217
10-03 02:11:59.180 D/AONLog  (12042): EngineContext: clear engine Context
10-03 02:11:59.180 D/AONLog  (12042): FramePackage: clear framePackage:0
10-03 02:11:59.180 D/AONLog  (12042): EngineContext: clear human Detected List
10-03 02:11:59.180 I/AONLog  (12042): AONAttentionService: onEventParam event:65538 callback:com.oplus.wrapper.service.attention.IAttentionService%24Stub%241%241@7534003
10-03 02:11:59.197 I/com.oplus.metis( 8433): AssetManager2(0xb40000768336c928) locale list changing from [] to [zh-CN]
10-03 02:11:59.278 I/ChiX    ( 1909): [oplusAON:QSEEAON_ServiceCallback oplusSrvType:1] Receive QSEEAON Callback
10-03 02:11:59.278 I/ChiX    ( 1909): [oplusAON:ProcessAONServiceEvent] AON Event notify for hClientHandle= 0xb40000769ea69840
10-03 02:11:59.278 I/ChiX    ( 1909): [oplusAON:ClientEventCallBack] AON Event notify srvType=1, clientHandle:0xb40000769ea69840
10-03 02:11:59.278 I/ChiX    ( 1909): [oplusAON:TranslateToAonCallbackInfo  AONServiceType: 1] Translate to Service Event Info
10-03 02:11:59.278 D/ChiX    ( 1909): [oplusAON:AddFusionResult] Translate to fuison Event Info
10-03 02:11:59.278 D/ChiX    ( 1909): [oplusAON:AddFusionResult] fusion:rotation_angle = 90.000000
10-03 02:11:59.278 D/ChiX    ( 1909): [oplusAON] fusion->count:0
10-03 02:11:59.278 D/ChiX    ( 1909): fusion->itemLength:20
10-03 02:11:59.278 D/AONLog  (12042): SensorHubAonManager: [notify] clientHandle:-5476376637414664128,isStopped:false, callback:k.g@dddbe50
10-03 02:11:59.278 D/AONLog  (12042): SensorHubAonManager: aonCallBackInfo-> serviceType:1, results:[Lvendor.oplus.hardware.camera.aon.AONResult;@a1b1d24
10-03 02:11:59.278 D/AONLog  (12042): AONResultsClassify: convertToResult
10-03 02:11:59.278 D/AONLog  (12042): AONResultsClassify: have FusionResult
10-03 02:11:59.278 D/AONLog  (12042): sensorhub_engine: engineSwitchOn = true runningCmds.size()=1 stopRunningCmds.size()=0
10-03 02:11:59.278 I/ChiX    ( 1909): [oplusAON:ProcessAONServiceEvent] AON Event notify: Success callback:0xb40000769ea6a460 for hClientHandle= 0xb40000769ea69840
10-03 02:11:59.281 D/AONLog  (12042): OSensorHubResultProcess: transform inParams：com.aon.service.aonsensorhublib.p@e44908d
10-03 02:11:59.283 D/AONLog  (12042): OSensorHubResultProcess: transform fusionResult getDataCount：0 rotateAngle = 90
10-03 02:11:59.283 I/AONLog  (12042): i: detect->faces num = 0, gesture num = 0
10-03 02:11:59.283 I/AONLog  (12042): GAZESTATE: enter gaze detect0
10-03 02:11:59.283 I/AONLog  (12042): GAZESTATE: final gaze state:false
10-03 02:11:59.283 D/AONLog  (12042): EngineContext: clear engine Context
10-03 02:11:59.283 D/AONLog  (12042): FramePackage: clear framePackage:0
10-03 02:11:59.284 D/AONLog  (12042): EngineContext: clear human Detected List
10-03 02:11:59.284 I/AONLog  (12042): ListenerManager: type = 1  eventInfo = 65538
10-03 02:11:59.284 I/AONLog  (12042): ListenerManager: notifySpecialObserver lock. AonCmdType:393217
10-03 02:11:59.284 I/AONLog  (12042): AONAttentionService: onEventParam event:65538 callback:com.oplus.wrapper.service.attention.IAttentionService%24Stub%241%241@7534003
10-03 02:11:59.286 D/VendorWifiService( 5280): onEvent event:9,action:1
10-03 02:11:59.290 W/OPLUS_LOG_LOAD( 3557): ==LOGS PROG INFO, prog(system_server) ==
10-03 02:11:59.290 D/ScorerUtils( 3557): isLowTraffic: txTputKBps=1, rxTputKBps=0
10-03 02:11:59.290 D/OplusNetKit( 3557): triggerNetworkDetection: iface=wlan0 detectType:lan_probe, forceReevaluate:false, source:oplusScorer
10-03 02:11:59.290 D/OplusNetKit( 3557): ignore lan probe in 2015
10-03 02:11:59.290 D/OplusWifiPower_TriggerCenter( 3557): mComponentCallback: wifistat
10-03 02:11:59.294 I/OplusHansManager ( 3557): pkg: com.google.android.gsf has gms-backup-service
10-03 02:11:59.295 I/OplusHansManager ( 3557): uid=99910258, pkg=com.google.android.gsf cannot transition from R to M, importance=gms-backup-service
10-03 02:11:59.302 I/com.oplus.metis( 8433): AssetManager2(0xb40000768336cc28) locale list changing from [] to [zh-CN]
10-03 02:11:59.318 D/BatteryChargeControl( 2045): bcc get no support from charging protocol
10-03 02:11:59.323 D/SensorFeature( 2024): name=ssc_screenshot_info ,index = 22
10-03 02:11:59.323 D/SensorFeature( 2024): write 29 bytes:62500738359,64006098775,156,0
10-03 02:11:59.328 D/BoundBrokerSvc( 7191): onUnbind: Intent { act=com.google.android.gms.clearcut.service.START dat=chimera-action:/... xflg=0x4 cmp=com.google.android.gms/.chimera.PersistentDirectBootAwareApiService mCallingUid=10258 }
10-03 02:11:59.334 I/sensors-hal( 1882): handle_oplus_wise_rgb_event:160, wise_rgb:(797)(cct,lux,ir)[5569.77, 48.32, 0.000000](rgbc)[1679.08, 1285.93, 650.38, 3597.13](pwm,hbm,brl,algo)[0.0 0.0 1053.0 2.0],flag 156
10-03 02:11:59.337 D/BoundBrokerSvc( 7191): onUnbind: Intent { act=com.google.android.gms.onboardingconsent.api.ConsentManagerApiService.START dat=chimera-action:/... xflg=0x4 cmp=com.google.android.gms/.chimera.GmsApiService mCallingUid=10258 }
10-03 02:11:59.343 D/ActivityManager( 3557): Async freezing 10367 com.heytap.htms:sysintegrity
10-03 02:11:59.345 I/flutter (16300): BridgeMap add 197763549!!
10-03 02:11:59.346 I/flutter (16300): Zidl2DartFFIEnv: Zidl2DartFFIEnv: aff_biz false
10-03 02:11:59.346 I/flutter (16300): BridgeMap add 648779604!!
10-03 02:11:59.363 D/BoundBrokerSvc( 9760): onUnbind: Intent { act=com.google.android.gms.checkin.START xflg=0x4 pkg=com.google.android.gms mCallingUid=99910258 }
10-03 02:11:59.365 I/FuseDaemon( 7067): gc_priority_optimize fd is empty
10-03 02:11:59.365 I/FuseDaemon( 7067): open sharedFd failed with Permission denied
10-03 02:11:59.365 I/FuseDaemon( 7067): gc_priority_optimize set UX fail-1
10-03 02:11:59.365 I/FuseDaemon( 7067): gc_priority_optimize fd is empty
10-03 02:11:59.365 I/FuseDaemon( 7067): open sharedFd failed with Permission denied
10-03 02:11:59.365 I/FuseDaemon( 7067): gc_priority_optimize set UX fail-1
10-03 02:11:59.368 D/BoundBrokerSvc( 9760): onUnbind: Intent { act=com.google.android.gms.audit.service.START dat=chimera-action:/... xflg=0x4 cmp=com.google.android.gms/.chimera.GmsBoundBrokerService mCallingUid=99910258 }
10-03 02:11:59.376 I/FuseDaemon( 7067): gc_priority_optimize fd is empty
10-03 02:11:59.376 I/FuseDaemon( 7067): open sharedFd failed with Permission denied
10-03 02:11:59.376 I/FuseDaemon( 7067): gc_priority_optimize set UX fail-1
10-03 02:11:59.376 I/FuseDaemon( 7067): gc_priority_optimize fd is empty
10-03 02:11:59.376 I/FuseDaemon( 7067): open sharedFd failed with Permission denied
10-03 02:11:59.376 I/FuseDaemon( 7067): gc_priority_optimize set UX fail-1
10-03 02:11:59.378 I/ChiX    ( 1909): [oplusAON:QSEEAON_ServiceCallback oplusSrvType:1] Receive QSEEAON Callback
10-03 02:11:59.378 I/ChiX    ( 1909): [oplusAON:ProcessAONServiceEvent] AON Event notify for hClientHandle= 0xb40000769ea69840
10-03 02:11:59.378 I/ChiX    ( 1909): [oplusAON:ClientEventCallBack] AON Event notify srvType=1, clientHandle:0xb40000769ea69840
10-03 02:11:59.378 I/ChiX    ( 1909): [oplusAON:TranslateToAonCallbackInfo  AONServiceType: 1] Translate to Service Event Info
10-03 02:11:59.379 D/ChiX    ( 1909): [oplusAON:AddFusionResult] Translate to fuison Event Info
10-03 02:11:59.379 D/ChiX    ( 1909): [oplusAON:AddFusionResult] fusion:rotation_angle = 90.000000
10-03 02:11:59.379 D/ChiX    ( 1909): [oplusAON] fusion->count:0
10-03 02:11:59.379 D/ChiX    ( 1909): fusion->itemLength:20
10-03 02:11:59.379 I/FuseDaemon( 7067): gc_priority_optimize fd is empty
10-03 02:11:59.379 I/FuseDaemon( 7067): open sharedFd failed with Permission denied
10-03 02:11:59.379 I/FuseDaemon( 7067): gc_priority_optimize set UX fail-1
10-03 02:11:59.380 I/FuseDaemon( 7067): gc_priority_optimize fd is empty
10-03 02:11:59.380 I/FuseDaemon( 7067): open sharedFd failed with Permission denied
10-03 02:11:59.380 I/FuseDaemon( 7067): gc_priority_optimize set UX fail-1
10-03 02:11:59.380 D/AONLog  (12042): SensorHubAonManager: [notify] clientHandle:-5476376637414664128,isStopped:false, callback:k.g@dddbe50
10-03 02:11:59.380 D/AONLog  (12042): SensorHubAonManager: aonCallBackInfo-> serviceType:1, results:[Lvendor.oplus.hardware.camera.aon.AONResult;@14ab242
10-03 02:11:59.381 D/AONLog  (12042): AONResultsClassify: convertToResult
10-03 02:11:59.381 D/AONLog  (12042): AONResultsClassify: have FusionResult
10-03 02:11:59.382 D/AONLog  (12042): sensorhub_engine: engineSwitchOn = true runningCmds.size()=1 stopRunningCmds.size()=0
10-03 02:11:59.382 D/AONLog  (12042): OSensorHubResultProcess: transform inParams：com.aon.service.aonsensorhublib.p@2a3253
10-03 02:11:59.382 I/FuseDaemon( 7067): gc_priority_optimize fd is empty
10-03 02:11:59.382 I/ChiX    ( 1909): [oplusAON:ProcessAONServiceEvent] AON Event notify: Success callback:0xb40000769ea6a460 for hClientHandle= 0xb40000769ea69840
10-03 02:11:59.382 I/FuseDaemon( 7067): open sharedFd failed with Permission denied
10-03 02:11:59.382 I/FuseDaemon( 7067): gc_priority_optimize set UX fail-1
10-03 02:11:59.382 D/AONLog  (12042): OSensorHubResultProcess: transform fusionResult getDataCount：0 rotateAngle = 90
10-03 02:11:59.382 I/AONLog  (12042): i: detect->faces num = 0, gesture num = 0
10-03 02:11:59.382 I/AONLog  (12042): GAZESTATE: enter gaze detect0
10-03 02:11:59.382 I/AONLog  (12042): GAZESTATE: final gaze state:false
10-03 02:11:59.383 D/AONLog  (12042): EngineContext: clear engine Context
10-03 02:11:59.383 D/AONLog  (12042): FramePackage: clear framePackage:0
10-03 02:11:59.383 I/AONLog  (12042): ListenerManager: type = 1  eventInfo = 65538
10-03 02:11:59.383 I/FuseDaemon( 7067): gc_priority_optimize fd is empty
10-03 02:11:59.383 I/FuseDaemon( 7067): open sharedFd failed with Permission denied
10-03 02:11:59.383 I/FuseDaemon( 7067): gc_priority_optimize set UX fail-1
10-03 02:11:59.383 I/AONLog  (12042): ListenerManager: notifySpecialObserver lock. AonCmdType:393217
10-03 02:11:59.383 I/AONLog  (12042): AONAttentionService: onEventParam event:65538 callback:com.oplus.wrapper.service.attention.IAttentionService%24Stub%241%241@7534003
10-03 02:11:59.384 D/AONLog  (12042): EngineContext: clear human Detected List
10-03 02:11:59.406 I/com.oplus.metis( 8433): AssetManager2(0xb4000076871a4d28) locale list changing from [] to [zh-CN]
10-03 02:11:59.430 D/BoundBrokerSvc( 9760): onUnbind: Intent { act=com.google.android.gms.clearcut.service.START dat=chimera-action:/... xflg=0x4 cmp=com.google.android.gms/.chimera.PersistentDirectBootAwareApiService mCallingUid=99910258 }
10-03 02:11:59.454 D/ContactsProvider(10333): performBackgroundTask: task id: 21
10-03 02:11:59.454 D/ContactsProvider(10333): performBackgroundTask GET_QUICKSEARCH_VALUE
10-03 02:11:59.457 D/ContactsProvider(10333): performBackgroundTask: task id: 27
10-03 02:11:59.464 I/com.customize.statistics.UploadStatisticsJobService(10333): bootPermissionGranted : true
10-03 02:11:59.466 D/BoundBrokerSvc( 9760): onUnbind: Intent { act=com.google.android.gms.tapandpay.service.BIND dat=chimera-action:/... xflg=0x4 cmp=com.google.android.gms/.chimera.PersistentApiService mCallingUid=99910258 }
10-03 02:11:59.468 D/ContactsProvider(10333): performBackgroundTask: task id: 28
10-03 02:11:59.469 D/ContactsProvider(10333): performBackgroundTask: task id: 33
10-03 02:11:59.473 I/ContactNumberHashHelper(10333): start updateExistNumberHash
10-03 02:11:59.473 D/ContactNumberHashHelper(10333): updateExistNumberHash hasUpdated
10-03 02:11:59.478 I/ChiX    ( 1909): [oplusAON:QSEEAON_ServiceCallback oplusSrvType:1] Receive QSEEAON Callback
10-03 02:11:59.478 I/ChiX    ( 1909): [oplusAON:ProcessAONServiceEvent] AON Event notify for hClientHandle= 0xb40000769ea69840
10-03 02:11:59.478 I/ChiX    ( 1909): [oplusAON:ClientEventCallBack] AON Event notify srvType=1, clientHandle:0xb40000769ea69840
10-03 02:11:59.478 I/ChiX    ( 1909): [oplusAON:TranslateToAonCallbackInfo  AONServiceType: 1] Translate to Service Event Info
10-03 02:11:59.478 D/ChiX    ( 1909): [oplusAON:AddFusionResult] Translate to fuison Event Info
10-03 02:11:59.478 D/ChiX    ( 1909): [oplusAON:AddFusionResult] fusion:rotation_angle = 90.000000
10-03 02:11:59.478 D/ChiX    ( 1909): [oplusAON] fusion->count:0
10-03 02:11:59.478 D/ChiX    ( 1909): fusion->itemLength:20
10-03 02:11:59.478 D/AONLog  (12042): SensorHubAonManager: [notify] clientHandle:-5476376637414664128,isStopped:false, callback:k.g@dddbe50
10-03 02:11:59.478 D/AONLog  (12042): SensorHubAonManager: aonCallBackInfo-> serviceType:1, results:[Lvendor.oplus.hardware.camera.aon.AONResult;@c7ee790
10-03 02:11:59.478 D/AONLog  (12042): AONResultsClassify: convertToResult
10-03 02:11:59.478 D/AONLog  (12042): AONResultsClassify: have FusionResult
10-03 02:11:59.479 D/AONLog  (12042): sensorhub_engine: engineSwitchOn = true runningCmds.size()=1 stopRunningCmds.size()=0
10-03 02:11:59.479 D/AONLog  (12042): OSensorHubResultProcess: transform inParams：com.aon.service.aonsensorhublib.p@5f6a889
10-03 02:11:59.479 D/AONLog  (12042): OSensorHubResultProcess: transform fusionResult getDataCount：0 rotateAngle = 90
10-03 02:11:59.479 I/AONLog  (12042): i: detect->faces num = 0, gesture num = 0
10-03 02:11:59.479 I/AONLog  (12042): GAZESTATE: enter gaze detect0
10-03 02:11:59.479 I/AONLog  (12042): GAZESTATE: final gaze state:false
10-03 02:11:59.479 D/AONLog  (12042): EngineContext: clear engine Context
10-03 02:11:59.479 D/AONLog  (12042): FramePackage: clear framePackage:0
10-03 02:11:59.479 D/AONLog  (12042): EngineContext: clear human Detected List
10-03 02:11:59.479 I/AONLog  (12042): ListenerManager: type = 1  eventInfo = 65538
10-03 02:11:59.479 I/AONLog  (12042): ListenerManager: notifySpecialObserver lock. AonCmdType:393217
10-03 02:11:59.479 I/AONLog  (12042): AONAttentionService: onEventParam event:65538 callback:com.oplus.wrapper.service.attention.IAttentionService%24Stub%241%241@7534003
10-03 02:11:59.479 I/ChiX    ( 1909): [oplusAON:ProcessAONServiceEvent] AON Event notify: Success callback:0xb40000769ea6a460 for hClientHandle= 0xb40000769ea69840
10-03 02:11:59.483 I/cn_CronetUrlRequestContext( 9760): destroyNativeStreamLocked org.chromium.net.impl.CronetBidirectionalStream@1814c4a
10-03 02:11:59.484 W/AppLinksAsyncVerifierV2( 9760): Error performing check:  [CONTEXT service_id=244 ]
10-03 02:11:59.484 W/AppLinksAsyncVerifierV2( 9760): jyuf: UNAVAILABLE
10-03 02:11:59.484 W/AppLinksAsyncVerifierV2( 9760): 	at bpho.r(:com.google.android.gms@263436035@26.34.36 (260400-981326859):37)
10-03 02:11:59.484 W/AppLinksAsyncVerifierV2( 9760): 	at bpho.G(:com.google.android.gms@263436035@26.34.36 (260400-981326859):55)
10-03 02:11:59.484 W/AppLinksAsyncVerifierV2( 9760): 	at gapa.a(:com.google.android.gms@263436035@26.34.36 (260400-981326859):46)
10-03 02:11:59.484 W/AppLinksAsyncVerifierV2( 9760): 	at ganv.c(:com.google.android.gms@263436035@26.34.36 (260400-981326859):20)
10-03 02:11:59.484 W/AppLinksAsyncVerifierV2( 9760): 	at ganv.c(:com.google.android.gms@263436035@26.34.36 (260400-981326859):217)
10-03 02:11:59.484 W/AppLinksAsyncVerifierV2( 9760): 	at ganv.a(:com.google.android.gms@263436035@26.34.36 (260400-981326859):3)
10-03 02:11:59.484 W/AppLinksAsyncVerifierV2( 9760): 	at bhzn.run(:com.google.android.gms@263436035@26.34.36 (260400-981326859):5)
10-03 02:11:59.484 W/AppLinksAsyncVerifierV2( 9760): 	at bpof.d(:com.google.android.gms@263436035@26.34.36 (260400-981326859):50)
10-03 02:11:59.484 W/AppLinksAsyncVerifierV2( 9760): 	at bpof.c(:com.google.android.gms@263436035@26.34.36 (260400-981326859):6)
10-03 02:11:59.484 W/AppLinksAsyncVerifierV2( 9760): 	at bpof.run(:com.google.android.gms@263436035@26.34.36 (260400-981326859):33)
10-03 02:11:59.484 W/AppLinksAsyncVerifierV2( 9760): 	at java.util.concurrent.ThreadPoolExecutor.runWorker(ThreadPoolExecutor.java:1156)
10-03 02:11:59.484 W/AppLinksAsyncVerifierV2( 9760): 	at java.util.concurrent.ThreadPoolExecutor$Worker.run(ThreadPoolExecutor.java:651)
10-03 02:11:59.484 W/AppLinksAsyncVerifierV2( 9760): 	at bpuf.run(:com.google.android.gms@263436035@26.34.36 (260400-981326859):8)
10-03 02:11:59.484 W/AppLinksAsyncVerifierV2( 9760): 	at java.lang.Thread.run(Thread.java:1119)
10-03 02:11:59.484 W/AppLinksAsyncVerifierV2( 9760): Caused by: m1.ht: Exception in BidirectionalStream: net::ERR_NAME_NOT_RESOLVED, ErrorCode=1, InternalErrorCode=-105, Retryable=false
10-03 02:11:59.484 W/AppLinksAsyncVerifierV2( 9760): 	at org.chromium.net.impl.CronetBidirectionalStream.onError(:com.google.android.gms.dynamite_cronetdynamite@263436035@26.34.36 (260400-0):27)
10-03 02:11:59.516 I/com.oplus.metis( 8433): AssetManager2(0xb40000768336d528) locale list changing from [] to [zh-CN]
10-03 02:11:59.614 D/SensorFeature( 2024): name=ssc_screenshot_info ,index = 22
10-03 02:11:59.614 D/SensorFeature( 2024): write 29 bytes:62500738359,64297134295,157,0
10-03 02:11:59.616 I/sensors-hal( 1882): handle_oplus_wise_rgb_event:189, high_pwm_light:lux 47.9,cct 5724.5,brl/algo/ir 1053.0/2.0/0.0,pwm/dc 0.0/0.0,rgbc 1685.181274/1291.747437/668.783630/3590.796631,ts 64226414939,cnt 800,flag 157
10-03 02:11:59.617 I/sensors-hal( 1882): handle_oplus_wise_rgb_event:160, wise_rgb:(802)(cct,lux,ir)[5724.49, 47.95, 0.000000](rgbc)[1666.86, 1268.47, 656.51, 3546.47](pwm,hbm,brl,algo)[0.0 0.0 1053.0 2.0],flag 157
10-03 02:11:59.663 I/ChiX    ( 1909): [oplusAON:QSEEAON_ServiceCallback oplusSrvType:1] Receive QSEEAON Callback
10-03 02:11:59.663 I/ChiX    ( 1909): [oplusAON:ProcessAONServiceEvent] AON Event notify for hClientHandle= 0xb40000769ea69840
10-03 02:11:59.663 I/ChiX    ( 1909): [oplusAON:ClientEventCallBack] AON Event notify srvType=1, clientHandle:0xb40000769ea69840
10-03 02:11:59.663 I/ChiX    ( 1909): [oplusAON:TranslateToAonCallbackInfo  AONServiceType: 1] Translate to Service Event Info
10-03 02:11:59.663 D/ChiX    ( 1909): [oplusAON:AddFusionResult] Translate to fuison Event Info
10-03 02:11:59.664 D/ChiX    ( 1909): [oplusAON:AddFusionResult] fusion:rotation_angle = 90.000000
10-03 02:11:59.665 D/ChiX    ( 1909): [oplusAON] fusion->count:0
10-03 02:11:59.665 D/ChiX    ( 1909): fusion->itemLength:20
10-03 02:11:59.666 D/AONLog  (12042): SensorHubAonManager: [notify] clientHandle:-5476376637414664128,isStopped:false, callback:k.g@dddbe50
10-03 02:11:59.666 D/AONLog  (12042): SensorHubAonManager: aonCallBackInfo-> serviceType:1, results:[Lvendor.oplus.hardware.camera.aon.AONResult;@455b08e
10-03 02:11:59.666 D/AONLog  (12042): AONResultsClassify: convertToResult
10-03 02:11:59.666 D/AONLog  (12042): AONResultsClassify: have FusionResult
10-03 02:11:59.666 D/AONLog  (12042): sensorhub_engine: engineSwitchOn = true runningCmds.size()=1 stopRunningCmds.size()=0
10-03 02:11:59.667 I/ChiX    ( 1909): [oplusAON:ProcessAONServiceEvent] AON Event notify: Success callback:0xb40000769ea6a460 for hClientHandle= 0xb40000769ea69840
10-03 02:11:59.667 D/AONLog  (12042): OSensorHubResultProcess: transform inParams：com.aon.service.aonsensorhublib.p@1ba0af
10-03 02:11:59.667 D/AONLog  (12042): OSensorHubResultProcess: transform fusionResult getDataCount：0 rotateAngle = 90
10-03 02:11:59.667 I/AONLog  (12042): i: detect->faces num = 0, gesture num = 0
10-03 02:11:59.667 I/AONLog  (12042): GAZESTATE: enter gaze detect0
10-03 02:11:59.667 I/AONLog  (12042): GAZESTATE: final gaze state:false
10-03 02:11:59.667 I/AONLog  (12042): ListenerManager: type = 1  eventInfo = 65538
10-03 02:11:59.668 I/AONLog  (12042): ListenerManager: notifySpecialObserver lock. AonCmdType:393217
10-03 02:11:59.668 I/AONLog  (12042): AONAttentionService: onEventParam event:65538 callback:com.oplus.wrapper.service.attention.IAttentionService%24Stub%241%241@7534003
10-03 02:11:59.669 D/AONLog  (12042): EngineContext: clear engine Context
10-03 02:11:59.670 D/AONLog  (12042): FramePackage: clear framePackage:0
10-03 02:11:59.670 I/sensors-hal( 1882): handle_sns_std_sensor_event:104, oplus rgb_rear sample: (cct, lux, ir, x, y)[5200, 0, 379, 0, 0]
10-03 02:11:59.670 I/sensors-hal( 1882): handle_sns_std_sensor_event:106, oplus rgb_rear sample: (r, g, b, c w)[1, 0, 0, 0, 0]
10-03 02:11:59.670 D/AONLog  (12042): EngineContext: clear human Detected List
10-03 02:11:59.671 I/AICCTModule( 3557): SensorFilter: brightness threshold 1.2 screenNit is 55.034 ave enviroment lux is 15.763527 luxForNit 44.134594demarcationPoint200.0 result is true
10-03 02:11:59.705 D/QmiClient( 2622): qmiServiceEventCallback recv msg id 47
10-03 02:11:59.705 D/QmiClient( 2622): enter -mServiceType 10 onQmiServiceEventCallback msgId 47
10-03 02:11:59.705 D/QmiClient( 2622): onQmiServiceEventCallback - enter. msgId=47
10-03 02:11:59.709 D/OttProxy( 2622): handleMessage msg is 3001
10-03 02:11:59.711 D/SubsysRadioIndication[0]( 5280): radioLinkLatencyInfoInd
10-03 02:11:59.713 D/SubsysRadioIndication[0]( 5280): notify enter
10-03 02:11:59.713 D/NetworkService[0]( 5280): handleMessage what:1008
10-03 02:11:59.713 D/NetworkService[0]( 5280): EVENT_REG_LINK_LATENCY_INFO_CHANGE ulLatency:-1
10-03 02:11:59.725 I/com.oplus.metis( 8433): AssetManager2(0xb40000768336d828) locale list changing from [] to [zh-CN]
10-03 02:11:59.722 W/TcmReceiver( 3557): type=1400 audit(0.0:131): avc:  denied  { connectto } for  path="/dev/socket/tcmd" scontext=u:r:system_server:s0 tcontext=u:r:vendor_tcmd:s0 tclass=unix_stream_socket permissive=0
10-03 02:11:59.761 I/FuseDaemon( 7067): gc_priority_optimize fd is empty
10-03 02:11:59.761 I/FuseDaemon( 7067): open sharedFd failed with Permission denied
10-03 02:11:59.761 I/FuseDaemon( 7067): gc_priority_optimize set UX fail-1
10-03 02:11:59.761 I/FuseDaemon( 7067): gc_priority_optimize fd is empty
10-03 02:11:59.761 I/FuseDaemon( 7067): open sharedFd failed with Permission denied
10-03 02:11:59.761 I/FuseDaemon( 7067): gc_priority_optimize set UX fail-1
10-03 02:11:59.763 I/ChiX    ( 1909): [oplusAON:QSEEAON_ServiceCallback oplusSrvType:1] Receive QSEEAON Callback
10-03 02:11:59.763 I/ChiX    ( 1909): [oplusAON:ProcessAONServiceEvent] AON Event notify for hClientHandle= 0xb40000769ea69840
10-03 02:11:59.763 I/ChiX    ( 1909): [oplusAON:ClientEventCallBack] AON Event notify srvType=1, clientHandle:0xb40000769ea69840
10-03 02:11:59.763 I/ChiX    ( 1909): [oplusAON:TranslateToAonCallbackInfo  AONServiceType: 1] Translate to Service Event Info
10-03 02:11:59.763 D/ChiX    ( 1909): [oplusAON:AddFusionResult] Translate to fuison Event Info
10-03 02:11:59.764 D/ChiX    ( 1909): [oplusAON:AddFusionResult] fusion:rotation_angle = 90.000000
10-03 02:11:59.764 D/ChiX    ( 1909): [oplusAON] fusion->count:0
10-03 02:11:59.764 D/ChiX    ( 1909): fusion->itemLength:20
10-03 02:11:59.764 D/AONLog  (12042): SensorHubAonManager: [notify] clientHandle:-5476376637414664128,isStopped:false, callback:k.g@dddbe50
10-03 02:11:59.764 D/AONLog  (12042): SensorHubAonManager: aonCallBackInfo-> serviceType:1, results:[Lvendor.oplus.hardware.camera.aon.AONResult;@d12ecbc
10-03 02:11:59.765 D/AONLog  (12042): AONResultsClassify: convertToResult
10-03 02:11:59.765 D/AONLog  (12042): AONResultsClassify: have FusionResult
10-03 02:11:59.765 D/AONLog  (12042): sensorhub_engine: engineSwitchOn = true runningCmds.size()=1 stopRunningCmds.size()=0
10-03 02:11:59.766 D/AONLog  (12042): OSensorHubResultProcess: transform inParams：com.aon.service.aonsensorhublib.p@a984445
10-03 02:11:59.766 I/ChiX    ( 1909): [oplusAON:ProcessAONServiceEvent] AON Event notify: Success callback:0xb40000769ea6a460 for hClientHandle= 0xb40000769ea69840
10-03 02:11:59.766 D/AONLog  (12042): OSensorHubResultProcess: transform fusionResult getDataCount：0 rotateAngle = 90
10-03 02:11:59.766 I/AONLog  (12042): i: detect->faces num = 0, gesture num = 0
10-03 02:11:59.766 I/AONLog  (12042): GAZESTATE: enter gaze detect0
10-03 02:11:59.766 I/AONLog  (12042): GAZESTATE: final gaze state:false
10-03 02:11:59.766 D/AONLog  (12042): EngineContext: clear engine Context
10-03 02:11:59.767 D/AONLog  (12042): FramePackage: clear framePackage:0
10-03 02:11:59.767 D/AONLog  (12042): EngineContext: clear human Detected List
10-03 02:11:59.767 I/AONLog  (12042): ListenerManager: type = 1  eventInfo = 65538
10-03 02:11:59.767 I/AONLog  (12042): ListenerManager: notifySpecialObserver lock. AonCmdType:393217
10-03 02:11:59.767 I/AONLog  (12042): AONAttentionService: onEventParam event:65538 callback:com.oplus.wrapper.service.attention.IAttentionService%24Stub%241%241@7534003
10-03 02:11:59.769 D/ActivityManager( 3557): Skipping freeze for process 13128 com.oplus.wirelesssettings. Already frozen or not a real process
10-03 02:11:59.772 I/FuseDaemon( 7067): gc_priority_optimize fd is empty
10-03 02:11:59.772 I/FuseDaemon( 7067): open sharedFd failed with Permission denied
10-03 02:11:59.772 I/FuseDaemon( 7067): gc_priority_optimize set UX fail-1
10-03 02:11:59.772 I/FuseDaemon( 7067): gc_priority_optimize fd is empty
10-03 02:11:59.773 I/FuseDaemon( 7067): open sharedFd failed with Permission denied
10-03 02:11:59.773 I/FuseDaemon( 7067): gc_priority_optimize set UX fail-1
10-03 02:11:59.776 I/FuseDaemon( 7067): gc_priority_optimize fd is empty
10-03 02:11:59.776 I/FuseDaemon( 7067): open sharedFd failed with Permission denied
10-03 02:11:59.776 I/FuseDaemon( 7067): gc_priority_optimize set UX fail-1
10-03 02:11:59.776 I/FuseDaemon( 7067): gc_priority_optimize fd is empty
10-03 02:11:59.776 I/FuseDaemon( 7067): open sharedFd failed with Permission denied
10-03 02:11:59.776 I/FuseDaemon( 7067): gc_priority_optimize set UX fail-1
10-03 02:11:59.778 I/FuseDaemon( 7067): gc_priority_optimize fd is empty
10-03 02:11:59.778 I/FuseDaemon( 7067): open sharedFd failed with Permission denied
10-03 02:11:59.778 I/FuseDaemon( 7067): gc_priority_optimize set UX fail-1
10-03 02:11:59.779 I/FuseDaemon( 7067): gc_priority_optimize fd is empty
10-03 02:11:59.779 I/FuseDaemon( 7067): open sharedFd failed with Permission denied
10-03 02:11:59.779 I/FuseDaemon( 7067): gc_priority_optimize set UX fail-1
10-03 02:11:59.833 D/TheiaManager( 3557): com.android.server.wm.OplusWindowManagerService@505c1eb getDeclaredField : com.android.server.wm.WindowManagerService.mRoot
10-03 02:11:59.834 D/TheiaManager( 3557): com.android.server.wm.RootWindowContainer@6538415 callDeclaredMethod : com.android.server.wm.RootWindowContainer.getTopFocusedDisplayContent param[] null args[]null
10-03 02:11:59.834 D/TheiaManager( 3557): Display{#0 state=ON size=1264x2780 ROTATION_0} getDeclaredField : com.android.server.wm.DisplayContent.mCurrentFocus
10-03 02:11:59.834 I/TheiaManager( 3557): hasTopDisplayFocusWindow focus:Window{f9361e6 u0 com.android.systemui}
10-03 02:11:59.834 I/Theia.NoFocusWindow( 3557): top display win is not null, ignore nofocus happen
10-03 02:11:59.834 I/Theia.NoFocusWindow( 3557): nofous happen not valid, msg:1
10-03 02:11:59.838 I/com.oplus.metis( 8433): AssetManager2(0xb40000768336de28) locale list changing from [] to [zh-CN]
10-03 02:11:59.863 I/ChiX    ( 1909): [oplusAON:QSEEAON_ServiceCallback oplusSrvType:1] Receive QSEEAON Callback
10-03 02:11:59.864 I/ChiX    ( 1909): [oplusAON:ProcessAONServiceEvent] AON Event notify for hClientHandle= 0xb40000769ea69840
10-03 02:11:59.864 I/ChiX    ( 1909): [oplusAON:ClientEventCallBack] AON Event notify srvType=1, clientHandle:0xb40000769ea69840
10-03 02:11:59.864 I/ChiX    ( 1909): [oplusAON:TranslateToAonCallbackInfo  AONServiceType: 1] Translate to Service Event Info
10-03 02:11:59.864 D/ChiX    ( 1909): [oplusAON:AddFusionResult] Translate to fuison Event Info
10-03 02:11:59.864 D/ChiX    ( 1909): [oplusAON:AddFusionResult] fusion:rotation_angle = 90.000000
10-03 02:11:59.864 D/ChiX    ( 1909): [oplusAON] fusion->count:0
10-03 02:11:59.864 D/ChiX    ( 1909): fusion->itemLength:20
10-03 02:11:59.864 D/AONLog  (12042): SensorHubAonManager: [notify] clientHandle:-5476376637414664128,isStopped:false, callback:k.g@dddbe50
10-03 02:11:59.864 D/AONLog  (12042): SensorHubAonManager: aonCallBackInfo-> serviceType:1, results:[Lvendor.oplus.hardware.camera.aon.AONResult;@a00479a
10-03 02:11:59.864 D/AONLog  (12042): AONResultsClassify: convertToResult
10-03 02:11:59.864 D/AONLog  (12042): AONResultsClassify: have FusionResult
10-03 02:11:59.865 D/AONLog  (12042): sensorhub_engine: engineSwitchOn = true runningCmds.size()=1 stopRunningCmds.size()=0
10-03 02:11:59.865 I/sensors-hal( 1882): handle_oplus_wise_rgb_event:160, wise_rgb:(807)(cct,lux,ir)[5669.98, 47.28, 0.676725](rgbc)[1685.18, 1285.93, 656.51, 3597.13](pwm,hbm,brl,algo)[0.0 0.0 1053.0 2.0],flag 157
10-03 02:11:59.866 D/AONLog  (12042): OSensorHubResultProcess: transform inParams：com.aon.service.aonsensorhublib.p@30b98cb
10-03 02:11:59.866 D/AONLog  (12042): OSensorHubResultProcess: transform fusionResult getDataCount：0 rotateAngle = 90
10-03 02:11:59.866 I/AONLog  (12042): i: detect->faces num = 0, gesture num = 0
10-03 02:11:59.866 I/AONLog  (12042): GAZESTATE: enter gaze detect0
10-03 02:11:59.866 I/AONLog  (12042): GAZESTATE: final gaze state:false
10-03 02:11:59.866 I/AONLog  (12042): ListenerManager: type = 1  eventInfo = 65538
10-03 02:11:59.866 I/AONLog  (12042): ListenerManager: notifySpecialObserver lock. AonCmdType:393217
10-03 02:11:59.866 I/AONLog  (12042): AONAttentionService: onEventParam event:65538 callback:com.oplus.wrapper.service.attention.IAttentionService%24Stub%241%241@7534003
10-03 02:11:59.867 I/ChiX    ( 1909): [oplusAON:ProcessAONServiceEvent] AON Event notify: Success callback:0xb40000769ea6a460 for hClientHandle= 0xb40000769ea69840
10-03 02:11:59.868 D/AONLog  (12042): EngineContext: clear engine Context
10-03 02:11:59.868 D/AONLog  (12042): FramePackage: clear framePackage:0
10-03 02:11:59.868 D/AONLog  (12042): EngineContext: clear human Detected List
10-03 02:11:59.874 I/OplusWifiSarManager( 3557): Received Data State Change: 0
10-03 02:11:59.874 D/SubsysEventListenerManager-SubsysTelephonyCallback[0]( 5280): onDataActivity
10-03 02:11:59.874 D/DataService[0]( 5280): onDataActivity direction:0
10-03 02:11:59.874 I/OplusWifiSarManager( 3557): mWifiConnected: true mWifiState: true
10-03 02:11:59.874 W/OPLUS_LOG_LOAD( 5144): ==LOGS PROG INFO, prog(com.android.systemui) ==
10-03 02:11:59.874 D/Tile.OplusCellularTile( 5144): refreshState: tile not listening, ignore
10-03 02:11:59.874 D/OplusWifiSarManager( 3557): set wifi_dbs_enable to false
10-03 02:11:59.874 D/OplusWifiSarManager( 3557): wifiBand mWifi2gState:false mWifi5gState: true mWifi5gBand:WIFI_5G_BAND1 mWifi6gBand:WIFI_5G_DISABLE
10-03 02:11:59.874 I/OplusBluetoothSarManager( 7692): Bluetooth not in tx mode, don't do sar back off!
10-03 02:11:59.875 I/OplusWifiSarManager( 3557): sar sensor state:
10-03 02:11:59.875 I/OplusWifiSarManager( 3557): sensor index: 0, state: null
10-03 02:11:59.875 I/OplusWifiSarManager( 3557): sensor index: 1, state: null
10-03 02:11:59.875 I/OplusWifiSarManager( 3557): sensor index: 2, state: null
10-03 02:11:59.875 I/OplusWifiSarManager( 3557): sensor index: 3, state: null
10-03 02:11:59.875 I/OplusWifiSarManager( 3557): sensor index: 4, state: null
10-03 02:11:59.875 I/OplusWifiSarManager( 3557): sensor index: 5, state: null
10-03 02:11:59.875 I/OplusWifiSarManager( 3557): sensor index: 6, state: null
10-03 02:11:59.875 I/OplusWifiSarManager( 3557): sensor index: 7, state: null
10-03 02:11:59.875 I/OplusWifiSarManager( 3557): sensor index: 8, state: null
10-03 02:11:59.875 I/OplusWifiSarManager( 3557): sensor index: 9, state: null
10-03 02:11:59.875 I/OplusWifiSarManager( 3557): sensor index: 10, state: null
10-03 02:11:59.875 I/OplusWifiSarManager( 3557): sensor index: 11, state: null
10-03 02:11:59.875 I/OplusWifiSarManager( 3557): sensor index: 12, state: null
10-03 02:11:59.875 I/OplusWifiSarManager( 3557): sensor index: 13, state: null
10-03 02:11:59.875 I/OplusWifiSarManager( 3557): sensor index: 14, state: null
10-03 02:11:59.875 I/OplusWifiSarManager( 3557): sensor index: 15, state: null
10-03 02:11:59.875 I/OplusWifiSarManager( 3557): project: 23851, country: CN
10-03 02:11:59.875 I/OplusWifiSarManager( 3557): sensor state: earpiece: 0, sensor: null, isScreenOn: true
10-03 02:11:59.875 I/OplusWifiSarManager( 3557): modem state: mCellOn: false mDataOn: false mData5gOn: false
10-03 02:11:59.875 I/OplusWifiSarManager( 3557): wifi state: mWifiConnected: true mWifiSapEnabled: false mWifiP2pConnected: false mWifi2gState: false mWifi5gState: true mWifi5gBand: WIFI_5G_BAND1 mWifi6gBand: WIFI_5G_DISABLE mIsBluetoothTxOn: false
10-03 02:11:59.875 I/OplusWifiSarManager( 3557): mSta5gBand: WIFI_5G_BAND1 , mP2p5gBand: WIFI_5G_DISABLE , mSap5gBand: WIFI_5G_DISABLE , mSta6gBand: WIFI_5G_DISABLE , mP2p6gBand: WIFI_5G_DISABLE , mSap6gBand: WIFI_5G_DISABLE , wifiBand5g: WIFI_5G_BAND1 , wifiBand6g: WIFI_5G_DISABLE
10-03 02:11:59.875 I/OplusWifiSarManager( 3557): wifisar engineerMode state: enable: false, Regdomain: , modemWorkType(2:4G, 3:5G): -1, sensorWorkType: -1, wifiChannel2.4G: -1, wifiChannel5G: -1, wifiChannel6G: -1 mWifiSarTestFoldWorkType((1=unfold,0=fold)):-1, bt work type: -1, hotspot work type: -1
10-03 02:11:59.875 I/OplusWifiSarManager( 3557): sensor index: 13, max: 16
10-03 02:11:59.875 D/OplusWifiSarManager( 3557):  state: 11111000001000101 country: CN
10-03 02:11:59.876 I/SystemUi--Statusbar( 5144): MobileConnectionRepositoryImpl-->subId:2 isSoftSimCard:false slotId:0
10-03 02:11:59.904 D/SensorFeature( 2024): name=ssc_screenshot_info ,index = 22
10-03 02:11:59.904 D/SensorFeature( 2024): write 29 bytes:62500738359,64586821847,158,0
10-03 02:11:59.940 W/Settings(12824): Setting adb_enabled has moved from android.provider.Settings.Secure to android.provider.Settings.Global.
10-03 02:11:59.940 W/Settings(12824): Setting development_settings_enabled has moved from android.provider.Settings.Secure to android.provider.Settings.Global.
10-03 02:11:59.940 I/com.oplus.metis( 8433): AssetManager2(0xb40000768336e128) locale list changing from [] to [zh-CN]
10-03 02:11:59.954 D/IMApp-100-10395( 5280): transport layer data is invalid
10-03 02:11:59.954 D/IMApp-104-10395( 5280): transport layer data is invalid
10-03 02:11:59.955 D/ScorePolicy( 5280): handleScoreChanged: []
10-03 02:11:59.955 D/ScorePolicy( 5280): handleScoreChanged: []
10-03 02:11:59.955 D/ScorePolicy( 5280): handleScoreChanged: []
10-03 02:11:59.962 I/ChiX    ( 1909): [oplusAON:QSEEAON_ServiceCallback oplusSrvType:1] Receive QSEEAON Callback
10-03 02:11:59.962 I/ChiX    ( 1909): [oplusAON:ProcessAONServiceEvent] AON Event notify for hClientHandle= 0xb40000769ea69840
10-03 02:11:59.962 I/ChiX    ( 1909): [oplusAON:ClientEventCallBack] AON Event notify srvType=1, clientHandle:0xb40000769ea69840
10-03 02:11:59.962 I/ChiX    ( 1909): [oplusAON:TranslateToAonCallbackInfo  AONServiceType: 1] Translate to Service Event Info
10-03 02:11:59.962 D/ChiX    ( 1909): [oplusAON:AddFusionResult] Translate to fuison Event Info
10-03 02:11:59.962 D/ChiX    ( 1909): [oplusAON:AddFusionResult] fusion:rotation_angle = 90.000000
10-03 02:11:59.962 D/ChiX    ( 1909): [oplusAON] fusion->count:0
10-03 02:11:59.962 D/ChiX    ( 1909): fusion->itemLength:20
10-03 02:11:59.963 D/AONLog  (12042): SensorHubAonManager: [notify] clientHandle:-5476376637414664128,isStopped:false, callback:k.g@dddbe50
10-03 02:11:59.963 D/AONLog  (12042): SensorHubAonManager: aonCallBackInfo-> serviceType:1, results:[Lvendor.oplus.hardware.camera.aon.AONResult;@c8018a8
10-03 02:11:59.963 D/AONLog  (12042): AONResultsClassify: convertToResult
10-03 02:11:59.963 D/AONLog  (12042): AONResultsClassify: have FusionResult
10-03 02:11:59.963 D/AONLog  (12042): sensorhub_engine: engineSwitchOn = true runningCmds.size()=1 stopRunningCmds.size()=0
10-03 02:11:59.963 D/AONLog  (12042): OSensorHubResultProcess: transform inParams：com.aon.service.aonsensorhublib.p@3fddfc1
10-03 02:11:59.963 I/ChiX    ( 1909): [oplusAON:ProcessAONServiceEvent] AON Event notify: Success callback:0xb40000769ea6a460 for hClientHandle= 0xb40000769ea69840
10-03 02:11:59.963 D/AONLog  (12042): OSensorHubResultProcess: transform fusionResult getDataCount：0 rotateAngle = 90
10-03 02:11:59.963 I/AONLog  (12042): i: detect->faces num = 0, gesture num = 0
10-03 02:11:59.963 I/AONLog  (12042): GAZESTATE: enter gaze detect0
10-03 02:11:59.963 I/AONLog  (12042): GAZESTATE: final gaze state:false
10-03 02:11:59.963 D/AONLog  (12042): EngineContext: clear engine Context
10-03 02:11:59.963 D/AONLog  (12042): FramePackage: clear framePackage:0
10-03 02:11:59.963 D/AONLog  (12042): EngineContext: clear human Detected List
10-03 02:11:59.963 I/AONLog  (12042): ListenerManager: type = 1  eventInfo = 65538
10-03 02:11:59.964 I/AONLog  (12042): ListenerManager: notifySpecialObserver lock. AonCmdType:393217
10-03 02:11:59.964 I/AONLog  (12042): AONAttentionService: onEventParam event:65538 callback:com.oplus.wrapper.service.attention.IAttentionService%24Stub%241%241@7534003
10-03 02:11:59.974 I/SDM     ( 1951): DisplayBase::CommitThread: Received idle timeout, panel: cmd, timeout: 70000 us
10-03 02:11:59.993 I/OplusHansManager ( 3557): unfreeze uid: 10400 com.aliothmoon.maameow pids: [9911, 10853] reason: Packet scene: |StrictMode-3|LcdOn
10-03 02:11:59.994 I/OStatsManager_OplusBatteryStatsManager( 3557): updateStateTime: PkgName = com.aliothmoon.maameow, uid = 10400, state to bg, mForegroundCnt = 0, isFg = false
10-03 02:11:59.997 I/OplusHansManager ( 3557): uid=10400, pkg=com.aliothmoon.maameow F exit(), F stay=23, reason=Packet, FrozenActionKeepProxy=false
10-03 02:11:59.998 I/OplusHansManager ( 3557): up_BtScan: uid 10400 isUnProxy true
10-03 02:11:59.999 V/AlarmManager( 3557): sending alarm Alarm{9ab3243 type 3 origWhen 64682 whenElapsed 64682 android} uid 1000 whenElapsed 64682 windowLength 0 maxWhenElapsed 64682 repeatInterval 0 action null component null tag TIME_TICK flags 0x9 procName system_server
10-03 02:12:00.000 I/SystemUi--SystemUi--( 5144): Clock-->smallTime: 02:12
10-03 02:12:00.003 D/SubsysBroadcastManager( 5280): onReceive action:android.intent.action.TIME_TICK
10-03 02:12:00.006 D/PhoneUsageTime( 6179): lastChargeFullTime=1790964700713 LastChargeFullDurationTime=264284
10-03 02:12:00.006 D/LightsServiceExtImpl( 3557): currentTime is not belong to 700 - 2330
10-03 02:12:00.008 D/OplusDisplayBrightnessBroadcastReceiver( 3557): onReceive action = android.intent.action.TIME_TICK , listeners = [com.android.server.display.feature.ambience.events.event.TimeEvent$TimeChangeReceiver@88b4e7d, com.android.server.display.color.eyeprotect.manager.AiCurveManager$RhythmBroadcastReceiverWithUpgradeUI@6e8b172]
10-03 02:12:00.010 I/SystemUi--SystemUi--( 5144): Clock-->smallTime: 02:12
10-03 02:12:00.011 I/SystemUi--SystemUi--( 5144): Clock-->smallTime: 02:12
10-03 02:12:00.011 D/ActivityManager( 3557): Async freezing 14776 com.qualcomm.qti.powersavemode
10-03 02:12:00.014 I/SystemUi--Statusbar( 5144): QsClock-->textWidth:116.0, mPaddingEnd 21, dynamicWidth 47, systemFontScale 1.0
10-03 02:12:00.015 E/JobScheduler.Background( 3557): Couldn't determine stopped state for unknown package: com.tencent.wework
10-03 02:12:00.015 E/JobScheduler.Background( 3557): Couldn't determine stopped state for unknown package: com.tencent.wework
10-03 02:12:00.015 E/JobScheduler.Background( 3557): Couldn't determine stopped state for unknown package: com.tencent.wework
10-03 02:12:00.023 D/AudioSystem(18222): onNewService: media.audio_policy service obtained 0xb4000076b34aad40
10-03 02:12:00.024 D/AudioSystem(18222): getService: checking for service media.audio_policy: 0xb4000076b34aad40
10-03 02:12:00.027 D/CardServiceLoader( 7402): 读取 settings_instant_card_plugin_version = null
10-03 02:12:00.046 I/com.oplus.metis( 8433): AssetManager2(0xb40000768336e428) locale list changing from [] to [zh-CN]
10-03 02:12:00.063 I/ChiX    ( 1909): [oplusAON:QSEEAON_ServiceCallback oplusSrvType:1] Receive QSEEAON Callback
10-03 02:12:00.063 I/ChiX    ( 1909): [oplusAON:ProcessAONServiceEvent] AON Event notify for hClientHandle= 0xb40000769ea69840
10-03 02:12:00.064 I/ChiX    ( 1909): [oplusAON:ClientEventCallBack] AON Event notify srvType=1, clientHandle:0xb40000769ea69840
10-03 02:12:00.064 I/ChiX    ( 1909): [oplusAON:TranslateToAonCallbackInfo  AONServiceType: 1] Translate to Service Event Info
10-03 02:12:00.064 D/ChiX    ( 1909): [oplusAON:AddFusionResult] Translate to fuison Event Info
10-03 02:12:00.065 D/ChiX    ( 1909): [oplusAON:AddFusionResult] fusion:rotation_angle = 90.000000
10-03 02:12:00.065 D/ChiX    ( 1909): [oplusAON] fusion->count:0
10-03 02:12:00.066 D/ChiX    ( 1909): fusion->itemLength:20
10-03 02:12:00.067 D/AONLog  (12042): SensorHubAonManager: [notify] clientHandle:-5476376637414664128,isStopped:false, callback:k.g@dddbe50
10-03 02:12:00.069 D/AONLog  (12042): SensorHubAonManager: aonCallBackInfo-> serviceType:1, results:[Lvendor.oplus.hardware.camera.aon.AONResult;@d8b4366
10-03 02:12:00.069 D/AONLog  (12042): AONResultsClassify: convertToResult
10-03 02:12:00.070 D/AONLog  (12042): AONResultsClassify: have FusionResult
10-03 02:12:00.070 D/AONLog  (12042): sensorhub_engine: engineSwitchOn = true runningCmds.size()=1 stopRunningCmds.size()=0
10-03 02:12:00.071 I/ChiX    ( 1909): [oplusAON:ProcessAONServiceEvent] AON Event notify: Success callback:0xb40000769ea6a460 for hClientHandle= 0xb40000769ea69840
10-03 02:12:00.071 D/AONLog  (12042): OSensorHubResultProcess: transform inParams：com.aon.service.aonsensorhublib.p@9b8f6a7
10-03 02:12:00.071 D/AONLog  (12042): OSensorHubResultProcess: transform fusionResult getDataCount：0 rotateAngle = 90
10-03 02:12:00.071 I/AONLog  (12042): i: detect->faces num = 0, gesture num = 0
10-03 02:12:00.071 I/AONLog  (12042): GAZESTATE: enter gaze detect0
10-03 02:12:00.071 I/AONLog  (12042): GAZESTATE: final gaze state:false
10-03 02:12:00.072 D/AONLog  (12042): EngineContext: clear engine Context
10-03 02:12:00.072 D/AONLog  (12042): FramePackage: clear framePackage:0
10-03 02:12:00.072 D/AONLog  (12042): EngineContext: clear human Detected List
10-03 02:12:00.072 I/AONLog  (12042): ListenerManager: type = 1  eventInfo = 65538
10-03 02:12:00.073 I/AONLog  (12042): ListenerManager: notifySpecialObserver lock. AonCmdType:393217
10-03 02:12:00.073 I/AONLog  (12042): AONAttentionService: onEventParam event:65538 callback:com.oplus.wrapper.service.attention.IAttentionService%24Stub%241%241@7534003
10-03 02:12:00.099 I/SDM     ( 1951): DisplayBase::CommitThread: Received idle timeout, panel: cmd, timeout: 70000 us
10-03 02:12:00.115 I/FuseDaemon( 7067): gc_priority_optimize fd is empty
10-03 02:12:00.115 I/FuseDaemon( 7067): open sharedFd failed with Permission denied
10-03 02:12:00.115 I/FuseDaemon( 7067): gc_priority_optimize set UX fail-1
10-03 02:12:00.116 I/FuseDaemon( 7067): gc_priority_optimize fd is empty
10-03 02:12:00.116 I/FuseDaemon( 7067): open sharedFd failed with Permission denied
10-03 02:12:00.116 I/FuseDaemon( 7067): gc_priority_optimize set UX fail-1
10-03 02:12:00.127 I/FuseDaemon( 7067): gc_priority_optimize fd is empty
10-03 02:12:00.127 I/FuseDaemon( 7067): open sharedFd failed with Permission denied
10-03 02:12:00.127 I/FuseDaemon( 7067): gc_priority_optimize set UX fail-1
10-03 02:12:00.127 I/FuseDaemon( 7067): gc_priority_optimize fd is empty
10-03 02:12:00.127 I/FuseDaemon( 7067): open sharedFd failed with Permission denied
10-03 02:12:00.127 I/FuseDaemon( 7067): gc_priority_optimize set UX fail-1
10-03 02:12:00.130 I/FuseDaemon( 7067): gc_priority_optimize fd is empty
10-03 02:12:00.130 I/FuseDaemon( 7067): open sharedFd failed with Permission denied
10-03 02:12:00.130 I/FuseDaemon( 7067): gc_priority_optimize set UX fail-1
10-03 02:12:00.130 I/FuseDaemon( 7067): gc_priority_optimize fd is empty
10-03 02:12:00.130 I/FuseDaemon( 7067): open sharedFd failed with Permission denied
10-03 02:12:00.130 I/FuseDaemon( 7067): gc_priority_optimize set UX fail-1
10-03 02:12:00.131 I/sensors-hal( 1882): handle_oplus_wise_rgb_event:189, high_pwm_light:lux 48.4,cct 5693.9,brl/algo/ir 1053.0/2.0/0.0,pwm/dc 0.0/0.0,rgbc 1691.286865/1280.109985/662.648010/3578.130615,ts 64557689470,cnt 810,flag 158
10-03 02:12:00.131 I/sensors-hal( 1882): handle_oplus_wise_rgb_event:160, wise_rgb:(812)(cct,lux,ir)[5693.91, 48.43, 0.000000](rgbc)[1654.65, 1274.29, 662.65, 3540.13](pwm,hbm,brl,algo)[0.0 0.0 1053.0 2.0],flag 158
10-03 02:12:00.132 I/FuseDaemon( 7067): gc_priority_optimize fd is empty
10-03 02:12:00.132 I/FuseDaemon( 7067): open sharedFd failed with Permission denied
10-03 02:12:00.132 I/FuseDaemon( 7067): gc_priority_optimize set UX fail-1
10-03 02:12:00.133 I/FuseDaemon( 7067): gc_priority_optimize fd is empty
10-03 02:12:00.133 I/FuseDaemon( 7067): open sharedFd failed with Permission denied
10-03 02:12:00.133 I/FuseDaemon( 7067): gc_priority_optimize set UX fail-1
10-03 02:12:00.148 I/com.oplus.metis( 8433): AssetManager2(0xb40000768336ea28) locale list changing from [] to [zh-CN]
10-03 02:12:00.159 D/QmiClient( 2622): qmiServiceEventCallback recv msg id 1099
10-03 02:12:00.159 D/QmiClient( 2622): enter -mServiceType 4 onQmiServiceEventCallback msgId 1099
10-03 02:12:00.159 D/QmiClient( 2622): onQmiServiceEventCallback - enter. msgId=1099
10-03 02:12:00.159 D/QmiVsClientEvent( 2622): QosPeriodReportInd MSG IND data_len 2052
10-03 02:12:00.159 D/QmiVsClientEvent( 2622): qmiVsClientNotifyQosPeriodReportIndEvent - RADIO_EVENT_QOS_PERIOD_REPORT_NOTIFY_IND
10-03 02:12:00.159 D/VsProxy ( 2622): handleMessage msg is 2420
10-03 02:12:00.159 D/VsProxy ( 2622): handleQosPeriodReportInd for instance 0 data_len 180
10-03 02:12:00.160 D/SubsysRadioIndication[0]( 5280): radioQosPeriodReportInd result [8, -91, -47, -30, -26, 6, 18, 17, 8, -15, -48, -30, -26, 6, 16, 1, 32, 60, 40, 8, 56, -22, 2, 72, 1, 26, 6, 8, -58, -48, -30, -26, 6, 34, 12, 8, -6, -62, -30, -26, 6, 16, 4, 24, 3, 32, 1, 58, 61, 8, -81, -48, -30, -26, 6, 16, 5, 24, -18, -106, 26, 32, -102, 1, 40, -92, -1, -1, -1, -1, -1, -1, -1, -1, 1, 48, -10, -1, -1, -1, -1, -1, -1, -1, -1, 1, 56, 22, 64, -92, -1, -1, -1, -1, -1, -1, -1, -1, 1, 72, -93, -1, -1, -1, -1, -1, -1, -1, -1, 1, 66, 30, 8, -120, -6, -31, -26, 6, 16, 5, 34, 20, 8, -18, -106, 26, 16, -102, 1, 24, 1, 32, 7, 40, -127, -120, -44, -48, -84, 1, 48, 1, 90, 0, 98, 10, 8, -43, -68, -32, -26, 6, 16, 3, 24, 5, 114, 0, 122, 20, 8, -51, -50, -30, -26, 6, 16, -1, -1, 1, 24, -1, -1, 1, 32, -1, -1, -1, -1, 15]
10-03 02:12:00.160 D/NetworkService[0]( 5280): handleMessage what:1005
10-03 02:12:00.161 D/RadioAtomTracker( 5280): parseQosPeriodData ModemQos:CellularQosInfo{mSubId=2, mRat=5, mArfcn=428910, mPci=154, mBand=1, mDLBW=7, mRsrp=-92, mRsrq=-10, mSnr=22, mSvcStatus=3, mULTimeStamp=-1, mULPDCPNumDataPdu=1, mULPDCPNumDropPdu=0, mULPDCPTput=60, mULRLCNumDataPdu=8, mULRLCNumRetxPdu=0, mULGrant=362, mULBSR=0, mULBler=1, mDLTimeStamp=-1, mDLPDCPNumDataPdu=0, mDLPDCPTput=0, mDLRLCNumDataPdu=0, mDLRLCNumRetxPdu=0, mDLRLCNumDropPdu=0, mDLMACPaddingBytes=0, mDLPdcpNumMissToUppPdu=0, mDLBler=0, mRlfCount=0, mRachWithULGrantCount=0, mCellChangeCount=0, mIsRedirectionOccur=0, mIsDualSimConflict=0, mLatency=0, mCellId=46340047873, mNr5GScs=1, mSub1RrcState=3, mSub2RrcState=1, mRachCount=0, mRachAbortCount=0, mCalcPower=32767, mMtpl=32767, mPathLoss=-1, mFbrxCount=0, mCellLoad=0}
10-03 02:12:00.163 I/ChiX    ( 1909): [oplusAON:QSEEAON_ServiceCallback oplusSrvType:1] Receive QSEEAON Callback
10-03 02:12:00.163 D/NetworkService[0]( 5280): EVENT_REG_QOS_PERIOD_REPORT_IND_CHANGED ENTER
10-03 02:12:00.163 I/ChiX    ( 1909): [oplusAON:ProcessAONServiceEvent] AON Event notify for hClientHandle= 0xb40000769ea69840
10-03 02:12:00.163 I/ChiX    ( 1909): [oplusAON:ClientEventCallBack] AON Event notify srvType=1, clientHandle:0xb40000769ea69840
10-03 02:12:00.164 D/NetworkService[0]( 5280): EVENT_REG_QOS_PERIOD_REPORT_IND_CHANGED mLinkReport true
10-03 02:12:00.164 I/ChiX    ( 1909): [oplusAON:TranslateToAonCallbackInfo  AONServiceType: 1] Translate to Service Event Info
10-03 02:12:00.164 D/ChiX    ( 1909): [oplusAON:AddFusionResult] Translate to fuison Event Info
10-03 02:12:00.165 D/ChiX    ( 1909): [oplusAON:AddFusionResult] fusion:rotation_angle = 90.000000
10-03 02:12:00.165 D/ChiX    ( 1909): [oplusAON] fusion->count:0
10-03 02:12:00.165 D/ChiX    ( 1909): fusion->itemLength:20
10-03 02:12:00.166 D/AONLog  (12042): SensorHubAonManager: [notify] clientHandle:-5476376637414664128,isStopped:false, callback:k.g@dddbe50
10-03 02:12:00.166 D/AONLog  (12042): SensorHubAonManager: aonCallBackInfo-> serviceType:1, results:[Lvendor.oplus.hardware.camera.aon.AONResult;@b121754
10-03 02:12:00.166 D/AONLog  (12042): AONResultsClassify: convertToResult
10-03 02:12:00.167 D/AONLog  (12042): AONResultsClassify: have FusionResult
10-03 02:12:00.167 D/AONLog  (12042): sensorhub_engine: engineSwitchOn = true runningCmds.size()=1 stopRunningCmds.size()=0
10-03 02:12:00.167 D/UlPriorityPred( 5216): handleMessage EVENT_MODEM_UL_BWT_CHANGE: limitFlag = 0, mNextLimit = 0
10-03 02:12:00.167 D/AONLog  (12042): OSensorHubResultProcess: transform inParams：com.aon.service.aonsensorhublib.p@8c7b6fd
10-03 02:12:00.167 I/ChiX    ( 1909): [oplusAON:ProcessAONServiceEvent] AON Event notify: Success callback:0xb40000769ea6a460 for hClientHandle= 0xb40000769ea69840
10-03 02:12:00.167 D/AONLog  (12042): OSensorHubResultProcess: transform fusionResult getDataCount：0 rotateAngle = 90
10-03 02:12:00.167 I/AONLog  (12042): i: detect->faces num = 0, gesture num = 0
10-03 02:12:00.167 I/AONLog  (12042): GAZESTATE: enter gaze detect0
10-03 02:12:00.168 I/AONLog  (12042): GAZESTATE: final gaze state:false
10-03 02:12:00.168 D/AONLog  (12042): EngineContext: clear engine Context
10-03 02:12:00.168 D/AONLog  (12042): FramePackage: clear framePackage:0
10-03 02:12:00.168 D/AONLog  (12042): EngineContext: clear human Detected List
10-03 02:12:00.168 I/AONLog  (12042): ListenerManager: type = 1  eventInfo = 65538
10-03 02:12:00.168 I/AONLog  (12042): ListenerManager: notifySpecialObserver lock. AonCmdType:393217
10-03 02:12:00.168 I/AONLog  (12042): AONAttentionService: onEventParam event:65538 callback:com.oplus.wrapper.service.attention.IAttentionService%24Stub%241%241@7534003
10-03 02:12:00.212 I/OplusCpuLimitManager( 3557): OplusCpuHighLoad: request instant cpu load
10-03 02:12:00.222 D/SensorFeature( 2024): name=ssc_screenshot_info ,index = 22
10-03 02:12:00.222 D/SensorFeature( 2024): write 29 bytes:64854284191,64904915129,159,0
10-03 02:12:00.224 I/SDM     ( 1951): DisplayBase::CommitThread: Received idle timeout, panel: cmd, timeout: 70000 us
10-03 02:12:00.241 I/OplusCpuLimitManager( 3557): OplusCpuHighLoad: release instant cpu load
10-03 02:12:00.250 I/com.oplus.metis( 8433): AssetManager2(0xb40000768336ed28) locale list changing from [] to [zh-CN]
10-03 02:12:00.262 I/ChiX    ( 1909): [oplusAON:QSEEAON_ServiceCallback oplusSrvType:1] Receive QSEEAON Callback
10-03 02:12:00.262 I/ChiX    ( 1909): [oplusAON:ProcessAONServiceEvent] AON Event notify for hClientHandle= 0xb40000769ea69840
10-03 02:12:00.262 I/ChiX    ( 1909): [oplusAON:ClientEventCallBack] AON Event notify srvType=1, clientHandle:0xb40000769ea69840
10-03 02:12:00.262 I/ChiX    ( 1909): [oplusAON:TranslateToAonCallbackInfo  AONServiceType: 1] Translate to Service Event Info
10-03 02:12:00.262 D/ChiX    ( 1909): [oplusAON:AddFusionResult] Translate to fuison Event Info
10-03 02:12:00.262 D/ChiX    ( 1909): [oplusAON:AddFusionResult] fusion:rotation_angle = 90.000000
10-03 02:12:00.262 D/ChiX    ( 1909): [oplusAON] fusion->count:0
10-03 02:12:00.262 D/ChiX    ( 1909): fusion->itemLength:20
10-03 02:12:00.262 D/AONLog  (12042): SensorHubAonManager: [notify] clientHandle:-5476376637414664128,isStopped:false, callback:k.g@dddbe50
10-03 02:12:00.262 D/AONLog  (12042): SensorHubAonManager: aonCallBackInfo-> serviceType:1, results:[Lvendor.oplus.hardware.camera.aon.AONResult;@b782ff2
10-03 02:12:00.262 D/AONLog  (12042): AONResultsClassify: convertToResult
10-03 02:12:00.262 D/AONLog  (12042): AONResultsClassify: have FusionResult
10-03 02:12:00.262 D/AONLog  (12042): sensorhub_engine: engineSwitchOn = true runningCmds.size()=1 stopRunningCmds.size()=0
10-03 02:12:00.263 I/ChiX    ( 1909): [oplusAON:ProcessAONServiceEvent] AON Event notify: Success callback:0xb40000769ea6a460 for hClientHandle= 0xb40000769ea69840
10-03 02:12:00.263 D/AONLog  (12042): OSensorHubResultProcess: transform inParams：com.aon.service.aonsensorhublib.p@7f45643
10-03 02:12:00.263 D/AONLog  (12042): OSensorHubResultProcess: transform fusionResult getDataCount：0 rotateAngle = 90
10-03 02:12:00.263 I/AONLog  (12042): i: detect->faces num = 0, gesture num = 0
10-03 02:12:00.263 I/AONLog  (12042): GAZESTATE: enter gaze detect0
10-03 02:12:00.263 I/AONLog  (12042): GAZESTATE: final gaze state:false
10-03 02:12:00.263 D/AONLog  (12042): EngineContext: clear engine Context
10-03 02:12:00.263 D/AONLog  (12042): FramePackage: clear framePackage:0
10-03 02:12:00.263 D/AONLog  (12042): EngineContext: clear human Detected List
10-03 02:12:00.264 I/AONLog  (12042): ListenerManager: type = 1  eventInfo = 65538
10-03 02:12:00.264 I/AONLog  (12042): ListenerManager: notifySpecialObserver lock. AonCmdType:393217
10-03 02:12:00.264 I/AONLog  (12042): AONAttentionService: onEventParam event:65538 callback:com.oplus.wrapper.service.attention.IAttentionService%24Stub%241%241@7534003
10-03 02:12:00.265 E/JobScheduler.Background( 3557): Couldn't determine stopped state for unknown package: com.tencent.wework
10-03 02:12:00.267 E/JobScheduler.Background( 3557): Couldn't determine stopped state for unknown package: com.tencent.wework
10-03 02:12:00.267 E/JobScheduler.Background( 3557): Couldn't determine stopped state for unknown package: com.tencent.wework
10-03 02:12:00.318 D/BatteryChargeControl( 2045): bcc get no support from charging protocol
10-03 02:12:00.363 I/ChiX    ( 1909): [oplusAON:QSEEAON_ServiceCallback oplusSrvType:1] Receive QSEEAON Callback
10-03 02:12:00.364 I/ChiX    ( 1909): [oplusAON:ProcessAONServiceEvent] AON Event notify for hClientHandle= 0xb40000769ea69840
10-03 02:12:00.364 I/ChiX    ( 1909): [oplusAON:ClientEventCallBack] AON Event notify srvType=1, clientHandle:0xb40000769ea69840
10-03 02:12:00.365 I/ChiX    ( 1909): [oplusAON:TranslateToAonCallbackInfo  AONServiceType: 1] Translate to Service Event Info
10-03 02:12:00.366 D/ChiX    ( 1909): [oplusAON:AddFusionResult] Translate to fuison Event Info
10-03 02:12:00.366 D/ChiX    ( 1909): [oplusAON:AddFusionResult] fusion:rotation_angle = 90.000000
10-03 02:12:00.367 D/ChiX    ( 1909): [oplusAON] fusion->count:0
10-03 02:12:00.367 D/ChiX    ( 1909): fusion->itemLength:20
10-03 02:12:00.369 D/AONLog  (12042): SensorHubAonManager: [notify] clientHandle:-5476376637414664128,isStopped:false, callback:k.g@dddbe50
10-03 02:12:00.370 D/AONLog  (12042): SensorHubAonManager: aonCallBackInfo-> serviceType:1, results:[Lvendor.oplus.hardware.camera.aon.AONResult;@2354c0
10-03 02:12:00.370 D/AONLog  (12042): AONResultsClassify: convertToResult
10-03 02:12:00.371 D/AONLog  (12042): AONResultsClassify: have FusionResult
10-03 02:12:00.371 D/AONLog  (12042): sensorhub_engine: engineSwitchOn = true runningCmds.size()=1 stopRunningCmds.size()=0
10-03 02:12:00.372 D/AONLog  (12042): OSensorHubResultProcess: transform inParams：com.aon.service.aonsensorhublib.p@f5dc5f9
10-03 02:12:00.372 D/AONLog  (12042): OSensorHubResultProcess: transform fusionResult getDataCount：0 rotateAngle = 90
10-03 02:12:00.372 I/ChiX    ( 1909): [oplusAON:ProcessAONServiceEvent] AON Event notify: Success callback:0xb40000769ea6a460 for hClientHandle= 0xb40000769ea69840
10-03 02:12:00.372 I/AONLog  (12042): i: detect->faces num = 0, gesture num = 0
10-03 02:12:00.372 I/AONLog  (12042): GAZESTATE: enter gaze detect0
10-03 02:12:00.372 I/AONLog  (12042): GAZESTATE: final gaze state:false
10-03 02:12:00.372 D/AONLog  (12042): EngineContext: clear engine Context
10-03 02:12:00.372 D/AONLog  (12042): FramePackage: clear framePackage:0
10-03 02:12:00.372 D/AONLog  (12042): EngineContext: clear human Detected List
10-03 02:12:00.372 I/AONLog  (12042): ListenerManager: type = 1  eventInfo = 65538
10-03 02:12:00.372 I/AONLog  (12042): ListenerManager: notifySpecialObserver lock. AonCmdType:393217
10-03 02:12:00.372 I/AONLog  (12042): AONAttentionService: onEventParam event:65538 callback:com.oplus.wrapper.service.attention.IAttentionService%24Stub%241%241@7534003
10-03 02:12:00.397 D/FusionLightNextGen( 3557): process end reported = 1, mode: 0, cnt: 175, lux 16.1, cct 5300.0, r/g/b/c: 1666.9/1262.7/656.5/3584.5, R/G/B: 123.0/113.0/94.0, bri 1053.0, match 1.00, ir 0.000000, conf 2.0, ts 64890943845
10-03 02:12:00.397 I/sensors-hal( 1882): handle_oplus_wise_rgb_event:160, wise_rgb:(817)(cct,lux,ir)[5800.89, 47.44, 0.000000](rgbc)[1666.86, 1280.11, 650.38, 3540.13](pwm,hbm,brl,algo)[0.0 0.0 1053.0 2.0],flag 159
10-03 02:12:00.399 I/AICCTModule( 3557): SensorFilter: brightness threshold 1.2 screenNit is 55.034 ave enviroment lux is 15.785903 luxForNit 44.16363demarcationPoint200.0 result is true
10-03 02:12:00.438 I/.wallet:nfchost( 9243): open sharedFd failed with Permission denied
10-03 02:12:00.439 I/.wallet:nfchost( 9243): gc_priority_optimize set UX fail-3
10-03 02:12:00.439 I/.wallet:nfchost( 9243): gc_priority_optimize set UX fail-3
10-03 02:12:00.452 I/system_server( 3557): Using smaps_rollup for pss collection
10-03 02:12:00.453 E/JobScheduler.Background( 3557): Couldn't determine stopped state for unknown package: com.tencent.wework
10-03 02:12:00.453 I/com.oplus.metis( 8433): AssetManager2(0xb4000075c7566028) locale list changing from [] to [zh-CN]
10-03 02:12:00.453 E/JobScheduler.Background( 3557): Couldn't determine stopped state for unknown package: com.tencent.wework
10-03 02:12:00.453 I/.wallet:nfchost( 9243): gc_priority_optimize set UX fail-3
10-03 02:12:00.453 I/.wallet:nfchost( 9243): gc_priority_optimize set UX fail-3
10-03 02:12:00.453 E/JobScheduler.Background( 3557): Couldn't determine stopped state for unknown package: com.tencent.wework
10-03 02:12:00.458 I/.wallet:nfchost( 9243): gc_priority_optimize set UX fail-3
10-03 02:12:00.458 I/.wallet:nfchost( 9243): gc_priority_optimize set UX fail-3
10-03 02:12:00.459 I/.wallet:nfchost( 9243): gc_priority_optimize fd is empty
10-03 02:12:00.459 I/.wallet:nfchost( 9243): open sharedFd failed with Permission denied
10-03 02:12:00.459 I/.wallet:nfchost( 9243): gc_priority_optimize set UX fail-1
10-03 02:12:00.460 I/.wallet:nfchost( 9243): gc_priority_optimize fd is empty
10-03 02:12:00.460 I/.wallet:nfchost( 9243): open sharedFd failed with Permission denied
10-03 02:12:00.460 I/.wallet:nfchost( 9243): gc_priority_optimize set UX fail-1
10-03 02:12:00.462 I/ChiX    ( 1909): [oplusAON:QSEEAON_ServiceCallback oplusSrvType:1] Receive QSEEAON Callback
10-03 02:12:00.462 I/ChiX    ( 1909): [oplusAON:ProcessAONServiceEvent] AON Event notify for hClientHandle= 0xb40000769ea69840
10-03 02:12:00.462 I/ChiX    ( 1909): [oplusAON:ClientEventCallBack] AON Event notify srvType=1, clientHandle:0xb40000769ea69840
10-03 02:12:00.462 I/ChiX    ( 1909): [oplusAON:TranslateToAonCallbackInfo  AONServiceType: 1] Translate to Service Event Info
10-03 02:12:00.462 D/ChiX    ( 1909): [oplusAON:AddFusionResult] Translate to fuison Event Info
10-03 02:12:00.462 D/ChiX    ( 1909): [oplusAON:AddFusionResult] fusion:rotation_angle = 90.000000
10-03 02:12:00.462 D/ChiX    ( 1909): [oplusAON] fusion->count:0
10-03 02:12:00.462 D/ChiX    ( 1909): fusion->itemLength:20
10-03 02:12:00.462 D/AONLog  (12042): SensorHubAonManager: [notify] clientHandle:-5476376637414664128,isStopped:false, callback:k.g@dddbe50
10-03 02:12:00.462 D/AONLog  (12042): SensorHubAonManager: aonCallBackInfo-> serviceType:1, results:[Lvendor.oplus.hardware.camera.aon.AONResult;@4d5593e
10-03 02:12:00.462 D/AONLog  (12042): AONResultsClassify: convertToResult
10-03 02:12:00.462 D/AONLog  (12042): AONResultsClassify: have FusionResult
10-03 02:12:00.462 D/AONLog  (12042): sensorhub_engine: engineSwitchOn = true runningCmds.size()=1 stopRunningCmds.size()=0
10-03 02:12:00.463 D/AONLog  (12042): OSensorHubResultProcess: transform inParams：com.aon.service.aonsensorhublib.p@3fc139f
10-03 02:12:00.463 D/AONLog  (12042): OSensorHubResultProcess: transform fusionResult getDataCount：0 rotateAngle = 90
10-03 02:12:00.463 I/AONLog  (12042): i: detect->faces num = 0, gesture num = 0
10-03 02:12:00.463 I/AONLog  (12042): GAZESTATE: enter gaze detect0
10-03 02:12:00.463 I/AONLog  (12042): GAZESTATE: final gaze state:false
10-03 02:12:00.463 D/AONLog  (12042): EngineContext: clear engine Context
10-03 02:12:00.463 D/AONLog  (12042): FramePackage: clear framePackage:0
10-03 02:12:00.463 D/AONLog  (12042): EngineContext: clear human Detected List
10-03 02:12:00.463 I/ChiX    ( 1909): [oplusAON:ProcessAONServiceEvent] AON Event notify: Success callback:0xb40000769ea6a460 for hClientHandle= 0xb40000769ea69840
10-03 02:12:00.465 I/AONLog  (12042): ListenerManager: type = 1  eventInfo = 65538
10-03 02:12:00.465 I/AONLog  (12042): ListenerManager: notifySpecialObserver lock. AonCmdType:393217
10-03 02:12:00.465 I/AONLog  (12042): AONAttentionService: onEventParam event:65538 callback:com.oplus.wrapper.service.attention.IAttentionService%24Stub%241%241@7534003
10-03 02:12:00.513 D/SensorFeature( 2024): name=ssc_screenshot_info ,index = 22
10-03 02:12:00.513 D/SensorFeature( 2024): write 29 bytes:64854284191,65195615024,160,0
10-03 02:12:00.530 I/FuseDaemon( 7067): gc_priority_optimize fd is empty
10-03 02:12:00.530 I/FuseDaemon( 7067): open sharedFd failed with Permission denied
10-03 02:12:00.530 I/FuseDaemon( 7067): gc_priority_optimize set UX fail-1
10-03 02:12:00.531 I/FuseDaemon( 7067): gc_priority_optimize fd is empty
10-03 02:12:00.531 I/FuseDaemon( 7067): open sharedFd failed with Permission denied
10-03 02:12:00.531 I/FuseDaemon( 7067): gc_priority_optimize set UX fail-1
10-03 02:12:00.541 I/FuseDaemon( 7067): gc_priority_optimize fd is empty
10-03 02:12:00.541 I/FuseDaemon( 7067): open sharedFd failed with Permission denied
10-03 02:12:00.541 I/FuseDaemon( 7067): gc_priority_optimize set UX fail-1
10-03 02:12:00.542 I/FuseDaemon( 7067): gc_priority_optimize fd is empty
10-03 02:12:00.542 I/FuseDaemon( 7067): open sharedFd failed with Permission denied
10-03 02:12:00.542 I/FuseDaemon( 7067): gc_priority_optimize set UX fail-1
10-03 02:12:00.544 I/FuseDaemon( 7067): gc_priority_optimize fd is empty
10-03 02:12:00.545 I/FuseDaemon( 7067): open sharedFd failed with Permission denied
10-03 02:12:00.545 I/FuseDaemon( 7067): gc_priority_optimize set UX fail-1
10-03 02:12:00.545 I/FuseDaemon( 7067): gc_priority_optimize fd is empty
10-03 02:12:00.545 I/FuseDaemon( 7067): open sharedFd failed with Permission denied
10-03 02:12:00.545 I/FuseDaemon( 7067): gc_priority_optimize set UX fail-1
10-03 02:12:00.547 I/FuseDaemon( 7067): gc_priority_optimize fd is empty
10-03 02:12:00.547 I/FuseDaemon( 7067): open sharedFd failed with Permission denied
10-03 02:12:00.547 I/FuseDaemon( 7067): gc_priority_optimize set UX fail-1
10-03 02:12:00.548 I/FuseDaemon( 7067): gc_priority_optimize fd is empty
10-03 02:12:00.548 I/FuseDaemon( 7067): open sharedFd failed with Permission denied
10-03 02:12:00.548 I/FuseDaemon( 7067): gc_priority_optimize set UX fail-1
10-03 02:12:00.556 I/com.oplus.metis( 8433): AssetManager2(0xb40000768336e728) locale list changing from [] to [zh-CN]
10-03 02:12:00.562 I/ChiX    ( 1909): [oplusAON:QSEEAON_ServiceCallback oplusSrvType:1] Receive QSEEAON Callback
10-03 02:12:00.562 I/ChiX    ( 1909): [oplusAON:ProcessAONServiceEvent] AON Event notify for hClientHandle= 0xb40000769ea69840
10-03 02:12:00.563 I/ChiX    ( 1909): [oplusAON:ClientEventCallBack] AON Event notify srvType=1, clientHandle:0xb40000769ea69840
10-03 02:12:00.563 I/ChiX    ( 1909): [oplusAON:TranslateToAonCallbackInfo  AONServiceType: 1] Translate to Service Event Info
10-03 02:12:00.563 D/ChiX    ( 1909): [oplusAON:AddFusionResult] Translate to fuison Event Info
10-03 02:12:00.563 D/ChiX    ( 1909): [oplusAON:AddFusionResult] fusion:rotation_angle = 90.000000
10-03 02:12:00.563 D/ChiX    ( 1909): [oplusAON] fusion->count:0
10-03 02:12:00.563 D/ChiX    ( 1909): fusion->itemLength:20
10-03 02:12:00.564 D/AONLog  (12042): SensorHubAonManager: [notify] clientHandle:-5476376637414664128,isStopped:false, callback:k.g@dddbe50
10-03 02:12:00.564 D/AONLog  (12042): SensorHubAonManager: aonCallBackInfo-> serviceType:1, results:[Lvendor.oplus.hardware.camera.aon.AONResult;@c48fcec
10-03 02:12:00.564 D/AONLog  (12042): AONResultsClassify: convertToResult
10-03 02:12:00.564 D/AONLog  (12042): AONResultsClassify: have FusionResult
10-03 02:12:00.564 D/AONLog  (12042): sensorhub_engine: engineSwitchOn = true runningCmds.size()=1 stopRunningCmds.size()=0
10-03 02:12:00.565 D/AONLog  (12042): OSensorHubResultProcess: transform inParams：com.aon.service.aonsensorhublib.p@2abc8b5
10-03 02:12:00.565 I/ChiX    ( 1909): [oplusAON:ProcessAONServiceEvent] AON Event notify: Success callback:0xb40000769ea6a460 for hClientHandle= 0xb40000769ea69840
10-03 02:12:00.565 D/AONLog  (12042): OSensorHubResultProcess: transform fusionResult getDataCount：0 rotateAngle = 90
10-03 02:12:00.566 I/AONLog  (12042): i: detect->faces num = 0, gesture num = 0
10-03 02:12:00.566 I/AONLog  (12042): GAZESTATE: enter gaze detect0
10-03 02:12:00.566 I/AONLog  (12042): GAZESTATE: final gaze state:false
10-03 02:12:00.566 D/AONLog  (12042): EngineContext: clear engine Context
10-03 02:12:00.567 I/AONLog  (12042): ListenerManager: type = 1  eventInfo = 65538
10-03 02:12:00.567 D/AONLog  (12042): FramePackage: clear framePackage:0
10-03 02:12:00.567 D/AONLog  (12042): EngineContext: clear human Detected List
10-03 02:12:00.567 I/AONLog  (12042): ListenerManager: notifySpecialObserver lock. AonCmdType:393217
10-03 02:12:00.568 I/AONLog  (12042): AONAttentionService: onEventParam event:65538 callback:com.oplus.wrapper.service.attention.IAttentionService%24Stub%241%241@7534003
10-03 02:12:00.579 D/OomAdjuster( 3557): Not killing cached processes
10-03 02:12:00.583 E/JobScheduler.Background( 3557): Couldn't determine stopped state for unknown package: com.tencent.wework
10-03 02:12:00.583 E/JobScheduler.Background( 3557): Couldn't determine stopped state for unknown package: com.tencent.wework
10-03 02:12:00.583 E/JobScheduler.Background( 3557): Couldn't determine stopped state for unknown package: com.tencent.wework
10-03 02:12:00.663 I/sensors-hal( 1882): handle_oplus_wise_rgb_event:189, high_pwm_light:lux 47.8,cct 5703.5,brl/algo/ir 1053.0/2.0/0.0,pwm/dc 0.0/0.0,rgbc 1666.864014/1291.747437/650.376770/3584.463867,ts 65157078481,cnt 820,flag 160
10-03 02:12:00.664 I/sensors-hal( 1882): handle_oplus_wise_rgb_event:160, wise_rgb:(822)(cct,lux,ir)[5703.54, 47.81, 0.000000](rgbc)[1666.86, 1274.29, 656.51, 3552.80](pwm,hbm,brl,algo)[0.0 0.0 1053.0 2.0],flag 160
10-03 02:12:00.666 I/com.oplus.metis( 8433): AssetManager2(0xb4000075c7566628) locale list changing from [] to [zh-CN]
10-03 02:12:00.695 I/sensors-hal( 1882): handle_sns_std_sensor_event:104, oplus rgb_rear sample: (cct, lux, ir, x, y)[5200, 0, 1758, 0, 0]
10-03 02:12:00.695 I/sensors-hal( 1882): handle_sns_std_sensor_event:106, oplus rgb_rear sample: (r, g, b, c w)[0, 0, 0, 0, 0]
10-03 02:12:00.704 D/QmiClient( 2622): qmiServiceEventCallback recv msg id 47
10-03 02:12:00.704 D/QmiClient( 2622): enter -mServiceType 10 onQmiServiceEventCallback msgId 47
10-03 02:12:00.704 D/QmiClient( 2622): onQmiServiceEventCallback - enter. msgId=47
10-03 02:12:00.705 D/OttProxy( 2622): handleMessage msg is 3001
10-03 02:12:00.705 D/SubsysRadioIndication[0]( 5280): radioLinkLatencyInfoInd
10-03 02:12:00.706 D/SubsysRadioIndication[0]( 5280): notify enter
10-03 02:12:00.706 D/NetworkService[0]( 5280): handleMessage what:1008
10-03 02:12:00.707 D/NetworkService[0]( 5280): EVENT_REG_LINK_LATENCY_INFO_CHANGE ulLatency:21727
10-03 02:12:00.721 I/OplusBinderProxy( 3557): pb uid: 10399 pid: 9238 desc: android.app.IApplicationThread/42
10-03 02:12:00.722 W/TcmReceiver( 3557): type=1400 audit(0.0:132): avc:  denied  { connectto } for  path="/dev/socket/tcmd" scontext=u:r:system_server:s0 tcontext=u:r:vendor_tcmd:s0 tclass=unix_stream_socket permissive=0
10-03 02:12:00.744 I/DpmTcmClient(16300): RegisterTcmMonitor from: $Proxy3
10-03 02:12:00.745 D/tcmd    ( 2589): DpmCom :there are 1 file descriptor(s) with events pending
10-03 02:12:00.745 D/tcmd    ( 2589): DpmCom : 1 events pending, handling 1 for 22
10-03 02:12:00.745 D/tcmd    ( 2589): DpmCom :fd '22' is processing events [callback:0x5b19a46b40, data:0xb4000073b8c65280]
10-03 02:12:00.746 D/tcmd    ( 2589): LipcTcmServerPollEventHandler fd 22 -> nfd 36
10-03 02:12:00.746 D/tcmd    ( 2589): DpmCom::addComEventHandler fd 36, ComEventCallback 0x0, void* 0xb4000073b8c65280, ComCloseCallback 0x5b19a46b48, events 1
10-03 02:12:00.746 D/tcmd    ( 2589): waiting on events (-1ms)
10-03 02:12:00.747 I/ChiX    ( 1909): [oplusAON:QSEEAON_ServiceCallback oplusSrvType:1] Receive QSEEAON Callback
10-03 02:12:00.747 I/ChiX    ( 1909): [oplusAON:ProcessAONServiceEvent] AON Event notify for hClientHandle= 0xb40000769ea69840
10-03 02:12:00.747 I/ChiX    ( 1909): [oplusAON:ClientEventCallBack] AON Event notify srvType=1, clientHandle:0xb40000769ea69840
10-03 02:12:00.747 I/ChiX    ( 1909): [oplusAON:TranslateToAonCallbackInfo  AONServiceType: 1] Translate to Service Event Info
10-03 02:12:00.747 D/ChiX    ( 1909): [oplusAON:AddFusionResult] Translate to fuison Event Info
10-03 02:12:00.747 D/ChiX    ( 1909): [oplusAON:AddFusionResult] fusion:rotation_angle = 90.000000
10-03 02:12:00.747 D/ChiX    ( 1909): [oplusAON] fusion->count:0
10-03 02:12:00.747 D/ChiX    ( 1909): fusion->itemLength:20
10-03 02:12:00.747 D/AONLog  (12042): SensorHubAonManager: [notify] clientHandle:-5476376637414664128,isStopped:false, callback:k.g@dddbe50
10-03 02:12:00.747 D/AONLog  (12042): SensorHubAonManager: aonCallBackInfo-> serviceType:1, results:[Lvendor.oplus.hardware.camera.aon.AONResult;@b49cb4a
10-03 02:12:00.747 D/AONLog  (12042): AONResultsClassify: convertToResult
10-03 02:12:00.747 D/AONLog  (12042): AONResultsClassify: have FusionResult
10-03 02:12:00.747 D/AONLog  (12042): sensorhub_engine: engineSwitchOn = true runningCmds.size()=1 stopRunningCmds.size()=0
10-03 02:12:00.748 D/AONLog  (12042): OSensorHubResultProcess: transform inParams：com.aon.service.aonsensorhublib.p@f984abb
10-03 02:12:00.748 D/AONLog  (12042): OSensorHubResultProcess: transform fusionResult getDataCount：0 rotateAngle = 90
10-03 02:12:00.748 I/ChiX    ( 1909): [oplusAON:ProcessAONServiceEvent] AON Event notify: Success callback:0xb40000769ea6a460 for hClientHandle= 0xb40000769ea69840
10-03 02:12:00.748 I/AONLog  (12042): i: detect->faces num = 0, gesture num = 0
10-03 02:12:00.748 I/AONLog  (12042): GAZESTATE: enter gaze detect0
10-03 02:12:00.748 I/AONLog  (12042): GAZESTATE: final gaze state:false
10-03 02:12:00.748 D/AONLog  (12042): EngineContext: clear engine Context
10-03 02:12:00.748 D/AONLog  (12042): FramePackage: clear framePackage:0
10-03 02:12:00.748 D/AONLog  (12042): EngineContext: clear human Detected List
10-03 02:12:00.748 I/AONLog  (12042): ListenerManager: type = 1  eventInfo = 65538
10-03 02:12:00.748 I/AONLog  (12042): ListenerManager: notifySpecialObserver lock. AonCmdType:393217
10-03 02:12:00.748 I/AONLog  (12042): AONAttentionService: onEventParam event:65538 callback:com.oplus.wrapper.service.attention.IAttentionService%24Stub%241%241@7534003
10-03 02:12:00.769 I/com.oplus.metis( 8433): AssetManager2(0xb4000075c7566f28) locale list changing from [] to [zh-CN]
10-03 02:12:00.774 D/ActivityManager( 3557): Freezer deadlock watchdog
10-03 02:12:00.785 D/NetworkService[0]( 5280): getIfIndexByNetid netId:104,ifName:rmnet_data3,ifIndex:27
10-03 02:12:00.786 D/NetworkService[1]( 5280): getIfIndexByNetid netId:104,ifName:,ifIndex:-1
10-03 02:12:00.787 E/MIDASApplication( 9283): MIDASPullAtomManager: onPullAtom 150122
10-03 02:12:00.802 W/ostats_pullerd( 6760): AIBinder_linkToDeath is being called with a non-null cookie and no onUnlink callback set. This might not be intended. AIBinder_DeathRecipient_setOnUnlinked should be called first.
10-03 02:12:00.804 D/SensorFeature( 2024): name=ssc_screenshot_info ,index = 22
10-03 02:12:00.804 D/SensorFeature( 2024): write 29 bytes:64854284191,65487104660,161,0
10-03 02:12:00.807 I/android.hardware.thermal-service.qti( 1884): sensor: cpu-1-0-0 temperature: 66.1 old: 3 new: 0
10-03 02:12:00.808 I/android.hardware.thermal-service.qti( 1884): sensor: cpu-2-2-0 temperature: 63.3 old: 3 new: 0
10-03 02:12:00.808 I/android.hardware.thermal-service.qti( 1884): sensor: cpu-2-1-0 temperature: 64.1 old: 3 new: 0
10-03 02:12:00.808 I/android.hardware.thermal-service.qti( 1884): sensor: cpu-1-2-0 temperature: 65.3 old: 3 new: 0
10-03 02:12:00.819 W/Settings( 3557): Setting notification_bubbles has moved from android.provider.Settings.Global to android.provider.Settings.Secure, returning read-only value.
10-03 02:12:00.819 W/Settings( 3557): Setting apply_ramping_ringer has moved from android.provider.Settings.Global to android.provider.Settings.System, returning read-only value.
10-03 02:12:00.824 W/SettingsStatsUtil( 3557): Can not parse value to float: +network
10-03 02:12:00.832 W/SettingsStatsUtil( 3557): Can not parse value to float: +network
10-03 02:12:00.850 I/ChiX    ( 1909): [oplusAON:QSEEAON_ServiceCallback oplusSrvType:1] Receive QSEEAON Callback
10-03 02:12:00.851 I/ChiX    ( 1909): [oplusAON:ProcessAONServiceEvent] AON Event notify for hClientHandle= 0xb40000769ea69840
10-03 02:12:00.852 I/ChiX    ( 1909): [oplusAON:ClientEventCallBack] AON Event notify srvType=1, clientHandle:0xb40000769ea69840
10-03 02:12:00.854 I/ChiX    ( 1909): [oplusAON:TranslateToAonCallbackInfo  AONServiceType: 1] Translate to Service Event Info
10-03 02:12:00.854 D/ChiX    ( 1909): [oplusAON:AddFusionResult] Translate to fuison Event Info
10-03 02:12:00.854 D/ChiX    ( 1909): [oplusAON:AddFusionResult] fusion:rotation_angle = 90.000000
10-03 02:12:00.855 D/ChiX    ( 1909): [oplusAON] fusion->count:0
10-03 02:12:00.855 D/ChiX    ( 1909): fusion->itemLength:20
10-03 02:12:00.855 W/System  (13995): A resource failed to call close. 
10-03 02:12:00.856 W/System  (13995): A resource failed to call close. 
10-03 02:12:00.857 D/AONLog  (12042): SensorHubAonManager: [notify] clientHandle:-5476376637414664128,isStopped:false, callback:k.g@dddbe50
10-03 02:12:00.858 D/AONLog  (12042): SensorHubAonManager: aonCallBackInfo-> serviceType:1, results:[Lvendor.oplus.hardware.camera.aon.AONResult;@23efbd8
10-03 02:12:00.859 D/AONLog  (12042): AONResultsClassify: convertToResult
10-03 02:12:00.859 D/AONLog  (12042): AONResultsClassify: have FusionResult
10-03 02:12:00.860 D/AONLog  (12042): sensorhub_engine: engineSwitchOn = true runningCmds.size()=1 stopRunningCmds.size()=0
10-03 02:12:00.860 I/ChiX    ( 1909): [oplusAON:ProcessAONServiceEvent] AON Event notify: Success callback:0xb40000769ea6a460 for hClientHandle= 0xb40000769ea69840
10-03 02:12:00.862 D/AONLog  (12042): OSensorHubResultProcess: transform inParams：com.aon.service.aonsensorhublib.p@69d3b31
10-03 02:12:00.862 E/JobScheduler.Background( 3557): Couldn't determine stopped state for unknown package: com.tencent.wework
10-03 02:12:00.862 E/JobScheduler.Background( 3557): Couldn't determine stopped state for unknown package: com.tencent.wework
10-03 02:12:00.863 E/JobScheduler.Background( 3557): Couldn't determine stopped state for unknown package: com.tencent.wework
10-03 02:12:00.863 D/AONLog  (12042): OSensorHubResultProcess: transform fusionResult getDataCount：0 rotateAngle = 90
10-03 02:12:00.863 I/AONLog  (12042): i: detect->faces num = 0, gesture num = 0
10-03 02:12:00.863 I/AONLog  (12042): GAZESTATE: enter gaze detect0
10-03 02:12:00.863 I/AONLog  (12042): GAZESTATE: final gaze state:false
10-03 02:12:00.863 D/AONLog  (12042): EngineContext: clear engine Context
10-03 02:12:00.863 D/AONLog  (12042): FramePackage: clear framePackage:0
10-03 02:12:00.863 D/AONLog  (12042): EngineContext: clear human Detected List
10-03 02:12:00.863 I/AONLog  (12042): ListenerManager: type = 1  eventInfo = 65538
10-03 02:12:00.863 I/AONLog  (12042): ListenerManager: notifySpecialObserver lock. AonCmdType:393217
10-03 02:12:00.864 I/AONLog  (12042): AONAttentionService: onEventParam event:65538 callback:com.oplus.wrapper.service.attention.IAttentionService%24Stub%241%241@7534003
10-03 02:12:00.925 E/JobScheduler.Background( 3557): Couldn't determine stopped state for unknown package: com.tencent.wework
10-03 02:12:00.928 E/JobScheduler.Background( 3557): Couldn't determine stopped state for unknown package: com.tencent.wework
10-03 02:12:00.929 E/JobScheduler.Background( 3557): Couldn't determine stopped state for unknown package: com.tencent.wework
10-03 02:12:00.931 I/sensors-hal( 1882): handle_oplus_wise_rgb_event:160, wise_rgb:(827)(cct,lux,ir)[5649.31, 48.08, 0.000000](rgbc)[1691.29, 1285.93, 687.19, 3578.13](pwm,hbm,brl,algo)[0.0 0.0 1053.0 2.0],flag 161
10-03 02:12:00.943 I/FuseDaemon( 7067): gc_priority_optimize fd is empty
10-03 02:12:00.943 I/FuseDaemon( 7067): open sharedFd failed with Permission denied
10-03 02:12:00.943 I/FuseDaemon( 7067): gc_priority_optimize set UX fail-1
10-03 02:12:00.943 E/JobScheduler.Background( 3557): Couldn't determine stopped state for unknown package: com.tencent.wework
10-03 02:12:00.943 I/FuseDaemon( 7067): gc_priority_optimize fd is empty
10-03 02:12:00.943 I/FuseDaemon( 7067): open sharedFd failed with Permission denied
10-03 02:12:00.943 I/FuseDaemon( 7067): gc_priority_optimize set UX fail-1
10-03 02:12:00.944 E/JobScheduler.Background( 3557): Couldn't determine stopped state for unknown package: com.tencent.wework
10-03 02:12:00.944 E/JobScheduler.Background( 3557): Couldn't determine stopped state for unknown package: com.tencent.wework
10-03 02:12:00.947 I/ChiX    ( 1909): [oplusAON:QSEEAON_ServiceCallback oplusSrvType:1] Receive QSEEAON Callback
10-03 02:12:00.948 I/ChiX    ( 1909): [oplusAON:ProcessAONServiceEvent] AON Event notify for hClientHandle= 0xb40000769ea69840
10-03 02:12:00.948 I/ChiX    ( 1909): [oplusAON:ClientEventCallBack] AON Event notify srvType=1, clientHandle:0xb40000769ea69840
10-03 02:12:00.948 I/ChiX    ( 1909): [oplusAON:TranslateToAonCallbackInfo  AONServiceType: 1] Translate to Service Event Info
10-03 02:12:00.948 D/ChiX    ( 1909): [oplusAON:AddFusionResult] Translate to fuison Event Info
10-03 02:12:00.948 D/ChiX    ( 1909): [oplusAON:AddFusionResult] fusion:rotation_angle = 90.000000
10-03 02:12:00.948 D/ChiX    ( 1909): [oplusAON] fusion->count:0
10-03 02:12:00.948 D/ChiX    ( 1909): fusion->itemLength:20
10-03 02:12:00.948 E/JobScheduler.Background( 3557): Couldn't determine stopped state for unknown package: com.tencent.wework
10-03 02:12:00.948 E/JobScheduler.Background( 3557): Couldn't determine stopped state for unknown package: com.tencent.wework
10-03 02:12:00.948 E/JobScheduler.Background( 3557): Couldn't determine stopped state for unknown package: com.tencent.wework
10-03 02:12:00.948 D/AONLog  (12042): SensorHubAonManager: [notify] clientHandle:-5476376637414664128,isStopped:false, callback:k.g@dddbe50
10-03 02:12:00.948 D/AONLog  (12042): SensorHubAonManager: aonCallBackInfo-> serviceType:1, results:[Lvendor.oplus.hardware.camera.aon.AONResult;@1e15216
10-03 02:12:00.948 D/AONLog  (12042): AONResultsClassify: convertToResult
10-03 02:12:00.948 D/AONLog  (12042): AONResultsClassify: have FusionResult
10-03 02:12:00.948 D/AONLog  (12042): sensorhub_engine: engineSwitchOn = true runningCmds.size()=1 stopRunningCmds.size()=0
10-03 02:12:00.948 I/ChiX    ( 1909): [oplusAON:ProcessAONServiceEvent] AON Event notify: Success callback:0xb40000769ea6a460 for hClientHandle= 0xb40000769ea69840
10-03 02:12:00.951 D/AONLog  (12042): OSensorHubResultProcess: transform inParams：com.aon.service.aonsensorhublib.p@6f6d797
10-03 02:12:00.951 D/AONLog  (12042): OSensorHubResultProcess: transform fusionResult getDataCount：0 rotateAngle = 90
10-03 02:12:00.951 I/AONLog  (12042): i: detect->faces num = 0, gesture num = 0
10-03 02:12:00.952 I/AONLog  (12042): GAZESTATE: enter gaze detect0
10-03 02:12:00.952 I/AONLog  (12042): GAZESTATE: final gaze state:false
10-03 02:12:00.952 D/AONLog  (12042): EngineContext: clear engine Context
10-03 02:12:00.953 D/AONLog  (12042): FramePackage: clear framePackage:0
10-03 02:12:00.953 D/AONLog  (12042): EngineContext: clear human Detected List
10-03 02:12:00.953 I/AONLog  (12042): ListenerManager: type = 1  eventInfo = 65538
10-03 02:12:00.953 I/AONLog  (12042): ListenerManager: notifySpecialObserver lock. AonCmdType:393217
10-03 02:12:00.954 I/AONLog  (12042): AONAttentionService: onEventParam event:65538 callback:com.oplus.wrapper.service.attention.IAttentionService%24Stub%241%241@7534003
10-03 02:12:00.955 I/FuseDaemon( 7067): gc_priority_optimize fd is empty
10-03 02:12:00.955 I/FuseDaemon( 7067): open sharedFd failed with Permission denied
10-03 02:12:00.955 I/FuseDaemon( 7067): gc_priority_optimize set UX fail-1
10-03 02:12:00.955 I/FuseDaemon( 7067): gc_priority_optimize fd is empty
10-03 02:12:00.955 I/FuseDaemon( 7067): open sharedFd failed with Permission denied
10-03 02:12:00.955 I/FuseDaemon( 7067): gc_priority_optimize set UX fail-1
10-03 02:12:00.958 I/FuseDaemon( 7067): gc_priority_optimize fd is empty
10-03 02:12:00.958 I/FuseDaemon( 7067): open sharedFd failed with Permission denied
10-03 02:12:00.958 I/FuseDaemon( 7067): gc_priority_optimize set UX fail-1
10-03 02:12:00.958 I/FuseDaemon( 7067): gc_priority_optimize fd is empty
10-03 02:12:00.958 I/FuseDaemon( 7067): open sharedFd failed with Permission denied
10-03 02:12:00.958 I/FuseDaemon( 7067): gc_priority_optimize set UX fail-1
10-03 02:12:00.961 I/FuseDaemon( 7067): gc_priority_optimize fd is empty
10-03 02:12:00.961 I/FuseDaemon( 7067): open sharedFd failed with Permission denied
10-03 02:12:00.961 I/FuseDaemon( 7067): gc_priority_optimize set UX fail-1
10-03 02:12:00.962 I/FuseDaemon( 7067): gc_priority_optimize fd is empty
10-03 02:12:00.962 I/FuseDaemon( 7067): open sharedFd failed with Permission denied
10-03 02:12:00.962 I/FuseDaemon( 7067): gc_priority_optimize set UX fail-1
10-03 02:12:00.978 D/IMApp-100-10395( 5280): transport layer data is invalid
10-03 02:12:00.978 I/com.oplus.metis( 8433): AssetManager2(0xb4000075c7567228) locale list changing from [] to [zh-CN]
10-03 02:12:00.980 D/IMApp-104-10395( 5280): commonScoreStrategy scenarios 3 mTLD.uplink_packets + mTLD.downlink_packets > 10 avgRtt56
10-03 02:12:00.980 D/IMApp-104-10395( 5280): notifyScoreChange appScene COMMON score 100
10-03 02:12:00.982 D/ScorePolicy( 5280): handleScoreChanged: []
10-03 02:12:00.982 D/ScorePolicy( 5280): handleScoreChanged: []
10-03 02:12:00.982 D/ScorePolicy( 5280): handleScoreChanged: []
10-03 02:12:00.999 I/OplusHansManager ( 3557): uid=10400, pkg=com.aliothmoon.maameow F enter(), M stay=1
10-03 02:12:01.001 I/OplusHansManager ( 3557): freeze uid: 10400 com.aliothmoon.maameow pids: [9911, 10853] scene: |StrictMode-3|LcdOn
10-03 02:12:01.001 D/IHansComunication( 9565): HANS sendMessageToKernel: threadId = 546370079808, netLinkSetup = 1, type = PKG, targetUid = 10400, pkgCmd = ADD_ONE_UID
10-03 02:12:01.001 I/OplusHansManager ( 3557): try idling uid 10400 package com.aliothmoon.maameow from OFreezer.
10-03 02:12:01.002 I/OStatsManager_OplusBatteryStatsManager( 3557): updateStateTime: PkgName = com.aliothmoon.maameow, uid = 10400, state to em, mForegroundCnt = 0, isFg = false
10-03 02:12:01.002 I/LocationFreezeProc( 3557): will freezeLocationProcess for com.aliothmoon.maameow, 10400, true, false
10-03 02:12:01.003 W/LocationFreezeProc( 3557): Do nothing for the app is not record!
10-03 02:12:01.003 I/OplusHansManager ( 3557): p_gps: uid 10400 result false
10-03 02:12:01.005 V/BinderSender( 8659): Uid 10400 already starts
10-03 02:12:01.007 I/OplusHansManager ( 3557): p_BtScan: uid 10400 isProxy true
10-03 02:12:01.019 E/Diag-Router( 1845): diag: glinkpkt_open: failed to create control node for slate_adsp
10-03 02:12:01.019 E/Diag-Router( 1845): diag: diag_glinkpkt_open_thread: Glinkpkt_open failed for perif: 13 with err: -1, retry_cnt: 10
10-03 02:12:01.019 E/Diag-Router( 1845): diag: glinkpkt_open: failed to create control node for slate_apps
10-03 02:12:01.019 E/Diag-Router( 1845): diag: diag_glinkpkt_open_thread: Glinkpkt_open failed for perif: 12 with err: -1, retry_cnt: 10
10-03 02:12:01.029 E/JobScheduler.Background( 3557): Couldn't determine stopped state for unknown package: com.tencent.wework
10-03 02:12:01.030 E/JobScheduler.Background( 3557): Couldn't determine stopped state for unknown package: com.tencent.wework
10-03 02:12:01.030 E/JobScheduler.Background( 3557): Couldn't determine stopped state for unknown package: com.tencent.wework
10-03 02:12:01.059 I/ChiX    ( 1909): [oplusAON:QSEEAON_ServiceCallback oplusSrvType:1] Receive QSEEAON Callback
10-03 02:12:01.060 I/ChiX    ( 1909): [oplusAON:ProcessAONServiceEvent] AON Event notify for hClientHandle= 0xb40000769ea69840
10-03 02:12:01.061 I/ChiX    ( 1909): [oplusAON:ClientEventCallBack] AON Event notify srvType=1, clientHandle:0xb40000769ea69840
10-03 02:12:01.061 I/ChiX    ( 1909): [oplusAON:TranslateToAonCallbackInfo  AONServiceType: 1] Translate to Service Event Info
10-03 02:12:01.061 D/ChiX    ( 1909): [oplusAON:AddFusionResult] Translate to fuison Event Info
10-03 02:12:01.061 D/ChiX    ( 1909): [oplusAON:AddFusionResult] fusion:rotation_angle = 90.000000
10-03 02:12:01.061 D/ChiX    ( 1909): [oplusAON] fusion->count:0
10-03 02:12:01.061 D/ChiX    ( 1909): fusion->itemLength:20
10-03 02:12:01.061 D/AONLog  (12042): SensorHubAonManager: [notify] clientHandle:-5476376637414664128,isStopped:false, callback:k.g@dddbe50
10-03 02:12:01.062 D/AONLog  (12042): SensorHubAonManager: aonCallBackInfo-> serviceType:1, results:[Lvendor.oplus.hardware.camera.aon.AONResult;@293fd84
10-03 02:12:01.062 D/AONLog  (12042): AONResultsClassify: convertToResult
10-03 02:12:01.062 D/AONLog  (12042): AONResultsClassify: have FusionResult
10-03 02:12:01.062 D/AONLog  (12042): sensorhub_engine: engineSwitchOn = true runningCmds.size()=1 stopRunningCmds.size()=0
10-03 02:12:01.062 D/AONLog  (12042): OSensorHubResultProcess: transform inParams：com.aon.service.aonsensorhublib.p@859596d
10-03 02:12:01.062 I/ChiX    ( 1909): [oplusAON:ProcessAONServiceEvent] AON Event notify: Success callback:0xb40000769ea6a460 for hClientHandle= 0xb40000769ea69840
10-03 02:12:01.062 D/AONLog  (12042): OSensorHubResultProcess: transform fusionResult getDataCount：0 rotateAngle = 90
10-03 02:12:01.062 I/AONLog  (12042): i: detect->faces num = 0, gesture num = 0
10-03 02:12:01.063 I/AONLog  (12042): GAZESTATE: enter gaze detect0
10-03 02:12:01.063 I/AONLog  (12042): GAZESTATE: final gaze state:false
10-03 02:12:01.063 D/AONLog  (12042): EngineContext: clear engine Context
10-03 02:12:01.063 D/AONLog  (12042): FramePackage: clear framePackage:0
10-03 02:12:01.063 D/AONLog  (12042): EngineContext: clear human Detected List
10-03 02:12:01.064 I/AONLog  (12042): ListenerManager: type = 1  eventInfo = 65538
10-03 02:12:01.064 I/AONLog  (12042): ListenerManager: notifySpecialObserver lock. AonCmdType:393217
10-03 02:12:01.064 I/AONLog  (12042): AONAttentionService: onEventParam event:65538 callback:com.oplus.wrapper.service.attention.IAttentionService%24Stub%241%241@7534003
10-03 02:12:01.071 D/nativeloader(16300): Load /data/app/~~0Y4qp9LHk91WWkhR5ew1fA==/com.tencent.mm-RxYg0KQioYg5WlphnLzbaQ==/lib/arm64/libreadMoney.so using class loader ns clns-11 (caller=/data/user/0/com.tencent.mm/tinker/patch-5dc72812/dex/tinker_classN.apk!classes12.dex): ok
10-03 02:12:01.071 D/jnicat  (16300): cacheitem("java/lang/Throwable", "toString", "()Ljava/lang/String;", 1)
10-03 02:12:01.071 D/jnicat  (16300): cacheitem("android/util/Log", "getStackTraceString", "(Ljava/lang/Throwable;)Ljava/lang/String;", 2)
10-03 02:12:01.071 D/jnicat  (16300): cacheitem("com/tencent/mars/mm/MMStnManager$CallBack", "receiveWeakNetNotify", "(ZI)V", 1)
10-03 02:12:01.071 D/jnicat  (16300): cacheitem("com/tencent/mars/sdt/SdtManager$CallBack", "reportSignalDetectResults", "(Ljava/lang/String;)V", 1)
10-03 02:12:01.094 D/osense.compress( 3557): com.ai.assistance.operit do shrink, target ratio = 10, final ratio = 20, cur ratio = 0
10-03 02:12:01.095 D/SensorFeature( 2024): name=ssc_screenshot_info ,index = 22
10-03 02:12:01.095 D/SensorFeature( 2024): write 29 bytes:64854284191,65778004972,162,0
10-03 02:12:01.098 D/osense.compress( 3557): com.adilhanney.no_more_background do shrink, target ratio = 10, final ratio = 20, cur ratio = 0
10-03 02:12:01.115 D/ActivityManager( 3557): Async freezing 11990 com.android.rkpdapp
10-03 02:12:01.120 E/JobScheduler.Background( 3557): Couldn't determine stopped state for unknown package: com.tencent.wework
10-03 02:12:01.120 E/JobScheduler.Background( 3557): Couldn't determine stopped state for unknown package: com.tencent.wework
10-03 02:12:01.121 E/JobScheduler.Background( 3557): Couldn't determine stopped state for unknown package: com.tencent.wework
10-03 02:12:01.127 I/keystore2( 1473): system/security/keystore2/watchdog/src/lib.rs:377 - Watchdog thread idle -> terminating. Have a great day.
10-03 02:12:01.135 E/JobScheduler.Background( 3557): Couldn't determine stopped state for unknown package: com.tencent.wework
10-03 02:12:01.135 E/JobScheduler.Background( 3557): Couldn't determine stopped state for unknown package: com.tencent.wework
10-03 02:12:01.135 E/JobScheduler.Background( 3557): Couldn't determine stopped state for unknown package: com.tencent.wework
10-03 02:12:01.147 I/ChiX    ( 1909): [oplusAON:QSEEAON_ServiceCallback oplusSrvType:1] Receive QSEEAON Callback
10-03 02:12:01.147 I/ChiX    ( 1909): [oplusAON:ProcessAONServiceEvent] AON Event notify for hClientHandle= 0xb40000769ea69840
10-03 02:12:01.147 I/ChiX    ( 1909): [oplusAON:ClientEventCallBack] AON Event notify srvType=1, clientHandle:0xb40000769ea69840
10-03 02:12:01.147 I/ChiX    ( 1909): [oplusAON:TranslateToAonCallbackInfo  AONServiceType: 1] Translate to Service Event Info
10-03 02:12:01.147 D/ChiX    ( 1909): [oplusAON:AddFusionResult] Translate to fuison Event Info
10-03 02:12:01.147 D/ChiX    ( 1909): [oplusAON:AddFusionResult] fusion:rotation_angle = 90.000000
10-03 02:12:01.147 D/ChiX    ( 1909): [oplusAON] fusion->count:0
10-03 02:12:01.147 D/ChiX    ( 1909): fusion->itemLength:20
10-03 02:12:01.148 D/AONLog  (12042): SensorHubAonManager: [notify] clientHandle:-5476376637414664128,isStopped:false, callback:k.g@dddbe50
10-03 02:12:01.148 D/AONLog  (12042): SensorHubAonManager: aonCallBackInfo-> serviceType:1, results:[Lvendor.oplus.hardware.camera.aon.AONResult;@e9879a2
10-03 02:12:01.148 D/AONLog  (12042): AONResultsClassify: convertToResult
10-03 02:12:01.148 D/AONLog  (12042): AONResultsClassify: have FusionResult
10-03 02:12:01.148 D/AONLog  (12042): sensorhub_engine: engineSwitchOn = true runningCmds.size()=1 stopRunningCmds.size()=0
10-03 02:12:01.148 D/AONLog  (12042): OSensorHubResultProcess: transform inParams：com.aon.service.aonsensorhublib.p@1475633
10-03 02:12:01.148 D/AONLog  (12042): OSensorHubResultProcess: transform fusionResult getDataCount：0 rotateAngle = 90
10-03 02:12:01.148 I/AONLog  (12042): i: detect->faces num = 0, gesture num = 0
10-03 02:12:01.148 I/AONLog  (12042): GAZESTATE: enter gaze detect0
10-03 02:12:01.148 I/AONLog  (12042): GAZESTATE: final gaze state:false
10-03 02:12:01.148 D/AONLog  (12042): EngineContext: clear engine Context
10-03 02:12:01.149 D/AONLog  (12042): FramePackage: clear framePackage:0
10-03 02:12:01.149 I/AONLog  (12042): ListenerManager: type = 1  eventInfo = 65538
10-03 02:12:01.149 I/AONLog  (12042): ListenerManager: notifySpecialObserver lock. AonCmdType:393217
10-03 02:12:01.149 I/AONLog  (12042): AONAttentionService: onEventParam event:65538 callback:com.oplus.wrapper.service.attention.IAttentionService%24Stub%241%241@7534003
10-03 02:12:01.150 D/AONLog  (12042): EngineContext: clear human Detected List
10-03 02:12:01.150 I/ChiX    ( 1909): [oplusAON:ProcessAONServiceEvent] AON Event notify: Success callback:0xb40000769ea6a460 for hClientHandle= 0xb40000769ea69840
10-03 02:12:01.153 E/JobScheduler.Background( 3557): Couldn't determine stopped state for unknown package: com.tencent.wework
10-03 02:12:01.153 E/JobScheduler.Background( 3557): Couldn't determine stopped state for unknown package: com.tencent.wework
10-03 02:12:01.153 E/JobScheduler.Background( 3557): Couldn't determine stopped state for unknown package: com.tencent.wework
10-03 02:12:01.158 D/QmiClient( 2622): qmiServiceEventCallback recv msg id 1099
10-03 02:12:01.158 D/QmiClient( 2622): enter -mServiceType 4 onQmiServiceEventCallback msgId 1099
10-03 02:12:01.158 D/QmiClient( 2622): onQmiServiceEventCallback - enter. msgId=1099
10-03 02:12:01.158 D/QmiVsClientEvent( 2622): QosPeriodReportInd MSG IND data_len 2052
10-03 02:12:01.158 D/QmiVsClientEvent( 2622): qmiVsClientNotifyQosPeriodReportIndEvent - RADIO_EVENT_QOS_PERIOD_REPORT_NOTIFY_IND
10-03 02:12:01.159 D/VsProxy ( 2622): handleMessage msg is 2420
10-03 02:12:01.159 D/VsProxy ( 2622): handleQosPeriodReportInd for instance 0 data_len 181
10-03 02:12:01.159 D/SubsysRadioIndication[0]( 5280): radioQosPeriodReportInd result [8, -115, -39, -30, -26, 6, 18, 16, 8, -84, -40, -30, -26, 6, 16, 24, 32, -53, 41, 40, 24, 56, -22, 2, 26, 13, 8, -81, -40, -30, -26, 6, 16, 22, 40, 21, 56, -63, 56, 34, 12, 8, -6, -62, -30, -26, 6, 16, 4, 24, 3, 32, 1, 58, 61, 8, -64, -40, -30, -26, 6, 16, 5, 24, -18, -106, 26, 32, -102, 1, 40, -92, -1, -1, -1, -1, -1, -1, -1, -1, 1, 48, -10, -1, -1, -1, -1, -1, -1, -1, -1, 1, 56, 18, 64, -92, -1, -1, -1, -1, -1, -1, -1, -1, 1, 72, -93, -1, -1, -1, -1, -1, -1, -1, -1, 1, 66, 30, 8, -120, -6, -31, -26, 6, 16, 5, 34, 20, 8, -18, -106, 26, 16, -102, 1, 24, 1, 32, 7, 40, -127, -120, -44, -48, -84, 1, 48, 1, 90, 0, 98, 10, 8, -43, -68, -32, -26, 6, 16, 3, 24, 5, 114, 0, 122, 15, 8, -93, -42, -30, -26, 6, 16, -108, 1, 24, -21, 1, 32, -120, 9]
10-03 02:12:01.160 D/NetworkService[0]( 5280): handleMessage what:1005
10-03 02:12:01.160 D/RadioAtomTracker( 5280): parseQosPeriodData ModemQos:CellularQosInfo{mSubId=2, mRat=5, mArfcn=428910, mPci=154, mBand=1, mDLBW=7, mRsrp=-92, mRsrq=-10, mSnr=18, mSvcStatus=3, mULTimeStamp=-1, mULPDCPNumDataPdu=24, mULPDCPNumDropPdu=0, mULPDCPTput=5323, mULRLCNumDataPdu=24, mULRLCNumRetxPdu=0, mULGrant=362, mULBSR=0, mULBler=0, mDLTimeStamp=-1, mDLPDCPNumDataPdu=21, mDLPDCPTput=7233, mDLRLCNumDataPdu=22, mDLRLCNumRetxPdu=0, mDLRLCNumDropPdu=0, mDLMACPaddingBytes=0, mDLPdcpNumMissToUppPdu=0, mDLBler=0, mRlfCount=0, mRachWithULGrantCount=0, mCellChangeCount=0, mIsRedirectionOccur=0, mIsDualSimConflict=0, mLatency=21, mCellId=46340047873, mNr5GScs=1, mSub1RrcState=3, mSub2RrcState=1, mRachCount=0, mRachAbortCount=0, mCalcPower=148, mMtpl=235, mPathLoss=1160, mFbrxCount=0, mCellLoad=0}
10-03 02:12:01.161 D/NetworkService[0]( 5280): EVENT_REG_QOS_PERIOD_REPORT_IND_CHANGED ENTER
10-03 02:12:01.161 D/NetworkService[0]( 5280): EVENT_REG_QOS_PERIOD_REPORT_IND_CHANGED mLinkReport true
10-03 02:12:01.162 D/UlPriorityPred( 5216): handleMessage EVENT_MODEM_UL_BWT_CHANGE: limitFlag = 0, mNextLimit = 0
10-03 02:12:01.185 I/com.oplus.metis( 8433): AssetManager2(0xb4000075c7567528) locale list changing from [] to [zh-CN]
10-03 02:12:01.196 I/sensors-hal( 1882): handle_oplus_wise_rgb_event:160, wise_rgb:(832)(cct,lux,ir)[5777.81, 47.04, 1.491019](rgbc)[1679.08, 1285.93, 662.65, 3578.13](pwm,hbm,brl,algo)[0.0 0.0 1053.0 2.0],flag 162
10-03 02:12:01.196 I/sensors-hal( 1882): handle_oplus_wise_rgb_event:189, high_pwm_light:lux 47.0,cct 5777.8,brl/algo/ir 1053.0/2.0/1.5,pwm/dc 0.0/0.0,rgbc 1672.969727/1285.928711/656.512390/3603.462646,ts 65739414366,cnt 830,flag 162
10-03 02:12:01.198 I/AICCTModule( 3557): SensorFilter: brightness threshold 1.2 screenNit is 55.034 ave enviroment lux is 16.032036 luxForNit 44.470787demarcationPoint200.0 result is true
10-03 02:12:01.201 I/OplusTouchDaemon( 3222): ts_run_service: shellback temperature updated 37 (37458)
10-03 02:12:01.249 I/ChiX    ( 1909): [oplusAON:QSEEAON_ServiceCallback oplusSrvType:1] Receive QSEEAON Callback
10-03 02:12:01.250 I/ChiX    ( 1909): [oplusAON:ProcessAONServiceEvent] AON Event notify for hClientHandle= 0xb40000769ea69840
10-03 02:12:01.251 I/ChiX    ( 1909): [oplusAON:ClientEventCallBack] AON Event notify srvType=1, clientHandle:0xb40000769ea69840
10-03 02:12:01.251 I/ChiX    ( 1909): [oplusAON:TranslateToAonCallbackInfo  AONServiceType: 1] Translate to Service Event Info
10-03 02:12:01.251 D/ChiX    ( 1909): [oplusAON:AddFusionResult] Translate to fuison Event Info
10-03 02:12:01.252 D/ChiX    ( 1909): [oplusAON:AddFusionResult] fusion:rotation_angle = 90.000000
10-03 02:12:01.252 D/ChiX    ( 1909): [oplusAON] fusion->count:0
10-03 02:12:01.252 D/ChiX    ( 1909): fusion->itemLength:20
10-03 02:12:01.254 D/AONLog  (12042): SensorHubAonManager: [notify] clientHandle:-5476376637414664128,isStopped:false, callback:k.g@dddbe50
10-03 02:12:01.255 D/AONLog  (12042): SensorHubAonManager: aonCallBackInfo-> serviceType:1, results:[Lvendor.oplus.hardware.camera.aon.AONResult;@6156df0
10-03 02:12:01.255 D/AONLog  (12042): AONResultsClassify: convertToResult
10-03 02:12:01.255 D/AONLog  (12042): AONResultsClassify: have FusionResult
10-03 02:12:01.256 D/AONLog  (12042): sensorhub_engine: engineSwitchOn = true runningCmds.size()=1 stopRunningCmds.size()=0
10-03 02:12:01.257 D/AONLog  (12042): OSensorHubResultProcess: transform inParams：com.aon.service.aonsensorhublib.p@63f1f69
10-03 02:12:01.257 D/AONLog  (12042): OSensorHubResultProcess: transform fusionResult getDataCount：0 rotateAngle = 90
10-03 02:12:01.257 I/AONLog  (12042): i: detect->faces num = 0, gesture num = 0
10-03 02:12:01.257 I/AONLog  (12042): GAZESTATE: enter gaze detect0
10-03 02:12:01.257 I/AONLog  (12042): GAZESTATE: final gaze state:false
10-03 02:12:01.257 D/AONLog  (12042): EngineContext: clear engine Context
10-03 02:12:01.257 D/AONLog  (12042): FramePackage: clear framePackage:0
10-03 02:12:01.257 D/AONLog  (12042): EngineContext: clear human Detected List
10-03 02:12:01.257 I/AONLog  (12042): ListenerManager: type = 1  eventInfo = 65538
10-03 02:12:01.257 I/ChiX    ( 1909): [oplusAON:ProcessAONServiceEvent] AON Event notify: Success callback:0xb40000769ea6a460 for hClientHandle= 0xb40000769ea69840
10-03 02:12:01.257 I/AONLog  (12042): ListenerManager: notifySpecialObserver lock. AonCmdType:393217
10-03 02:12:01.257 I/AONLog  (12042): AONAttentionService: onEventParam event:65538 callback:com.oplus.wrapper.service.attention.IAttentionService%24Stub%241%241@7534003
10-03 02:12:01.280 I/SystemUi--Statusbar( 5144): OplusNetworkSpeedControllExImpl-->updateNetworkSpeed: isConnected:true,isSwitchOn:true,isSuspend:false
10-03 02:12:01.282 I/SystemUi--Statusbar( 5144): OplusNetworkSpeedControllExImpl-->getTotalByte: totalRxBytes:1268006,totalTxBytes:929126,loopbackTxBytes:170338,loopbackRxBytes:170338 ,totalBytes:1856456
10-03 02:12:01.305 D/VendorWifiService( 5280): onEvent event:9,action:1
10-03 02:12:01.305 D/ScorerUtils( 3557): isLowTraffic: txTputKBps=0, rxTputKBps=0
10-03 02:12:01.305 I/com.oplus.metis( 8433): AssetManager2(0xb4000075c7567828) locale list changing from [] to [zh-CN]
10-03 02:12:01.305 D/OplusNetKit( 3557): triggerNetworkDetection: iface=wlan0 detectType:lan_probe, forceReevaluate:false, source:oplusScorer
10-03 02:12:01.305 D/OplusNetKit( 3557): ignore lan probe in 4030
10-03 02:12:01.319 D/BatteryChargeControl( 2045): bcc get no support from charging protocol
10-03 02:12:01.324 D/RadioProxyJ[0]( 5280): [201]> getRRCStatus
10-03 02:12:01.326 D/RadioProxyJ[1]( 5280): [202]> getRRCStatus
10-03 02:12:01.326 D/QmiNasClient( 2622): getRRCStatus - enter
10-03 02:12:01.326 D/QmiNasClient( 2622): getRRCStatus callback - enter
10-03 02:12:01.327 D/QmiNasClient( 2622): getRRCStatus result.rsp.rrcStatusInfo.rrcStatus = 1
10-03 02:12:01.327 D/QmiNasClient( 3375): getRRCStatus - enter
10-03 02:12:01.327 D/NasProxy( 2622): handleMessage msg is 4001
10-03 02:12:01.327 D/RadioProxy( 2622): getRRCStatus : response cb for instance 0
10-03 02:12:01.327 D/QmiNasClient( 3375): getRRCStatus callback - enter
10-03 02:12:01.327 D/QmiNasClient( 3375): getRRCStatus result.rsp.rrcStatusInfo.rrcStatus = 0
10-03 02:12:01.327 D/NasProxy( 3375): handleMessage msg is 4001
10-03 02:12:01.327 D/RadioProxy( 3375): getRRCStatus : response cb for instance 1
10-03 02:12:01.328 D/RadioProxyJ[1]( 5280): [202]< getRRCStatusResponse 0
10-03 02:12:01.328 D/RadioProxyJ[0]( 5280): [201]< getRRCStatusResponse 1
10-03 02:12:01.329 D/CoexRfService( 5280): report RRC state:true
10-03 02:12:01.347 I/ChiX    ( 1909): [oplusAON:QSEEAON_ServiceCallback oplusSrvType:1] Receive QSEEAON Callback
10-03 02:12:01.347 I/ChiX    ( 1909): [oplusAON:ProcessAONServiceEvent] AON Event notify for hClientHandle= 0xb40000769ea69840
10-03 02:12:01.348 I/ChiX    ( 1909): [oplusAON:ClientEventCallBack] AON Event notify srvType=1, clientHandle:0xb40000769ea69840
10-03 02:12:01.348 I/ChiX    ( 1909): [oplusAON:TranslateToAonCallbackInfo  AONServiceType: 1] Translate to Service Event Info
10-03 02:12:01.348 D/ChiX    ( 1909): [oplusAON:AddFusionResult] Translate to fuison Event Info
10-03 02:12:01.348 D/ChiX    ( 1909): [oplusAON:AddFusionResult] fusion:rotation_angle = 90.000000
10-03 02:12:01.349 I/FuseDaemon( 7067): gc_priority_optimize fd is empty
10-03 02:12:01.349 D/ChiX    ( 1909): [oplusAON] fusion->count:0
10-03 02:12:01.349 I/FuseDaemon( 7067): open sharedFd failed with Permission denied
10-03 02:12:01.349 I/FuseDaemon( 7067): gc_priority_optimize set UX fail-1
10-03 02:12:01.349 I/FuseDaemon( 7067): gc_priority_optimize fd is empty
10-03 02:12:01.349 I/FuseDaemon( 7067): open sharedFd failed with Permission denied
10-03 02:12:01.349 I/FuseDaemon( 7067): gc_priority_optimize set UX fail-1
10-03 02:12:01.350 D/ChiX    ( 1909): fusion->itemLength:20
10-03 02:12:01.351 D/AONLog  (12042): SensorHubAonManager: [notify] clientHandle:-5476376637414664128,isStopped:false, callback:k.g@dddbe50
10-03 02:12:01.351 D/AONLog  (12042): SensorHubAonManager: aonCallBackInfo-> serviceType:1, results:[Lvendor.oplus.hardware.camera.aon.AONResult;@8a88dee
10-03 02:12:01.351 D/AONLog  (12042): AONResultsClassify: convertToResult
10-03 02:12:01.352 D/AONLog  (12042): AONResultsClassify: have FusionResult
10-03 02:12:01.352 D/AONLog  (12042): sensorhub_engine: engineSwitchOn = true runningCmds.size()=1 stopRunningCmds.size()=0
10-03 02:12:01.352 D/AONLog  (12042): OSensorHubResultProcess: transform inParams：com.aon.service.aonsensorhublib.p@f17228f
10-03 02:12:01.353 D/AONLog  (12042): OSensorHubResultProcess: transform fusionResult getDataCount：0 rotateAngle = 90
10-03 02:12:01.353 I/AONLog  (12042): i: detect->faces num = 0, gesture num = 0
10-03 02:12:01.354 I/AONLog  (12042): GAZESTATE: enter gaze detect0
10-03 02:12:01.354 I/AONLog  (12042): GAZESTATE: final gaze state:false
10-03 02:12:01.354 D/AONLog  (12042): EngineContext: clear engine Context
10-03 02:12:01.354 D/AONLog  (12042): FramePackage: clear framePackage:0
10-03 02:12:01.354 D/AONLog  (12042): EngineContext: clear human Detected List
10-03 02:12:01.355 I/ChiX    ( 1909): [oplusAON:ProcessAONServiceEvent] AON Event notify: Success callback:0xb40000769ea6a460 for hClientHandle= 0xb40000769ea69840
10-03 02:12:01.355 I/AONLog  (12042): ListenerManager: type = 1  eventInfo = 65538
10-03 02:12:01.356 I/AONLog  (12042): ListenerManager: notifySpecialObserver lock. AonCmdType:393217
10-03 02:12:01.356 I/AONLog  (12042): AONAttentionService: onEventParam event:65538 callback:com.oplus.wrapper.service.attention.IAttentionService%24Stub%241%241@7534003
10-03 02:12:01.360 I/FuseDaemon( 7067): gc_priority_optimize fd is empty
10-03 02:12:01.360 I/FuseDaemon( 7067): open sharedFd failed with Permission denied
10-03 02:12:01.360 I/FuseDaemon( 7067): gc_priority_optimize set UX fail-1
10-03 02:12:01.360 I/FuseDaemon( 7067): gc_priority_optimize fd is empty
10-03 02:12:01.360 I/FuseDaemon( 7067): open sharedFd failed with Permission denied
10-03 02:12:01.360 I/FuseDaemon( 7067): gc_priority_optimize set UX fail-1
10-03 02:12:01.364 I/FuseDaemon( 7067): gc_priority_optimize fd is empty
10-03 02:12:01.364 I/FuseDaemon( 7067): open sharedFd failed with Permission denied
10-03 02:12:01.364 I/FuseDaemon( 7067): gc_priority_optimize set UX fail-1
10-03 02:12:01.364 I/FuseDaemon( 7067): gc_priority_optimize fd is empty
10-03 02:12:01.364 I/FuseDaemon( 7067): open sharedFd failed with Permission denied
10-03 02:12:01.364 I/FuseDaemon( 7067): gc_priority_optimize set UX fail-1
10-03 02:12:01.366 I/FuseDaemon( 7067): gc_priority_optimize fd is empty
10-03 02:12:01.367 I/FuseDaemon( 7067): open sharedFd failed with Permission denied
10-03 02:12:01.367 I/FuseDaemon( 7067): gc_priority_optimize set UX fail-1
10-03 02:12:01.370 D/vendor.oplus.hardware.charger-V9-service( 2045): ret_value:130, read content:,324,354,4426,4426,204,100,100,1,3,0,828,4635,100,1,4475,1600,1500,0,5,-22,5,0,1,0,2,0,0,0,1,6104,100,20716,5585,5612,0,0,0,0,0,0
10-03 02:12:01.370 D/vendor.oplus.hardware.charger-V9-service( 2045): gmtime: 2026-10-03-02-12-01
10-03 02:12:01.370 D/vendor.oplus.hardware.charger-V9-service( 2045): usb_online:1, ac_online:-2147483648, wireless_online:-2147483648
10-03 02:12:01.376 I/FuseDaemon( 7067): gc_priority_optimize fd is empty
10-03 02:12:01.376 I/FuseDaemon( 7067): open sharedFd failed with Permission denied
10-03 02:12:01.376 I/FuseDaemon( 7067): gc_priority_optimize set UX fail-1
10-03 02:12:01.379 I/OplusWifiSarManager( 3557): Received Data State Change: 3
10-03 02:12:01.379 I/OplusWifiSarManager( 3557): mWifiConnected: true mWifiState: true
10-03 02:12:01.379 D/OplusWifiSarManager( 3557): set wifi_dbs_enable to false
10-03 02:12:01.379 D/OplusWifiSarManager( 3557): wifiBand mWifi2gState:false mWifi5gState: true mWifi5gBand:WIFI_5G_BAND1 mWifi6gBand:WIFI_5G_DISABLE
10-03 02:12:01.380 I/FuseDaemon( 7067): Background concurrent mark compact GC freed 15MB AllocSpace bytes, 0(0B) LOS objects, 75% free,5003KB(M:2751KB,L:2252KB)/19MB, paused 234us,8.929ms total 31.834ms
10-03 02:12:01.381 D/SubsysEventListenerManager-SubsysTelephonyCallback[0]( 5280): onDataActivity
10-03 02:12:01.381 I/OplusWifiSarManager( 3557): sar sensor state:
10-03 02:12:01.381 I/OplusWifiSarManager( 3557): sensor index: 0, state: null
10-03 02:12:01.381 I/OplusWifiSarManager( 3557): sensor index: 1, state: null
10-03 02:12:01.381 I/OplusWifiSarManager( 3557): sensor index: 2, state: null
10-03 02:12:01.381 I/OplusWifiSarManager( 3557): sensor index: 3, state: null
10-03 02:12:01.381 I/OplusWifiSarManager( 3557): sensor index: 4, state: null
10-03 02:12:01.381 I/OplusWifiSarManager( 3557): sensor index: 5, state: null
10-03 02:12:01.381 I/OplusWifiSarManager( 3557): sensor index: 6, state: null
10-03 02:12:01.381 I/OplusWifiSarManager( 3557): sensor index: 7, state: null
10-03 02:12:01.381 I/OplusWifiSarManager( 3557): sensor index: 8, state: null
10-03 02:12:01.381 I/OplusWifiSarManager( 3557): sensor index: 9, state: null
10-03 02:12:01.381 I/SystemUi--Statusbar( 5144): MobileConnectionRepositoryImpl-->subId:2 isSoftSimCard:false slotId:0
10-03 02:12:01.381 I/OplusWifiSarManager( 3557): sensor index: 10, state: null
10-03 02:12:01.381 I/OplusWifiSarManager( 3557): sensor index: 11, state: null
10-03 02:12:01.381 I/OplusWifiSarManager( 3557): sensor index: 12, state: null
10-03 02:12:01.381 I/OplusWifiSarManager( 3557): sensor index: 13, state: null
10-03 02:12:01.381 I/OplusWifiSarManager( 3557): sensor index: 14, state: null
10-03 02:12:01.381 I/OplusWifiSarManager( 3557): sensor index: 15, state: null
10-03 02:12:01.381 I/OplusWifiSarManager( 3557): project: 23851, country: CN
10-03 02:12:01.381 I/OplusWifiSarManager( 3557): sensor state: earpiece: 0, sensor: null, isScreenOn: true
10-03 02:12:01.381 I/OplusWifiSarManager( 3557): modem state: mCellOn: false mDataOn: true mData5gOn: false
10-03 02:12:01.381 I/OplusWifiSarManager( 3557): wifi state: mWifiConnected: true mWifiSapEnabled: false mWifiP2pConnected: false mWifi2gState: false mWifi5gState: true mWifi5gBand: WIFI_5G_BAND1 mWifi6gBand: WIFI_5G_DISABLE mIsBluetoothTxOn: false
10-03 02:12:01.381 I/OplusWifiSarManager( 3557): mSta5gBand: WIFI_5G_BAND1 , mP2p5gBand: WIFI_5G_DISABLE , mSap5gBand: WIFI_5G_DISABLE , mSta6gBand: WIFI_5G_DISABLE , mP2p6gBand: WIFI_5G_DISABLE , mSap6gBand: WIFI_5G_DISABLE , wifiBand5g: WIFI_5G_BAND1 , wifiBand6g: WIFI_5G_DISABLE
10-03 02:12:01.381 I/OplusWifiSarManager( 3557): wifisar engineerMode state: enable: false, Regdomain: , modemWorkType(2:4G, 3:5G): -1, sensorWorkType: -1, wifiChannel2.4G: -1, wifiChannel5G: -1, wifiChannel6G: -1 mWifiSarTestFoldWorkType((1=unfold,0=fold)):-1, bt work type: -1, hotspot work type: -1
10-03 02:12:01.381 D/DataService[0]( 5280): onDataActivity direction:3
10-03 02:12:01.382 I/OplusWifiSarManager( 3557): sensor index: 13, max: 16
10-03 02:12:01.382 D/OplusWifiSarManager( 3557):  state: 11111000001010101 country: CN
10-03 02:12:01.386 I/OplusBluetoothSarManager( 7692): Bluetooth not in tx mode, don't do sar back off!
10-03 02:12:01.387 D/Tile.OplusCellularTile( 5144): refreshState: tile not listening, ignore
10-03 02:12:01.390 E/JobScheduler.Background( 3557): Couldn't determine stopped state for unknown package: com.tencent.wework
10-03 02:12:01.390 E/JobScheduler.Background( 3557): Couldn't determine stopped state for unknown package: com.tencent.wework
10-03 02:12:01.390 E/JobScheduler.Background( 3557): Couldn't determine stopped state for unknown package: com.tencent.wework
10-03 02:12:01.400 D/SensorFeature( 2024): name=ssc_screenshot_info ,index = 22
10-03 02:12:01.400 D/SensorFeature( 2024): write 29 bytes:66043859711,66083059868,163,0
10-03 02:12:01.401 D/InetDiagMessage( 3557): Destroyed 0 sockets, proto=IPPROTO_TCP, family=AF_INET, states=14
10-03 02:12:01.404 D/InetDiagMessage( 3557): Destroyed 0 sockets, proto=IPPROTO_TCP, family=AF_INET6, states=14
10-03 02:12:01.405 D/InetDiagMessage( 3557): Destroyed live tcp sockets for uids={10299} in 5ms
10-03 02:12:01.406 D/InetDiagMessage( 3557): Destroyed 0 sockets, proto=IPPROTO_TCP, family=AF_INET, states=14
10-03 02:12:01.409 D/InetDiagMessage( 3557): Destroyed 0 sockets, proto=IPPROTO_TCP, family=AF_INET6, states=14
10-03 02:12:01.409 D/InetDiagMessage( 3557): Destroyed live tcp sockets for uids={20299} in 4ms
10-03 02:12:01.416 I/com.oplus.metis( 8433): AssetManager2(0xb4000075c7567b28) locale list changing from [] to [zh-CN]
10-03 02:12:01.437 E/JobScheduler.Background( 3557): Couldn't determine stopped state for unknown package: com.tencent.wework
10-03 02:12:01.438 E/JobScheduler.Background( 3557): Couldn't determine stopped state for unknown package: com.tencent.wework
10-03 02:12:01.439 E/JobScheduler.Background( 3557): Couldn't determine stopped state for unknown package: com.tencent.wework
10-03 02:12:01.442 E/libEGL  (18334): No entry found in platform lookup table for eglSurfaceAttribMTK
10-03 02:12:01.443 D/ExtensionsLoader(18334): createInstance(64bit) : createExtendedFactory
10-03 02:12:01.443 D/ExtensionsLoader(18334): Opened libguiextimpl.so
10-03 02:12:01.449 I/ChiX    ( 1909): [oplusAON:QSEEAON_ServiceCallback oplusSrvType:1] Receive QSEEAON Callback
10-03 02:12:01.449 I/ChiX    ( 1909): [oplusAON:ProcessAONServiceEvent] AON Event notify for hClientHandle= 0xb40000769ea69840
10-03 02:12:01.449 I/ChiX    ( 1909): [oplusAON:ClientEventCallBack] AON Event notify srvType=1, clientHandle:0xb40000769ea69840
10-03 02:12:01.450 I/ChiX    ( 1909): [oplusAON:TranslateToAonCallbackInfo  AONServiceType: 1] Translate to Service Event Info
10-03 02:12:01.450 D/ChiX    ( 1909): [oplusAON:AddFusionResult] Translate to fuison Event Info
10-03 02:12:01.450 D/ChiX    ( 1909): [oplusAON:AddFusionResult] fusion:rotation_angle = 90.000000
10-03 02:12:01.450 D/ChiX    ( 1909): [oplusAON] fusion->count:0
10-03 02:12:01.450 D/ChiX    ( 1909): fusion->itemLength:20
10-03 02:12:01.451 D/AONLog  (12042): SensorHubAonManager: [notify] clientHandle:-5476376637414664128,isStopped:false, callback:k.g@dddbe50
10-03 02:12:01.451 D/AONLog  (12042): SensorHubAonManager: aonCallBackInfo-> serviceType:1, results:[Lvendor.oplus.hardware.camera.aon.AONResult;@2fb791c
10-03 02:12:01.451 D/AONLog  (12042): AONResultsClassify: convertToResult
10-03 02:12:01.451 D/AONLog  (12042): AONResultsClassify: have FusionResult
10-03 02:12:01.451 D/AONLog  (12042): sensorhub_engine: engineSwitchOn = true runningCmds.size()=1 stopRunningCmds.size()=0
10-03 02:12:01.452 I/ChiX    ( 1909): [oplusAON:ProcessAONServiceEvent] AON Event notify: Success callback:0xb40000769ea6a460 for hClientHandle= 0xb40000769ea69840
10-03 02:12:01.452 D/AONLog  (12042): OSensorHubResultProcess: transform inParams：com.aon.service.aonsensorhublib.p@ba14925
10-03 02:12:01.452 D/AONLog  (12042): OSensorHubResultProcess: transform fusionResult getDataCount：0 rotateAngle = 90
10-03 02:12:01.452 I/AONLog  (12042): i: detect->faces num = 0, gesture num = 0
10-03 02:12:01.452 I/AONLog  (12042): GAZESTATE: enter gaze detect0
10-03 02:12:01.452 I/AONLog  (12042): GAZESTATE: final gaze state:false
10-03 02:12:01.453 D/AONLog  (12042): EngineContext: clear engine Context
10-03 02:12:01.453 D/AONLog  (12042): FramePackage: clear framePackage:0
10-03 02:12:01.454 D/AONLog  (12042): EngineContext: clear human Detected List
10-03 02:12:01.454 I/AONLog  (12042): ListenerManager: type = 1  eventInfo = 65538
10-03 02:12:01.454 I/AONLog  (12042): ListenerManager: notifySpecialObserver lock. AonCmdType:393217
10-03 02:12:01.454 I/AONLog  (12042): AONAttentionService: onEventParam event:65538 callback:com.oplus.wrapper.service.attention.IAttentionService%24Stub%241%241@7534003
10-03 02:12:01.456 D/OplusUtils(18334): OplusUtils [84]: 
10-03 02:12:01.461 E/app_process(18334): createInstance(64bit) : createExtendedFactory
10-03 02:12:01.461 E/app_process(18334): createInstance(64bit) : createExtendedFactory
10-03 02:12:01.462 E/app_process(18334): Opened libinputextensionsimpl.so
10-03 02:12:01.462 E/app_process(18334): Opened libinputextensionsimpl.so
10-03 02:12:01.462 I/sensors-hal( 1882): handle_oplus_wise_rgb_event:160, wise_rgb:(837)(cct,lux,ir)[5729.29, 47.88, 0.000000](rgbc)[1672.97, 1285.93, 662.65, 3552.80](pwm,hbm,brl,algo)[0.0 0.0 1053.0 2.0],flag 163
10-03 02:12:01.463 D/AndroidRuntime(18334): >>>>>> START com.android.internal.os.RuntimeInit uid 0 <<<<<<
10-03 02:12:01.470 I/SDM     ( 1951): DisplayBase::CommitThread: Received idle timeout, panel: cmd, timeout: 70000 us
10-03 02:12:01.471 I/AndroidRuntime(18334): Using default boot image
10-03 02:12:01.471 I/AndroidRuntime(18334): Leaving lock profiling enabled
10-03 02:12:01.473 I/app_process(18334): Using CollectorTypeCMC GC.
10-03 02:12:01.474 I/app_process(18334): isSwordfishLaunchAppEnabled_ 1 isSwordfishInstallAppEnabled_ 1
10-03 02:12:01.523 I/com.oplus.metis( 8433): AssetManager2(0xb4000075c7568128) locale list changing from [] to [zh-CN]
10-03 02:12:01.547 I/ChiX    ( 1909): [oplusAON:QSEEAON_ServiceCallback oplusSrvType:1] Receive QSEEAON Callback
10-03 02:12:01.550 I/ChiX    ( 1909): [oplusAON:ProcessAONServiceEvent] AON Event notify for hClientHandle= 0xb40000769ea69840
10-03 02:12:01.550 I/ChiX    ( 1909): [oplusAON:ClientEventCallBack] AON Event notify srvType=1, clientHandle:0xb40000769ea69840
10-03 02:12:01.551 I/ChiX    ( 1909): [oplusAON:TranslateToAonCallbackInfo  AONServiceType: 1] Translate to Service Event Info
10-03 02:12:01.554 D/ChiX    ( 1909): [oplusAON:AddFusionResult] Translate to fuison Event Info
10-03 02:12:01.554 D/ChiX    ( 1909): [oplusAON:AddFusionResult] fusion:rotation_angle = 90.000000
10-03 02:12:01.555 D/ChiX    ( 1909): [oplusAON] fusion->count:0
10-03 02:12:01.555 D/ChiX    ( 1909): fusion->itemLength:20
10-03 02:12:01.555 D/AONLog  (12042): SensorHubAonManager: [notify] clientHandle:-5476376637414664128,isStopped:false, callback:k.g@dddbe50
10-03 02:12:01.556 D/AONLog  (12042): SensorHubAonManager: aonCallBackInfo-> serviceType:1, results:[Lvendor.oplus.hardware.camera.aon.AONResult;@f939afa
10-03 02:12:01.556 D/AONLog  (12042): AONResultsClassify: convertToResult
10-03 02:12:01.556 D/AONLog  (12042): AONResultsClassify: have FusionResult
10-03 02:12:01.556 D/AONLog  (12042): sensorhub_engine: engineSwitchOn = true runningCmds.size()=1 stopRunningCmds.size()=0
10-03 02:12:01.557 D/AONLog  (12042): OSensorHubResultProcess: transform inParams：com.aon.service.aonsensorhublib.p@26d58ab
10-03 02:12:01.557 D/AONLog  (12042): OSensorHubResultProcess: transform fusionResult getDataCount：0 rotateAngle = 90
10-03 02:12:01.557 I/AONLog  (12042): i: detect->faces num = 0, gesture num = 0
10-03 02:12:01.557 I/AONLog  (12042): GAZESTATE: enter gaze detect0
10-03 02:12:01.558 I/AONLog  (12042): GAZESTATE: final gaze state:false
10-03 02:12:01.558 D/AONLog  (12042): EngineContext: clear engine Context
10-03 02:12:01.558 D/AONLog  (12042): FramePackage: clear framePackage:0
10-03 02:12:01.558 D/AONLog  (12042): EngineContext: clear human Detected List
10-03 02:12:01.558 I/ChiX    ( 1909): [oplusAON:ProcessAONServiceEvent] AON Event notify: Success callback:0xb40000769ea6a460 for hClientHandle= 0xb40000769ea69840
10-03 02:12:01.558 I/AONLog  (12042): ListenerManager: type = 1  eventInfo = 65538
10-03 02:12:01.558 I/AONLog  (12042): ListenerManager: notifySpecialObserver lock. AonCmdType:393217
10-03 02:12:01.559 I/AONLog  (12042): AONAttentionService: onEventParam event:65538 callback:com.oplus.wrapper.service.attention.IAttentionService%24Stub%241%241@7534003
10-03 02:12:01.564 I/app_process(18334): isSwordfishLaunchAppEnabled_ 1 isSwordfishInstallAppEnabled_ 1
10-03 02:12:01.564 D/nativeloader(18334): InitDefaultPublicLibraries for_preload=1: libandroid.so:libaaudio.so:libamidi.so:libbinder_ndk.so:libc.so:libcamera2ndk.so:libdl.so:libEGL.so:libGLESv1_CM.so:libGLESv2.so:libGLESv3.so:libicu.so:libicui18n.so:libicuuc.so:libjnigraphics.so:liblog.so:libmediandk.so:libm.so:libnativehelper.so:libnativewindow.so:libOpenMAXAL.so:libOpenSLES.so:libRS.so:libstdc++.so:libsync.so:libvulkan.so:libwebviewchromium_plat_support.so:libz.so
10-03 02:12:01.574 D/nativeloader(18334): Load libicu_jni.so using APEX ns com_android_art for caller /apex/com.android.art/javalib/core-oj.jar: ok
10-03 02:12:01.574 D/app_process(18334): u_setTimeZoneFilesDirectory("/apex/com.android.tzdata/etc/tz/versioned/9/icu") succeeded. 
10-03 02:12:01.574 D/app_process(18334): I18n APEX ICU file found: /apex/com.android.i18n/etc/icu/icudt76l.dat
10-03 02:12:01.575 D/nativeloader(18334): Load libjavacore.so using APEX ns com_android_art for caller /apex/com.android.art/javalib/core-oj.jar: ok
10-03 02:12:01.576 D/nativeloader(18334): Load libopenjdk.so using APEX ns com_android_art for caller /apex/com.android.art/javalib/core-oj.jar: ok
10-03 02:12:01.583 D/ExtLoader(18334): DEFAULT_DEBUG_DUMMY=false, DEFAULT_DEBUG_CREATE=false
10-03 02:12:01.586 V/AlarmManager( 3557): sending alarm Alarm{cf96c98 type 2 origWhen 66269 whenElapsed 66269 com.tencent.mm} uid 10395 whenElapsed 66269 windowLength 0 maxWhenElapsed 66269 repeatInterval 0 action ALARM_ACTION(10000) component null flags 0x9 procName com.tencent.mm:push
10-03 02:12:01.593 I/mars::stn(16976): [longlink_connect_monitor.cc:566, OnHeartbeatAlarmReceived]:longlink_progress on_heartbeat_alarm, time: 66276, is_noop_timeout:true
10-03 02:12:01.593 D/nativeloader(18334): Load libonetrace_jni.so using system ns (caller=/system/framework/oplus-framework.jar): ok
10-03 02:12:01.593 D/OplusTrace(18334): register_android_os_OplusTrace
10-03 02:12:01.600 D/nativeloader(18334): Load libframework-connectivity-tiramisu-jni.so using APEX ns com_android_tethering for caller /apex/com.android.tethering/javalib/framework-connectivity-t.jar: ok
10-03 02:12:01.601 D/AndroidRuntime(18334): Calling main entry com.siyi.mediagrant.Main
10-03 02:12:01.607 D/BoundBrokerSvc( 7191): onUnbind: Intent { act=com.google.android.gms.scheduler.ACTION_PROXY_SCHEDULE dat=chimera-action:/... xflg=0x4 cmp=com.google.android.gms/.chimera.PersistentDirectBootAwareApiService mCallingUid=10258 }
10-03 02:12:01.633 D/BoundBrokerSvc( 7191): onUnbind: Intent { act=com.google.android.gms.potokens.service.START dat=chimera-action:/... xflg=0x4 cmp=com.google.android.gms/.chimera.GmsApiService mCallingUid=10262 }
10-03 02:12:01.635 I/com.oplus.metis( 8433): AssetManager2(0xb4000075c7568428) locale list changing from [] to [zh-CN]
10-03 02:12:01.648 I/ChiX    ( 1909): [oplusAON:QSEEAON_ServiceCallback oplusSrvType:1] Receive QSEEAON Callback
10-03 02:12:01.648 I/ChiX    ( 1909): [oplusAON:ProcessAONServiceEvent] AON Event notify for hClientHandle= 0xb40000769ea69840
10-03 02:12:01.648 I/ChiX    ( 1909): [oplusAON:ClientEventCallBack] AON Event notify srvType=1, clientHandle:0xb40000769ea69840
10-03 02:12:01.648 I/ChiX    ( 1909): [oplusAON:TranslateToAonCallbackInfo  AONServiceType: 1] Translate to Service Event Info
10-03 02:12:01.648 D/ChiX    ( 1909): [oplusAON:AddFusionResult] Translate to fuison Event Info
10-03 02:12:01.648 D/ChiX    ( 1909): [oplusAON:AddFusionResult] fusion:rotation_angle = 90.000000
10-03 02:12:01.648 D/ChiX    ( 1909): [oplusAON] fusion->count:0
10-03 02:12:01.648 D/ChiX    ( 1909): fusion->itemLength:20
10-03 02:12:01.649 D/AONLog  (12042): SensorHubAonManager: [notify] clientHandle:-5476376637414664128,isStopped:false, callback:k.g@dddbe50
10-03 02:12:01.649 D/AONLog  (12042): SensorHubAonManager: aonCallBackInfo-> serviceType:1, results:[Lvendor.oplus.hardware.camera.aon.AONResult;@8d50b08
10-03 02:12:01.649 D/AONLog  (12042): AONResultsClassify: convertToResult
10-03 02:12:01.650 D/AONLog  (12042): AONResultsClassify: have FusionResult
10-03 02:12:01.650 D/AONLog  (12042): sensorhub_engine: engineSwitchOn = true runningCmds.size()=1 stopRunningCmds.size()=0
10-03 02:12:01.650 D/AONLog  (12042): OSensorHubResultProcess: transform inParams：com.aon.service.aonsensorhublib.p@c4252a1
10-03 02:12:01.650 D/AONLog  (12042): OSensorHubResultProcess: transform fusionResult getDataCount：0 rotateAngle = 90
10-03 02:12:01.650 I/AONLog  (12042): i: detect->faces num = 0, gesture num = 0
10-03 02:12:01.650 I/AONLog  (12042): GAZESTATE: enter gaze detect0
10-03 02:12:01.650 I/AONLog  (12042): GAZESTATE: final gaze state:false
10-03 02:12:01.651 D/AONLog  (12042): EngineContext: clear engine Context
10-03 02:12:01.651 D/AONLog  (12042): FramePackage: clear framePackage:0
10-03 02:12:01.651 D/AONLog  (12042): EngineContext: clear human Detected List
10-03 02:12:01.651 I/AONLog  (12042): ListenerManager: type = 1  eventInfo = 65538
10-03 02:12:01.651 I/AONLog  (12042): ListenerManager: notifySpecialObserver lock. AonCmdType:393217
10-03 02:12:01.651 I/AONLog  (12042): AONAttentionService: onEventParam event:65538 callback:com.oplus.wrapper.service.attention.IAttentionService%24Stub%241%241@7534003
10-03 02:12:01.651 I/ChiX    ( 1909): [oplusAON:ProcessAONServiceEvent] AON Event notify: Success callback:0xb40000769ea6a460 for hClientHandle= 0xb40000769ea69840
10-03 02:12:01.666 W/dumpsys (18355): Thread Pool max thread count is 0. Cannot cache binder as linkToDeath cannot be implemented. serviceName: package
10-03 02:12:01.695 I/sensors-hal( 1882): handle_sns_std_sensor_event:104, oplus rgb_rear sample: (cct, lux, ir, x, y)[5200, 0, 379, 0, 0]
10-03 02:12:01.695 I/sensors-hal( 1882): handle_sns_std_sensor_event:106, oplus rgb_rear sample: (r, g, b, c w)[1, 0, 0, 0, 0]
10-03 02:12:01.704 D/QmiClient( 2622): qmiServiceEventCallback recv msg id 47
10-03 02:12:01.704 D/QmiClient( 2622): enter -mServiceType 10 onQmiServiceEventCallback msgId 47
10-03 02:12:01.704 D/QmiClient( 2622): onQmiServiceEventCallback - enter. msgId=47
10-03 02:12:01.705 D/OttProxy( 2622): handleMessage msg is 3001
10-03 02:12:01.706 D/SubsysRadioIndication[0]( 5280): radioLinkLatencyInfoInd
10-03 02:12:01.706 D/SubsysRadioIndication[0]( 5280): notify enter
10-03 02:12:01.706 D/ActivityManager( 3557): Async freezing 15415 android.process.media
10-03 02:12:01.707 D/NetworkService[0]( 5280): handleMessage what:1008
10-03 02:12:01.707 D/NetworkService[0]( 5280): EVENT_REG_LINK_LATENCY_INFO_CHANGE ulLatency:16743
10-03 02:12:01.708 E/JobScheduler.Background( 3557): Couldn't determine stopped state for unknown package: com.tencent.wework
10-03 02:12:01.708 E/JobScheduler.Background( 3557): Couldn't determine stopped state for unknown package: com.tencent.wework
10-03 02:12:01.708 E/JobScheduler.Background( 3557): Couldn't determine stopped state for unknown package: com.tencent.wework
10-03 02:12:01.719 D/SensorFeature( 2024): name=ssc_screenshot_info ,index = 22
10-03 02:12:01.719 D/SensorFeature( 2024): write 29 bytes:66351099659,66401724503,164,0
10-03 02:12:01.719 I/SDM     ( 1951): DisplayBase::CommitThread: Received idle timeout, panel: cmd, timeout: 70000 us
10-03 02:12:01.724 D/ActivityManager( 3557): Async freezing 10420 com.microsoft.appmanager:auth
10-03 02:12:01.727 I/sensors-hal( 1882): handle_oplus_wise_rgb_event:160, wise_rgb:(842)(cct,lux,ir)[5661.83, 47.52, 0.000000](rgbc)[1654.65, 1280.11, 650.38, 3527.47](pwm,hbm,brl,algo)[0.0 0.0 1053.0 2.0],flag 164
10-03 02:12:01.728 I/sensors-hal( 1882): handle_oplus_wise_rgb_event:189, high_pwm_light:lux 47.5,cct 5661.8,brl/algo/ir 1053.0/2.0/0.0,pwm/dc 0.0/0.0,rgbc 1666.864014/1268.472656/656.512390/3552.798828,ts 66354968585,cnt 840,flag 164
10-03 02:12:01.728 D/FusionLightNextGen( 3557): process end reported = 1, mode: 0, cnt: 180, lux 15.6, cct 5300.0, r/g/b/c: 1654.7/1262.7/650.4/3540.1, R/G/B: 123.0/113.0/94.0, bri 1053.0, match 1.00, ir 0.000000, conf 2.0, ts 66380051606
10-03 02:12:01.730 W/TcmReceiver( 3557): type=1400 audit(0.0:133): avc:  denied  { connectto } for  path="/dev/socket/tcmd" scontext=u:r:system_server:s0 tcontext=u:r:vendor_tcmd:s0 tclass=unix_stream_socket permissive=0
10-03 02:12:01.734 I/FuseDaemon( 7067): gc_priority_optimize fd is empty
10-03 02:12:01.734 I/FuseDaemon( 7067): open sharedFd failed with Permission denied
10-03 02:12:01.734 I/FuseDaemon( 7067): gc_priority_optimize set UX fail-1
10-03 02:12:01.734 I/FuseDaemon( 7067): gc_priority_optimize fd is empty
10-03 02:12:01.734 I/FuseDaemon( 7067): open sharedFd failed with Permission denied
10-03 02:12:01.734 I/FuseDaemon( 7067): gc_priority_optimize set UX fail-1
10-03 02:12:01.740 I/com.oplus.metis( 8433): AssetManager2(0xb4000075c7568728) locale list changing from [] to [zh-CN]
10-03 02:12:01.745 I/FuseDaemon( 7067): gc_priority_optimize fd is empty
10-03 02:12:01.746 I/FuseDaemon( 7067): open sharedFd failed with Permission denied
10-03 02:12:01.746 I/FuseDaemon( 7067): gc_priority_optimize set UX fail-1
10-03 02:12:01.746 I/FuseDaemon( 7067): gc_priority_optimize fd is empty
10-03 02:12:01.746 I/FuseDaemon( 7067): open sharedFd failed with Permission denied
10-03 02:12:01.746 I/FuseDaemon( 7067): gc_priority_optimize set UX fail-1
10-03 02:12:01.746 W/incfs   ( 3557): isIncFsPathImpl(): could not statfs /data/app/~~5pxyv4iAGr4DFraE_BiY3g==/com.genymobile.gnirehtet-ilh86Y2Cjdl8-n5qlqDzag==: No such file or directory
10-03 02:12:01.749 I/FuseDaemon( 7067): gc_priority_optimize fd is empty
10-03 02:12:01.749 I/FuseDaemon( 7067): open sharedFd failed with Permission denied
10-03 02:12:01.749 I/FuseDaemon( 7067): gc_priority_optimize set UX fail-1
10-03 02:12:01.749 I/FuseDaemon( 7067): gc_priority_optimize fd is empty
10-03 02:12:01.749 I/FuseDaemon( 7067): open sharedFd failed with Permission denied
10-03 02:12:01.749 I/FuseDaemon( 7067): gc_priority_optimize set UX fail-1
10-03 02:12:01.752 I/FuseDaemon( 7067): gc_priority_optimize fd is empty
10-03 02:12:01.752 I/FuseDaemon( 7067): open sharedFd failed with Permission denied
10-03 02:12:01.752 I/FuseDaemon( 7067): gc_priority_optimize set UX fail-1
10-03 02:12:01.753 I/FuseDaemon( 7067): gc_priority_optimize fd is empty
10-03 02:12:01.753 I/FuseDaemon( 7067): open sharedFd failed with Permission denied
10-03 02:12:01.753 I/FuseDaemon( 7067): gc_priority_optimize set UX fail-1
10-03 02:12:01.834 I/ChiX    ( 1909): [oplusAON:QSEEAON_ServiceCallback oplusSrvType:1] Receive QSEEAON Callback
10-03 02:12:01.834 I/ChiX    ( 1909): [oplusAON:ProcessAONServiceEvent] AON Event notify for hClientHandle= 0xb40000769ea69840
10-03 02:12:01.834 I/ChiX    ( 1909): [oplusAON:ClientEventCallBack] AON Event notify srvType=1, clientHandle:0xb40000769ea69840
10-03 02:12:01.834 I/ChiX    ( 1909): [oplusAON:TranslateToAonCallbackInfo  AONServiceType: 1] Translate to Service Event Info
10-03 02:12:01.834 D/ChiX    ( 1909): [oplusAON:AddFusionResult] Translate to fuison Event Info
10-03 02:12:01.834 D/ChiX    ( 1909): [oplusAON:AddFusionResult] fusion:rotation_angle = 90.000000
10-03 02:12:01.834 D/ChiX    ( 1909): [oplusAON] fusion->count:0
10-03 02:12:01.834 D/ChiX    ( 1909): fusion->itemLength:20
10-03 02:12:01.835 D/AONLog  (12042): SensorHubAonManager: [notify] clientHandle:-5476376637414664128,isStopped:false, callback:k.g@dddbe50
10-03 02:12:01.835 D/AONLog  (12042): SensorHubAonManager: aonCallBackInfo-> serviceType:1, results:[Lvendor.oplus.hardware.camera.aon.AONResult;@6f06cc6
10-03 02:12:01.835 D/AONLog  (12042): AONResultsClassify: convertToResult
10-03 02:12:01.835 D/AONLog  (12042): AONResultsClassify: have FusionResult
10-03 02:12:01.835 D/AONLog  (12042): sensorhub_engine: engineSwitchOn = true runningCmds.size()=1 stopRunningCmds.size()=0
10-03 02:12:01.836 I/ChiX    ( 1909): [oplusAON:ProcessAONServiceEvent] AON Event notify: Success callback:0xb40000769ea6a460 for hClientHandle= 0xb40000769ea69840
10-03 02:12:01.837 D/AONLog  (12042): OSensorHubResultProcess: transform inParams：com.aon.service.aonsensorhublib.p@ca6d487
10-03 02:12:01.837 D/AONLog  (12042): OSensorHubResultProcess: transform fusionResult getDataCount：0 rotateAngle = 90
10-03 02:12:01.838 I/AONLog  (12042): i: detect->faces num = 0, gesture num = 0
10-03 02:12:01.838 I/AONLog  (12042): GAZESTATE: enter gaze detect0
10-03 02:12:01.838 I/AONLog  (12042): GAZESTATE: final gaze state:false
10-03 02:12:01.838 D/AONLog  (12042): EngineContext: clear engine Context
10-03 02:12:01.838 D/AONLog  (12042): FramePackage: clear framePackage:0
10-03 02:12:01.838 D/AONLog  (12042): EngineContext: clear human Detected List
10-03 02:12:01.838 I/AONLog  (12042): ListenerManager: type = 1  eventInfo = 65538
10-03 02:12:01.839 I/AONLog  (12042): ListenerManager: notifySpecialObserver lock. AonCmdType:393217
10-03 02:12:01.839 I/AONLog  (12042): AONAttentionService: onEventParam event:65538 callback:com.oplus.wrapper.service.attention.IAttentionService%24Stub%241%241@7534003
10-03 02:12:01.848 I/com.oplus.metis( 8433): AssetManager2(0xb4000075c7568a28) locale list changing from [] to [zh-CN]
10-03 02:12:01.853 I/AconfigPackage(18334): com.android.nfc.flags is mapped to system
10-03 02:12:01.853 I/AconfigPackage(18334): android.app.admin.flags is mapped to system
10-03 02:12:01.854 I/AconfigPackage(18334): android.database.sqlite is mapped to system
10-03 02:12:01.854 I/AconfigPackage(18334): com.android.providers.calendar is mapped to system
10-03 02:12:01.854 I/AconfigPackage(18334): com.android.server.power.feature.flags is mapped to system
10-03 02:12:01.854 I/AconfigPackage(18334): com.android.media.performance.flags is mapped to system
10-03 02:12:01.854 I/AconfigPackage(18334): android.app.contextualsearch.flags is mapped to system
10-03 02:12:01.854 I/AconfigPackage(18334): android.app.ondeviceintelligence.flags is mapped to system
10-03 02:12:01.854 I/AconfigPackage(18334): com.android.media.projection.flags is mapped to system
10-03 02:12:01.854 I/AconfigPackage(18334): android.companion is mapped to system
10-03 02:12:01.854 I/AconfigPackage(18334): android.service.controls.flags is mapped to system
10-03 02:12:01.854 I/AconfigPackage(18334): com.android.text.flags is mapped to system
10-03 02:12:01.854 I/AconfigPackage(18334): com.android.providers.contactkeys.flags is mapped to system
10-03 02:12:01.854 I/AconfigPackage(18334): com.android.intentresolver is mapped to system
10-03 02:12:01.854 I/AconfigPackage(18334): android.companion.virtualdevice.flags is mapped to system
10-03 02:12:01.854 I/AconfigPackage(18334): android.uprobestats.flags is mapped to system
10-03 02:12:01.854 I/AconfigPackage(18334): com.android.net.thread.platform.flags is mapped to system
10-03 02:12:01.854 I/AconfigPackage(18334): android.view.contentprotection.flags is mapped to system
10-03 02:12:01.854 I/AconfigPackage(18334): com.android.server.dreams is mapped to system
10-03 02:12:01.854 I/AconfigPackage(18334): com.android.graphics.surfaceflinger.flags is mapped to system
10-03 02:12:01.855 I/AconfigPackage(18334): com.android.hardware.input is mapped to system
10-03 02:12:01.855 I/AconfigPackage(18334): android.sdk is mapped to system
10-03 02:12:01.855 I/AconfigPackage(18334): com.android.input.flags is mapped to system
10-03 02:12:01.855 I/AconfigPackage(18334): android.tracing is mapped to system
10-03 02:12:01.855 I/AconfigPackage(18334): com.android.server.biometrics is mapped to system
10-03 02:12:01.855 I/AconfigPackage(18334): android.view.contentcapture.flags is mapped to system
10-03 02:12:01.855 I/AconfigPackage(18334): android.app.job is mapped to system
10-03 02:12:01.855 I/AconfigPackage(18334): android.content.res is mapped to system
10-03 02:12:01.855 I/AconfigPackage(18334): android.net.platform.flags is mapped to system
10-03 02:12:01.855 I/AconfigPackage(18334): com.android.aconfig.flags is mapped to system
10-03 02:12:01.855 I/AconfigPackage(18334): com.android.graphics.flags is mapped to system
10-03 02:12:01.855 I/AconfigPackage(18334): android.server.app is mapped to system
10-03 02:12:01.855 I/AconfigPackage(18334): android.speech.flags is mapped to system
10-03 02:12:01.855 I/AconfigPackage(18334): com.android.server.stats is mapped to system
10-03 02:12:01.855 I/AconfigPackage(18334): android.hardware.biometrics is mapped to system
10-03 02:12:01.856 I/AconfigPackage(18334): android.car.feature is mapped to system
10-03 02:12:01.856 I/AconfigPackage(18334): android.adpf is mapped to system
10-03 02:12:01.856 I/AconfigPackage(18334): android.location.flags is mapped to system
10-03 02:12:01.856 I/AconfigPackage(18334): com.android.settingslib.flags is mapped to system
10-03 02:12:01.856 I/AconfigPackage(18334): com.android.managedprovisioning.flags is mapped to system
10-03 02:12:01.856 I/AconfigPackage(18334): android.app.assist.flags is mapped to system
10-03 02:12:01.856 I/AconfigPackage(18334): com.android.server.net is mapped to system
10-03 02:12:01.856 I/AconfigPackage(18334): com.android.settingslib.widget.flags is mapped to system
10-03 02:12:01.856 I/AconfigPackage(18334): com.android.internal.camera.flags is mapped to system
10-03 02:12:01.856 I/AconfigPackage(18334): com.android.hardware.libsensor.flags is mapped to system
10-03 02:12:01.856 I/AconfigPackage(18334): com.android.internal.jank is mapped to system
10-03 02:12:01.856 I/AconfigPackage(18334): com.android.providers.settings is mapped to system
10-03 02:12:01.856 I/AconfigPackage(18334): android.multiuser is mapped to system
10-03 02:12:01.856 I/AconfigPackage(18334): com.android.server.power.optimization is mapped to system
10-03 02:12:01.856 I/AconfigPackage(18334): com.android.calllogbackup is mapped to system
10-03 02:12:01.856 I/AconfigPackage(18334): com.android.media.flags is mapped to system
10-03 02:12:01.856 I/AconfigPackage(18334): com.android.server.flags is mapped to system
10-03 02:12:01.856 I/AconfigPackage(18334): com.android.graphics.libvulkan.flags is mapped to system
10-03 02:12:01.857 I/AconfigPackage(18334): android.app.appfunctions.flags is mapped to system
10-03 02:12:01.857 I/AconfigPackage(18334): android.app.smartspace.flags is mapped to system
10-03 02:12:01.857 I/AconfigPackage(18334): com.android.providers.contacts.flags is mapped to system
10-03 02:12:01.857 I/AconfigPackage(18334): com.android.shell.flags is mapped to system
10-03 02:12:01.857 I/AconfigPackage(18334): com.android.media.aaudio is mapped to system
10-03 02:12:01.857 I/AconfigPackage(18334): android.hardware.radio is mapped to system
10-03 02:12:01.857 I/AconfigPackage(18334): suspend_service.flags is mapped to system
10-03 02:12:01.857 I/AconfigPackage(18334): android.media.midi is mapped to system
10-03 02:12:01.857 I/AconfigPackage(18334): com.android.libcore.readonly is mapped to system
10-03 02:12:01.857 I/AconfigPackage(18334): com.android.settingslib.widget.selectorwithwidgetpreference.flags is mapped to system
10-03 02:12:01.857 I/AconfigPackage(18334): android.service.notification is mapped to system
10-03 02:12:01.857 I/AconfigPackage(18334): com.android.systemui.shared is mapped to system
10-03 02:12:01.857 I/AconfigPackage(18334): android.app.jank is mapped to system
10-03 02:12:01.857 I/AconfigPackage(18334): android.app.wearable is mapped to system
10-03 02:12:01.857 I/AconfigPackage(18334): com.android.media.audio is mapped to system
10-03 02:12:01.857 I/AconfigPackage(18334): android.service.chooser is mapped to system
10-03 02:12:01.857 I/AconfigPackage(18334): com.android.server.compat is mapped to system
10-03 02:12:01.857 I/AconfigPackage(18334): com.android.server.alarm is mapped to system
10-03 02:12:01.858 I/AconfigPackage(18334): com.android.apex.flags is mapped to system
10-03 02:12:01.858 I/AconfigPackage(18334): android.service.quickaccesswallet is mapped to system
10-03 02:12:01.858 I/AconfigPackage(18334): android.app.usage is mapped to system
10-03 02:12:01.858 I/AconfigPackage(18334): com.android.server.accessibility is mapped to system
10-03 02:12:01.858 I/AconfigPackage(18334): android.app.supervision.flags is mapped to system
10-03 02:12:01.858 I/AconfigPackage(18334): com.android.server.utils is mapped to system
10-03 02:12:01.858 I/AconfigPackage(18334): android.chre.flags is mapped to system
10-03 02:12:01.858 I/AconfigPackage(18334): android.content.flags is mapped to system
10-03 02:12:01.858 I/AconfigPackage(18334): android.media.codec is mapped to system
10-03 02:12:01.858 I/AconfigPackage(18334): com.android.internal.os is mapped to system
10-03 02:12:01.858 I/AconfigPackage(18334): com.android.nfc.nci.flags is mapped to system
10-03 02:12:01.858 I/AconfigPackage(18334): android.app is mapped to system
10-03 02:12:01.858 I/AconfigPackage(18334): android.security.keystore2 is mapped to system
10-03 02:12:01.858 I/AconfigPackage(18334): android.crashrecovery.flags is mapped to system
10-03 02:12:01.858 I/AconfigPackage(18334): com.android.tradeinmode.flags is mapped to system
10-03 02:12:01.858 I/AconfigPackage(18334): android.hardware.flags is mapped to system
10-03 02:12:01.858 I/AconfigPackage(18334): com.android.server.telecom.flags is mapped to system
10-03 02:12:01.858 I/AconfigPackage(18334): com.android.settingslib.media.flags is mapped to system
10-03 02:12:01.858 I/AconfigPackage(18334): com.android.server.policy is mapped to system
10-03 02:12:01.859 I/AconfigPackage(18334): android.media.audiopolicy is mapped to system
10-03 02:12:01.859 I/AconfigPackage(18334): com.android.egg.flags is mapped to system
10-03 02:12:01.859 I/AconfigPackage(18334): com.android.internal.compat.flags is mapped to system
10-03 02:12:01.859 I/AconfigPackage(18334): android.security is mapped to system
10-03 02:12:01.859 I/AconfigPackage(18334): android.service.autofill is mapped to system
10-03 02:12:01.859 I/AconfigPackage(18334): com.example.android.aconfig.demo.flags is mapped to system
10-03 02:12:01.859 I/AconfigPackage(18334): android.view.flags is mapped to system
10-03 02:12:01.859 I/AconfigPackage(18334): android.companion.virtual.flags is mapped to system
10-03 02:12:01.859 I/AconfigPackage(18334): com.android.aconfig_new_storage is mapped to system
10-03 02:12:01.859 I/AconfigPackage(18334): com.android.server.feature.flags is mapped to system
10-03 02:12:01.860 I/AconfigPackage(18334): com.android.systemui is mapped to system
10-03 02:12:01.860 I/AconfigPackage(18334): com.android.server.power.batterysaver is mapped to system
10-03 02:12:01.860 I/AconfigPackage(18334): android.widget.flags is mapped to system
10-03 02:12:01.860 I/AconfigPackage(18334): com.android.media.editing.flags is mapped to system
10-03 02:12:01.860 I/AconfigPackage(18334): com.android.media.codec.flags is mapped to system
10-03 02:12:01.860 I/AconfigPackage(18334): com.android.server.powerstats is mapped to system
10-03 02:12:01.860 I/AconfigPackage(18334): com.android.graphics.egl.flags is mapped to system
10-03 02:12:01.860 I/AconfigPackage(18334): com.android.media.audioserver is mapped to system
10-03 02:12:01.860 I/AconfigPackage(18334): com.android.server.deviceidle is mapped to system
10-03 02:12:01.860 I/AconfigPackage(18334): android.nfc is mapped to system
10-03 02:12:01.860 I/AconfigPackage(18334): android.permission.flags is mapped to system
10-03 02:12:01.860 I/AconfigPackage(18334): android.service.voice.flags is mapped to system
10-03 02:12:01.860 I/AconfigPackage(18334): android.content.pm is mapped to system
10-03 02:12:01.860 I/AconfigPackage(18334): com.android.server.power.hint is mapped to system
10-03 02:12:01.860 I/AconfigPackage(18334): android.os is mapped to system
10-03 02:12:01.860 I/AconfigPackage(18334): android.service.dreams is mapped to system
10-03 02:12:01.860 I/AconfigPackage(18334): com.android.graphics.libgui.flags is mapped to system
10-03 02:12:01.860 I/AconfigPackage(18334): android.hardware.usb.flags is mapped to system
10-03 02:12:01.860 I/AconfigPackage(18334): android.provider is mapped to system
10-03 02:12:01.860 I/AconfigPackage(18334): com.android.server.job is mapped to system
10-03 02:12:01.860 I/AconfigPackage(18334): com.android.internal.foldables.flags is mapped to system
10-03 02:12:01.861 I/AconfigPackage(18334): com.android.internal.telephony.flags is mapped to system
10-03 02:12:01.861 I/AconfigPackage(18334): android.webkit is mapped to system
10-03 02:12:01.861 I/AconfigPackage(18334): android.credentials.flags is mapped to system
10-03 02:12:01.861 I/AconfigPackage(18334): com.android.server.display.feature.flags is mapped to system
10-03 02:12:01.861 I/AconfigPackage(18334): com.android.server.notification is mapped to system
10-03 02:12:01.861 I/AconfigPackage(18334): com.oplus.framework.flags is mapped to system
10-03 02:12:01.861 I/AconfigPackage(18334): android.appwidget.flags is mapped to system
10-03 02:12:01.861 I/AconfigPackage(18334): com.android.frameworks.sensorservice.flags is mapped to system
10-03 02:12:01.861 I/AconfigPackage(18334): com.android.window.flags is mapped to system
10-03 02:12:01.861 I/AconfigPackage(18334): android.adaptiveauth is mapped to system
10-03 02:12:01.861 I/AconfigPackage(18334): android.net.wifi.flags is mapped to system
10-03 02:12:01.861 I/AconfigPackage(18334): android.media.tv.flags is mapped to system
10-03 02:12:01.861 I/AconfigPackage(18334): com.android.server.usb.flags is mapped to system
10-03 02:12:01.861 I/AconfigPackage(18334): android.os.vibrator is mapped to system
10-03 02:12:01.861 I/AconfigPackage(18334): android.hardware.devicestate.feature.flags is mapped to system
10-03 02:12:01.861 I/AconfigPackage(18334): com.android.server.usage is mapped to system
10-03 02:12:01.862 I/AconfigPackage(18334): android.server is mapped to system
10-03 02:12:01.862 I/AconfigPackage(18334): com.android.wm.shell is mapped to system
10-03 02:12:01.862 I/AconfigPackage(18334): android.view.inputmethod is mapped to system
10-03 02:12:01.862 I/AconfigPackage(18334): com.android.graphics.hwui.flags is mapped to system
10-03 02:12:01.862 I/AconfigPackage(18334): com.android.server.backup is mapped to system
10-03 02:12:01.862 I/AconfigPackage(18334): com.android.internal.pm.pkg.component.flags is mapped to system
10-03 02:12:01.862 I/AconfigPackage(18334): android.view.accessibility is mapped to system
10-03 02:12:01.862 I/AconfigPackage(18334): android.media.audio is mapped to system
10-03 02:12:01.862 I/AconfigPackage(18334): com.android.server.am is mapped to system
10-03 02:12:01.862 I/AconfigPackage(18334): com.android.media.playback.flags is mapped to system
10-03 02:12:01.862 I/AconfigPackage(18334): com.android.settings.accessibility is mapped to system_ext
10-03 02:12:01.862 I/AconfigPackage(18334): com.android.settings.keyboard is mapped to system_ext
10-03 02:12:01.862 I/AconfigPackage(18334): com.android.settings.factory_reset is mapped to system_ext
10-03 02:12:01.863 I/AconfigPackage(18334): com.android.systemui.accessibility.accessibilitymenu is mapped to system_ext
10-03 02:12:01.863 I/AconfigPackage(18334): com.android.server.policy.feature.flags is mapped to system_ext
10-03 02:12:01.863 I/AconfigPackage(18334): com.android.settings.flags is mapped to system_ext
10-03 02:12:01.863 I/AconfigPackage(18334): com.android.settings.media_drm is mapped to system_ext
10-03 02:12:01.863 I/AconfigPackage(18334): com.android.launcher3 is mapped to system_ext
10-03 02:12:01.863 I/AconfigPackage(18334): com.android.cellbroadcastreceiver.flags is mapped to com.android.cellbroadcast
10-03 02:12:01.863 I/AconfigPackage(18334): com.android.net.ct.flags is mapped to com.android.tethering
10-03 02:12:01.863 I/AconfigPackage(18334): com.android.net.flags is mapped to com.android.tethering
10-03 02:12:01.864 I/AconfigPackage(18334): android.net.vcn is mapped to com.android.tethering
10-03 02:12:01.864 I/AconfigPackage(18334): com.android.nearby.flags is mapped to com.android.tethering
10-03 02:12:01.864 I/AconfigPackage(18334): android.net.http is mapped to com.android.tethering
10-03 02:12:01.864 I/AconfigPackage(18334): com.android.net.thread.flags is mapped to com.android.tethering
10-03 02:12:01.864 I/AconfigPackage(18334): com.android.media.extractor.flags is mapped to com.android.media
10-03 02:12:01.864 I/AconfigPackage(18334): com.android.media.mainline.flags is mapped to com.android.media
10-03 02:12:01.864 I/AconfigPackage(18334): com.android.system.virtualmachine.flags is mapped to com.android.virt
10-03 02:12:01.865 I/AconfigPackage(18334): android.media.swcodec.flags is mapped to com.android.media.swcodec
10-03 02:12:01.865 I/AconfigPackage(18334): android.graphics.pdf.flags is mapped to com.android.mediaprovider
10-03 02:12:01.865 I/AconfigPackage(18334): com.android.providers.media.flags is mapped to com.android.mediaprovider
10-03 02:12:01.865 I/AconfigPackage(18334): android.graphics.pdf.flags.readonly is mapped to com.android.mediaprovider
10-03 02:12:01.865 I/AconfigPackage(18334): android.uprobestats.mainline.flags is mapped to com.android.uprobestats
10-03 02:12:01.866 I/AconfigPackage(18334): com.android.os.statsd.flags is mapped to com.android.os.statsd
10-03 02:12:01.866 I/AconfigPackage(18334): com.android.healthfitness.flags is mapped to com.android.healthfitness
10-03 02:12:01.866 I/AconfigPackage(18334): com.android.org.conscrypt.flags is mapped to com.android.conscrypt
10-03 02:12:01.866 I/AconfigPackage(18334): com.android.uwb.flags is mapped to com.android.uwb
10-03 02:12:01.866 I/AconfigPackage(18334): com.android.ranging.flags is mapped to com.android.uwb
10-03 02:12:01.867 I/AconfigPackage(18334): android.provider.flags is mapped to com.android.configinfrastructure
10-03 02:12:01.867 I/AconfigPackage(18334): com.android.server.deviceconfig is mapped to com.android.configinfrastructure
10-03 02:12:01.867 I/AconfigPackage(18334): com.android.ipsec.flags is mapped to com.android.ipsec
10-03 02:12:01.867 I/AconfigPackage(18334): com.android.permission.flags is mapped to com.android.permission
10-03 02:12:01.867 I/AconfigPackage(18334): com.android.permissioncontroller.flags is mapped to com.android.permission
10-03 02:12:01.868 I/AconfigPackage(18334): com.android.icu is mapped to com.android.i18n
10-03 02:12:01.868 I/AconfigPackage(18334): com.android.art.flags is mapped to com.android.art
10-03 02:12:01.868 I/AconfigPackage(18334): com.android.libcore is mapped to com.android.art
10-03 02:12:01.868 I/AconfigPackage(18334): com.android.appsearch.flags is mapped to com.android.appsearch
10-03 02:12:01.868 I/AconfigPackage(18334): com.android.devicelock.flags is mapped to com.android.devicelock
10-03 02:12:01.869 I/AconfigPackage(18334): com.android.adservices.ondevicepersonalization.flags is mapped to com.android.ondevicepersonalization
10-03 02:12:01.869 I/AconfigPackage(18334): android.os.profiling is mapped to com.android.profiling
10-03 02:12:01.869 I/AconfigPackage(18334): com.android.wifi.flags is mapped to com.android.wifi
10-03 02:12:01.870 I/AconfigPackage(18334): com.android.adservices.flags is mapped to com.android.adservices
10-03 02:12:01.870 I/AconfigPackage(18334): com.android.sdksandbox.flags is mapped to com.android.adservices
10-03 02:12:01.870 E/FeatureFlagsImplExport(18334): android.os.flagging.AconfigStorageReadException: ERROR_PACKAGE_NOT_FOUND: package android.xr cannot be found on the device
10-03 02:12:01.871 W/PlatformAconfigPackage(18334): android.os.flagging.AconfigStorageReadException: ERROR_CANNOT_READ_STORAGE_FILE: Fail to mmap storage
10-03 02:12:01.875 W/SQLiteCompatibilityWalFlags(18334): Cannot read global setting sqlite_compatibility_wal_flags - Application state not available
10-03 02:12:01.885 D/nativeloader(18334): Load libjavacrypto.so using APEX ns com_android_conscrypt for caller /apex/com.android.conscrypt/javalib/conscrypt.jar: ok
10-03 02:12:01.891 I/PackagePartitionsExtImpl(18334):  non overlaied app dir /my_product/non_overlay, partitionName my_product
10-03 02:12:01.891 I/PackagePartitionsExtImpl(18334):  non overlaied app dir /my_stock/non_overlay, partitionName my_stock
10-03 02:12:01.892 I/PackagePartitionsExtImpl(18334): my_company is not overlaid and scan as before
10-03 02:12:01.892 I/PackagePartitionsExtImpl(18334): my_carrier is not overlaid and scan as before
10-03 02:12:01.892 I/PackagePartitionsExtImpl(18334): my_bigball is not overlaid and scan as before
10-03 02:12:01.892 I/PackagePartitionsExtImpl(18334): my_product/cust/CN is not overlaid and scan as before
10-03 02:12:01.892 I/PackagePartitionsExtImpl(18334):  overlaidStatus value is 1
10-03 02:12:01.892 I/PackagePartitionsExtImpl(18334): custom partititions are overlaid;skip parse custom images
10-03 02:12:01.892 W/OverlayConfig(18334): Invalid partition_order.xml, partition_order.xml has 6 partitions, which is different from SYSTEM_PARTITIONS
10-03 02:12:01.897 I/AICCTModule( 3557): SensorFilter: brightness threshold 1.2 screenNit is 55.034 ave enviroment lux is 15.62927 luxForNit 43.956005demarcationPoint200.0 result is true
10-03 02:12:01.936 I/ChiX    ( 1909): [oplusAON:QSEEAON_ServiceCallback oplusSrvType:1] Receive QSEEAON Callback
10-03 02:12:01.937 I/ChiX    ( 1909): [oplusAON:ProcessAONServiceEvent] AON Event notify for hClientHandle= 0xb40000769ea69840
10-03 02:12:01.937 I/ChiX    ( 1909): [oplusAON:ClientEventCallBack] AON Event notify srvType=1, clientHandle:0xb40000769ea69840
10-03 02:12:01.937 I/ChiX    ( 1909): [oplusAON:TranslateToAonCallbackInfo  AONServiceType: 1] Translate to Service Event Info
10-03 02:12:01.937 D/ChiX    ( 1909): [oplusAON:AddFusionResult] Translate to fuison Event Info
10-03 02:12:01.937 D/ChiX    ( 1909): [oplusAON:AddFusionResult] fusion:rotation_angle = 90.000000
10-03 02:12:01.937 D/ChiX    ( 1909): [oplusAON] fusion->count:0
10-03 02:12:01.937 D/ChiX    ( 1909): fusion->itemLength:20
10-03 02:12:01.938 D/AONLog  (12042): SensorHubAonManager: [notify] clientHandle