06-15 11:50:17.030  SESSION  app start pid=4426 device=OnePlus PKG110 api=36
06-15 11:50:17.446  BIND  backend=ROOT attempt=1
06-15 11:50:17.447  CONNECTING  backend=ROOT attempt=1
06-15 11:50:18.085  CB_ON_CONNECTED  backend=ROOT
06-15 11:50:18.085  BINDER_CONNECTED  backend=ROOT linkToDeath ok, heartbeat sent
06-15 15:31:20.666  SESSION  app start pid=16173 device=OnePlus PKG110 api=36
06-15 15:31:20.942  BIND  backend=ROOT attempt=1
06-15 15:31:20.943  CONNECTING  backend=ROOT attempt=1
06-15 15:31:22.865  CB_ON_CONNECTED  backend=ROOT
06-15 15:31:22.865  BINDER_CONNECTED  backend=ROOT linkToDeath ok, heartbeat sent
06-15 18:00:00.921  SESSION  app start pid=19434 device=OnePlus PKG110 api=36
06-15 18:00:01.267  BIND  backend=ROOT attempt=1
06-15 18:00:01.268  CONNECTING  backend=ROOT attempt=1
06-15 18:00:02.583  CB_ON_CONNECTED  backend=ROOT
06-15 18:00:02.584  BINDER_CONNECTED  backend=ROOT linkToDeath ok, heartbeat sent
06-15 18:19:09.717  SESSION  app start pid=6860 device=OnePlus PKG110 api=36
06-15 18:19:09.784  BIND  backend=ROOT attempt=1
06-15 18:19:09.785  CONNECTING  backend=ROOT attempt=1
06-15 18:19:10.197  CB_ON_CONNECTED  backend=ROOT
06-15 18:19:10.198  BINDER_CONNECTED  backend=ROOT linkToDeath ok, heartbeat sent
06-16 07:00:01.379  SESSION  app start pid=25765 device=OnePlus PKG110 api=36
06-16 07:00:01.593  BIND  backend=ROOT attempt=1
06-16 07:00:01.594  CONNECTING  backend=ROOT attempt=1
06-16 07:00:03.480  CB_ON_CONNECTED  backend=ROOT
06-16 07:00:03.481  BINDER_CONNECTED  backend=ROOT linkToDeath ok, heartbeat sent
06-16 18:00:00.870  SESSION  app start pid=8029 device=OnePlus PKG110 api=36
06-16 18:00:01.038  BIND  backend=ROOT attempt=1
06-16 18:00:01.038  CONNECTING  backend=ROOT attempt=1
06-16 18:00:02.755  CB_ON_CONNECTED  backend=ROOT
06-16 18:00:02.756  BINDER_CONNECTED  backend=ROOT linkToDeath ok, heartbeat sent
06-16 21:38:58.185  SESSION  app start pid=8164 device=OnePlus PKG110 api=36
06-16 21:38:58.331  BIND  backend=ROOT attempt=1
06-16 21:38:58.332  CONNECTING  backend=ROOT attempt=1
06-16 21:38:59.950  CB_ON_CONNECTED  backend=ROOT
06-16 21:38:59.950  BINDER_CONNECTED  backend=ROOT linkToDeath ok, heartbeat sent
06-16 23:51:50.515  SESSION  app start pid=12734 device=OnePlus PKG110 api=36
06-16 23:51:50.654  BIND  backend=ROOT attempt=1
06-16 23:51:50.654  CONNECTING  backend=ROOT attempt=1
06-16 23:51:51.711  CB_ON_CONNECTED  backend=ROOT
06-16 23:51:51.711  BINDER_CONNECTED  backend=ROOT linkToDeath ok, heartbeat sent
06-17 01:02:23.765  SESSION  app start pid=13385 device=OnePlus PKG110 api=36
06-17 01:02:23.945  BIND  backend=ROOT attempt=1
06-17 01:02:23.946  CONNECTING  backend=ROOT attempt=1
06-17 01:02:25.058  CB_ON_CONNECTED  backend=ROOT
06-17 01:02:25.059  BINDER_CONNECTED  backend=ROOT linkToDeath ok, heartbeat sent
06-17 15:31:01.600  SESSION  app start pid=3315 device=OnePlus PKG110 api=36
06-17 15:31:01.798  BIND  backend=ROOT attempt=1
06-17 15:31:01.798  CONNECTING  backend=ROOT attempt=1
06-17 15:31:02.888  CB_ON_CONNECTED  backend=ROOT
06-17 15:31:02.888  BINDER_CONNECTED  backend=ROOT linkToDeath ok, heartbeat sent
06-17 18:00:02.723  SESSION  app start pid=22221 device=OnePlus PKG110 api=36
06-17 18:00:02.855  BIND  backend=ROOT attempt=1
06-17 18:00:02.855  CONNECTING  backend=ROOT attempt=1
06-17 18:00:04.061  CB_ON_CONNECTED  backend=ROOT
06-17 18:00:04.062  BINDER_CONNECTED  backend=ROOT linkToDeath ok, heartbeat sent
06-18 07:00:00.725  SESSION  app start pid=26050 device=OnePlus PKG110 api=36
06-18 07:00:00.936  BIND  backend=ROOT attempt=1
06-18 07:00:00.936  CONNECTING  backend=ROOT attempt=1
06-18 07:00:02.604  CB_ON_CONNECTED  backend=ROOT
06-18 07:00:02.605  BINDER_CONNECTED  backend=ROOT linkToDeath ok, heartbeat sent
06-18 15:31:04.405  SESSION  app start pid=31004 device=OnePlus PKG110 api=36
06-18 15:31:04.574  BIND  backend=ROOT attempt=1
06-18 15:31:04.574  CONNECTING  backend=ROOT attempt=1
06-18 15:31:19.574  CB_ON_CONNECTED  backend=ROOT
06-18 15:31:19.574  BINDER_CONNECTED  backend=ROOT linkToDeath ok, heartbeat sent
06-18 17:57:21.244  SESSION  app start pid=31151 device=OnePlus PKG110 api=36
06-18 17:57:21.407  BIND  backend=ROOT attempt=1
06-18 17:57:21.407  CONNECTING  backend=ROOT attempt=1
06-18 17:57:22.564  CB_ON_CONNECTED  backend=ROOT
06-18 17:57:22.565  BINDER_CONNECTED  backend=ROOT linkToDeath ok, heartbeat sent
06-18 17:57:25.183  SESSION  app start pid=31997 device=OnePlus PKG110 api=36
06-18 17:57:25.360  BIND  backend=ROOT attempt=1
06-18 17:57:25.361  CONNECTING  backend=ROOT attempt=1
06-18 17:57:26.116  CB_ON_CONNECTED  backend=ROOT
06-18 17:57:26.116  BINDER_CONNECTED  backend=ROOT linkToDeath ok, heartbeat sent
06-18 20:07:10.748  SESSION  app start pid=19885 device=OnePlus PKG110 api=36
06-18 20:07:10.912  BIND  backend=ROOT attempt=1
06-18 20:07:10.913  CONNECTING  backend=ROOT attempt=1
06-18 20:07:11.998  CB_ON_CONNECTED  backend=ROOT
06-18 20:07:11.999  BINDER_CONNECTED  backend=ROOT linkToDeath ok, heartbeat sent
06-19 01:23:01.008  SESSION  app start pid=7349 device=OnePlus PKG110 api=36
06-19 01:23:01.202  BIND  backend=ROOT attempt=1
06-19 01:23:01.203  CONNECTING  backend=ROOT attempt=1
06-19 01:23:02.280  CB_ON_CONNECTED  backend=ROOT
06-19 01:23:02.280  BINDER_CONNECTED  backend=ROOT linkToDeath ok, heartbeat sent
06-19 01:28:35.450  SESSION  app start pid=22016 device=OnePlus PKG110 api=36
06-19 01:28:35.596  BIND  backend=ROOT attempt=1
06-19 01:28:35.597  CONNECTING  backend=ROOT attempt=1
06-19 01:28:36.275  CB_ON_CONNECTED  backend=ROOT
06-19 01:28:36.275  BINDER_CONNECTED  backend=ROOT linkToDeath ok, heartbeat sent
06-19 11:21:58.403  SESSION  app start pid=19870 device=OnePlus PKG110 api=36
06-19 11:21:58.619  BIND  backend=ROOT attempt=1
06-19 11:21:58.620  CONNECTING  backend=ROOT attempt=1
06-19 11:21:59.895  CB_ON_CONNECTED  backend=ROOT
06-19 11:21:59.896  BINDER_CONNECTED  backend=ROOT linkToDeath ok, heartbeat sent
06-19 15:31:10.810  SESSION  app start pid=16111 device=OnePlus PKG110 api=36
06-19 15:31:11.105  BIND  backend=ROOT attempt=1
06-19 15:31:11.105  CONNECTING  backend=ROOT attempt=1
06-19 15:31:14.747  CB_ON_CONNECTED  backend=ROOT
06-19 15:31:14.747  BINDER_CONNECTED  backend=ROOT linkToDeath ok, heartbeat sent
06-20 07:00:01.181  SESSION  app start pid=24009 device=OnePlus PKG110 api=36
06-20 07:00:01.450  BIND  backend=ROOT attempt=1
06-20 07:00:01.450  CONNECTING  backend=ROOT attempt=1
06-20 07:00:03.102  CB_ON_CONNECTED  backend=ROOT
06-20 07:00:03.103  BINDER_CONNECTED  backend=ROOT linkToDeath ok, heartbeat sent
06-20 15:31:02.233  SESSION  app start pid=25386 device=OnePlus PKG110 api=36
06-20 15:31:02.643  BIND  backend=ROOT attempt=1
06-20 15:31:02.644  CONNECTING  backend=ROOT attempt=1
06-20 15:31:03.959  CB_ON_CONNECTED  backend=ROOT
06-20 15:31:03.963  BINDER_CONNECTED  backend=ROOT linkToDeath ok, heartbeat sent
06-20 21:43:39.122  SESSION  app start pid=30839 device=OnePlus PKG110 api=36
06-20 21:43:39.325  BIND  backend=ROOT attempt=1
06-20 21:43:39.326  CONNECTING  backend=ROOT attempt=1
06-20 21:43:40.548  CB_ON_CONNECTED  backend=ROOT
06-20 21:43:40.549  BINDER_CONNECTED  backend=ROOT linkToDeath ok, heartbeat sent
06-21 07:00:01.299  SESSION  app start pid=22863 device=OnePlus PKG110 api=36
06-21 07:00:01.501  BIND  backend=ROOT attempt=1
06-21 07:00:01.501  CONNECTING  backend=ROOT attempt=1
06-21 07:00:03.266  CB_ON_CONNECTED  backend=ROOT
06-21 07:00:03.267  BINDER_CONNECTED  backend=ROOT linkToDeath ok, heartbeat sent
06-21 18:00:00.749  SESSION  app start pid=2234 device=OnePlus PKG110 api=36
06-21 18:00:01.041  BIND  backend=ROOT attempt=1
06-21 18:00:01.045  CONNECTING  backend=ROOT attempt=1
06-21 18:00:02.772  CB_ON_CONNECTED  backend=ROOT
06-21 18:00:02.773  BINDER_CONNECTED  backend=ROOT linkToDeath ok, heartbeat sent
06-22 07:00:01.646  SESSION  app start pid=29419 device=OnePlus PKG110 api=36
06-22 07:00:01.827  BIND  backend=ROOT attempt=1
06-22 07:00:01.828  CONNECTING  backend=ROOT attempt=1
06-22 07:00:03.644  CB_ON_CONNECTED  backend=ROOT
06-22 07:00:03.644  BINDER_CONNECTED  backend=ROOT linkToDeath ok, heartbeat sent
06-22 15:31:00.826  SESSION  app start pid=1579 device=OnePlus PKG110 api=36
06-22 15:31:00.993  BIND  backend=ROOT attempt=1
06-22 15:31:00.994  CONNECTING  backend=ROOT attempt=1
06-22 15:31:02.185  CB_ON_CONNECTED  backend=ROOT
06-22 15:31:02.186  BINDER_CONNECTED  backend=ROOT linkToDeath ok, heartbeat sent
06-22 22:19:30.563  SESSION  app start pid=822 device=OnePlus PKG110 api=36
06-22 22:19:30.740  BIND  backend=ROOT attempt=1
06-22 22:19:30.741  CONNECTING  backend=ROOT attempt=1
06-22 22:19:31.745  CB_ON_CONNECTED  backend=ROOT
06-22 22:19:31.745  BINDER_CONNECTED  backend=ROOT linkToDeath ok, heartbeat sent
06-23 07:00:01.776  SESSION  app start pid=32724 device=OnePlus PKG110 api=36
06-23 07:00:01.984  BIND  backend=ROOT attempt=1
06-23 07:00:01.986  CONNECTING  backend=ROOT attempt=1
06-23 07:00:03.791  CB_ON_CONNECTED  backend=ROOT
06-23 07:00:03.791  BINDER_CONNECTED  backend=ROOT linkToDeath ok, heartbeat sent
06-23 15:31:02.415  SESSION  app start pid=2513 device=OnePlus PKG110 api=36
06-23 15:31:02.611  BIND  backend=ROOT attempt=1
06-23 15:31:02.612  CONNECTING  backend=ROOT attempt=1
06-23 15:31:07.017  CB_ON_CONNECTED  backend=ROOT
06-23 15:31:07.018  BINDER_CONNECTED  backend=ROOT linkToDeath ok, heartbeat sent
06-23 18:25:30.073  SESSION  app start pid=22163 device=OnePlus PKG110 api=36
06-23 18:25:30.242  BIND  backend=ROOT attempt=1
06-23 18:25:30.243  CONNECTING  backend=ROOT attempt=1
06-23 18:25:31.357  CB_ON_CONNECTED  backend=ROOT
06-23 18:25:31.357  BINDER_CONNECTED  backend=ROOT linkToDeath ok, heartbeat sent
06-24 07:00:00.988  SESSION  app start pid=4376 device=OnePlus PKG110 api=36
06-24 07:00:01.300  BIND  backend=ROOT attempt=1
06-24 07:00:01.301  CONNECTING  backend=ROOT attempt=1
06-24 07:00:03.039  CB_ON_CONNECTED  backend=ROOT
06-24 07:00:03.039  BINDER_CONNECTED  backend=ROOT linkToDeath ok, heartbeat sent
06-24 10:38:10.514  SESSION  app start pid=11201 device=OnePlus PKG110 api=36
06-24 10:38:10.749  BIND  backend=ROOT attempt=1
06-24 10:38:10.749  CONNECTING  backend=ROOT attempt=1
06-24 10:38:12.506  CB_ON_CONNECTED  backend=ROOT
06-24 10:38:12.506  BINDER_CONNECTED  backend=ROOT linkToDeath ok, heartbeat sent
06-24 12:43:18.897  SESSION  app start pid=18134 device=OnePlus PKG110 api=36
06-24 12:43:19.114  BIND  backend=ROOT attempt=1
06-24 12:43:19.115  CONNECTING  backend=ROOT attempt=1
06-24 12:43:20.474  CB_ON_CONNECTED  backend=ROOT
06-24 12:43:20.474  BINDER_CONNECTED  backend=ROOT linkToDeath ok, heartbeat sent
06-24 18:00:02.131  SESSION  app start pid=21127 device=OnePlus PKG110 api=36
06-24 18:00:02.398  BIND  backend=ROOT attempt=1
06-24 18:00:02.398  CONNECTING  backend=ROOT attempt=1
06-24 18:00:04.235  CB_ON_CONNECTED  backend=ROOT
06-24 18:00:04.236  BINDER_CONNECTED  backend=ROOT linkToDeath ok, heartbeat sent
06-25 07:00:01.192  SESSION  app start pid=3716 device=OnePlus PKG110 api=36
06-25 07:00:01.421  BIND  backend=ROOT attempt=1
06-25 07:00:01.421  CONNECTING  backend=ROOT attempt=1
06-25 07:00:02.987  CB_ON_CONNECTED  backend=ROOT
06-25 07:00:02.988  BINDER_CONNECTED  backend=ROOT linkToDeath ok, heartbeat sent
06-25 15:31:00.795  SESSION  app start pid=6929 device=OnePlus PKG110 api=36
06-25 15:31:00.999  BIND  backend=ROOT attempt=1
06-25 15:31:01.000  CONNECTING  backend=ROOT attempt=1
06-25 15:31:02.604  CB_ON_CONNECTED  backend=ROOT
06-25 15:31:02.604  BINDER_CONNECTED  backend=ROOT linkToDeath ok, heartbeat sent
06-25 19:44:17.277  SESSION  app start pid=30230 device=OnePlus PKG110 api=36
06-25 19:44:17.473  BIND  backend=ROOT attempt=1
06-25 19:44:17.473  CONNECTING  backend=ROOT attempt=1
06-25 19:44:18.571  CB_ON_CONNECTED  backend=ROOT
06-25 19:44:18.572  BINDER_CONNECTED  backend=ROOT linkToDeath ok, heartbeat sent
06-26 07:00:01.372  SESSION  app start pid=24023 device=OnePlus PKG110 api=36
06-26 07:00:01.685  BIND  backend=ROOT attempt=1
06-26 07:00:01.685  CONNECTING  backend=ROOT attempt=1
06-26 07:00:03.744  CB_ON_CONNECTED  backend=ROOT
06-26 07:00:03.745  BINDER_CONNECTED  backend=ROOT linkToDeath ok, heartbeat sent
06-26 15:31:00.819  SESSION  app start pid=29580 device=OnePlus PKG110 api=36
06-26 15:31:01.280  BIND  backend=ROOT attempt=1
06-26 15:31:01.280  CONNECTING  backend=ROOT attempt=1
06-26 15:31:02.882  CB_ON_CONNECTED  backend=ROOT
06-26 15:31:02.882  BINDER_CONNECTED  backend=ROOT linkToDeath ok, heartbeat sent
06-27 07:00:30.244  SESSION  app start pid=24878 device=OnePlus PKG110 api=36
06-27 07:17:01.537  BIND  backend=ROOT attempt=1
06-27 07:17:01.537  CONNECTING  backend=ROOT attempt=1
06-27 07:17:03.040  CB_ON_CONNECTED  backend=ROOT
06-27 07:17:03.041  BINDER_CONNECTED  backend=ROOT linkToDeath ok, heartbeat sent
06-27 17:50:45.431  SESSION  app start pid=12430 device=OnePlus PKG110 api=36
06-27 17:50:45.643  BIND  backend=ROOT attempt=1
06-27 17:50:45.644  CONNECTING  backend=ROOT attempt=1
06-27 17:50:46.983  CB_ON_CONNECTED  backend=ROOT
06-27 17:50:46.983  BINDER_CONNECTED  backend=ROOT linkToDeath ok, heartbeat sent
06-28 07:00:01.240  SESSION  app start pid=17607 device=OnePlus PKG110 api=36
06-28 07:00:01.442  BIND  backend=ROOT attempt=1
06-28 07:00:01.443  CONNECTING  backend=ROOT attempt=1
06-28 07:00:03.049  CB_ON_CONNECTED  backend=ROOT
06-28 07:00:03.049  BINDER_CONNECTED  backend=ROOT linkToDeath ok, heartbeat sent
06-28 18:00:00.830  SESSION  app start pid=10401 device=OnePlus PKG110 api=36
06-28 18:00:01.035  BIND  backend=ROOT attempt=1
06-28 18:00:01.035  CONNECTING  backend=ROOT attempt=1
06-28 18:00:02.752  CB_ON_CONNECTED  backend=ROOT
06-28 18:00:02.752  BINDER_CONNECTED  backend=ROOT linkToDeath ok, heartbeat sent
06-28 18:37:03.142  SESSION  app start pid=32165 device=OnePlus PKG110 api=36
06-28 18:37:03.315  BIND  backend=ROOT attempt=1
06-28 18:37:03.316  CONNECTING  backend=ROOT attempt=1
06-28 18:37:04.188  CB_ON_CONNECTED  backend=ROOT
06-28 18:37:04.189  BINDER_CONNECTED  backend=ROOT linkToDeath ok, heartbeat sent
06-28 22:00:15.901  SESSION  app start pid=24212 device=OnePlus PKG110 api=36
06-28 22:00:16.160  BIND  backend=ROOT attempt=1
06-28 22:00:16.160  CONNECTING  backend=ROOT attempt=1
06-28 22:00:17.500  CB_ON_CONNECTED  backend=ROOT
06-28 22:00:17.500  BINDER_CONNECTED  backend=ROOT linkToDeath ok, heartbeat sent
06-29 07:00:01.937  SESSION  app start pid=20882 device=OnePlus PKG110 api=36
06-29 07:00:02.140  BIND  backend=ROOT attempt=1
06-29 07:00:02.140  CONNECTING  backend=ROOT attempt=1
06-29 07:00:03.916  CB_ON_CONNECTED  backend=ROOT
06-29 07:00:03.917  BINDER_CONNECTED  backend=ROOT linkToDeath ok, heartbeat sent
06-29 16:18:53.360  SESSION  app start pid=3982 device=OnePlus PKG110 api=36
06-29 16:18:53.429  BIND  backend=ROOT attempt=1
06-29 16:18:53.430  CONNECTING  backend=ROOT attempt=1
06-29 16:18:54.523  CB_ON_CONNECTED  backend=ROOT
06-29 16:18:54.523  BINDER_CONNECTED  backend=ROOT linkToDeath ok, heartbeat sent
06-29 18:00:00.667  SESSION  app start pid=21806 device=OnePlus PKG110 api=36
06-29 18:00:00.859  BIND  backend=ROOT attempt=1
06-29 18:00:00.860  CONNECTING  backend=ROOT attempt=1
06-29 18:00:02.036  CB_ON_CONNECTED  backend=ROOT
06-29 18:00:02.037  BINDER_CONNECTED  backend=ROOT linkToDeath ok, heartbeat sent
06-29 18:42:55.520  SESSION  app start pid=13592 device=OnePlus PKG110 api=36
06-29 18:42:55.689  BIND  backend=ROOT attempt=1
06-29 18:42:55.690  CONNECTING  backend=ROOT attempt=1
06-29 18:42:56.557  CB_ON_CONNECTED  backend=ROOT
06-29 18:42:56.558  BINDER_CONNECTED  backend=ROOT linkToDeath ok, heartbeat sent
06-29 18:43:26.319  SESSION  app start pid=15580 device=OnePlus PKG110 api=36
06-29 18:43:26.799  BIND  backend=ROOT attempt=1
06-29 18:43:26.800  CONNECTING  backend=ROOT attempt=1
06-29 18:43:27.448  CB_ON_CONNECTED  backend=ROOT
06-29 18:43:27.448  BINDER_CONNECTED  backend=ROOT linkToDeath ok, heartbeat sent
06-30 07:00:01.176  SESSION  app start pid=9632 device=OnePlus PKG110 api=36
06-30 07:00:01.383  BIND  backend=ROOT attempt=1
06-30 07:00:01.384  CONNECTING  backend=ROOT attempt=1
06-30 07:00:02.301  CB_ON_CONNECTED  backend=ROOT
06-30 07:00:02.301  BINDER_CONNECTED  backend=ROOT linkToDeath ok, heartbeat sent
06-30 18:00:00.654  SESSION  app start pid=21419 device=OnePlus PKG110 api=36
06-30 18:00:00.843  BIND  backend=ROOT attempt=1
06-30 18:00:00.844  CONNECTING  backend=ROOT attempt=1
06-30 18:00:02.170  CB_ON_CONNECTED  backend=ROOT
06-30 18:00:02.170  BINDER_CONNECTED  backend=ROOT linkToDeath ok, heartbeat sent
07-01 07:00:01.340  SESSION  app start pid=23720 device=OnePlus PKG110 api=36
07-01 07:00:01.557  BIND  backend=ROOT attempt=1
07-01 07:00:01.557  CONNECTING  backend=ROOT attempt=1
07-01 07:00:02.632  CB_ON_CONNECTED  backend=ROOT
07-01 07:00:02.632  BINDER_CONNECTED  backend=ROOT linkToDeath ok, heartbeat sent
07-01 18:00:00.731  SESSION  app start pid=13056 device=OnePlus PKG110 api=36
07-01 18:00:00.940  BIND  backend=ROOT attempt=1
07-01 18:00:00.941  CONNECTING  backend=ROOT attempt=1
07-01 18:00:02.113  CB_ON_CONNECTED  backend=ROOT
07-01 18:00:02.114  BINDER_CONNECTED  backend=ROOT linkToDeath ok, heartbeat sent
07-02 07:00:01.541  SESSION  app start pid=28721 device=OnePlus PKG110 api=36
07-02 07:00:01.759  BIND  backend=ROOT attempt=1
07-02 07:00:01.760  CONNECTING  backend=ROOT attempt=1
07-02 07:00:03.014  CB_ON_CONNECTED  backend=ROOT
07-02 07:00:03.014  BINDER_CONNECTED  backend=ROOT linkToDeath ok, heartbeat sent
07-02 13:57:43.977  SESSION  app start pid=27675 device=OnePlus PKG110 api=36
07-02 13:57:44.192  BIND  backend=ROOT attempt=1
07-02 13:57:44.193  CONNECTING  backend=ROOT attempt=1
07-02 13:57:45.377  CB_ON_CONNECTED  backend=ROOT
07-02 13:57:45.378  BINDER_CONNECTED  backend=ROOT linkToDeath ok, heartbeat sent
07-02 18:00:02.642  SESSION  app start pid=1523 device=OnePlus PKG110 api=36
07-02 18:00:02.842  BIND  backend=ROOT attempt=1
07-02 18:00:02.843  CONNECTING  backend=ROOT attempt=1
07-02 18:00:04.011  CB_ON_CONNECTED  backend=ROOT
07-02 18:00:04.013  BINDER_CONNECTED  backend=ROOT linkToDeath ok, heartbeat sent
07-03 01:15:38.692  SESSION  app start pid=17401 device=OnePlus PKG110 api=36
07-03 01:15:38.964  BIND  backend=ROOT attempt=1
07-03 01:15:38.965  CONNECTING  backend=ROOT attempt=1
07-03 01:15:39.931  CB_ON_CONNECTED  backend=ROOT
07-03 01:15:39.931  BINDER_CONNECTED  backend=ROOT linkToDeath ok, heartbeat sent
07-03 18:00:00.332  SESSION  app start pid=27005 device=OnePlus PKG110 api=36
07-03 18:00:00.573  BIND  backend=ROOT attempt=1
07-03 18:00:00.574  CONNECTING  backend=ROOT attempt=1
07-03 18:00:01.611  CB_ON_CONNECTED  backend=ROOT
07-03 18:00:01.612  BINDER_CONNECTED  backend=ROOT linkToDeath ok, heartbeat sent
07-04 07:00:01.497  SESSION  app start pid=6936 device=OnePlus PKG110 api=36
07-04 07:00:01.701  BIND  backend=ROOT attempt=1
07-04 07:00:01.701  CONNECTING  backend=ROOT attempt=1
07-04 07:00:03.018  CB_ON_CONNECTED  backend=ROOT
07-04 07:00:03.018  BINDER_CONNECTED  backend=ROOT linkToDeath ok, heartbeat sent
07-04 18:00:22.836  SESSION  app start pid=12965 device=OnePlus PKG110 api=36
07-04 18:00:23.002  BIND  backend=ROOT attempt=1
07-04 18:00:23.002  CONNECTING  backend=ROOT attempt=1
07-04 18:00:24.192  CB_ON_CONNECTED  backend=ROOT
07-04 18:00:24.192  BINDER_CONNECTED  backend=ROOT linkToDeath ok, heartbeat sent
07-05 07:00:01.664  SESSION  app start pid=2240 device=OnePlus PKG110 api=36
07-05 07:00:01.848  BIND  backend=ROOT attempt=1
07-05 07:00:01.849  CONNECTING  backend=ROOT attempt=1
07-05 07:00:03.281  CB_ON_CONNECTED  backend=ROOT
07-05 07:00:03.281  BINDER_CONNECTED  backend=ROOT linkToDeath ok, heartbeat sent
07-05 18:00:01.852  SESSION  app start pid=1139 device=OnePlus PKG110 api=36
07-05 18:00:02.078  BIND  backend=ROOT attempt=1
07-05 18:00:02.078  CONNECTING  backend=ROOT attempt=1
07-05 18:00:05.051  CB_ON_CONNECTED  backend=ROOT
07-05 18:00:05.052  BINDER_CONNECTED  backend=ROOT linkToDeath ok, heartbeat sent
07-06 07:00:01.884  SESSION  app start pid=26285 device=OnePlus PKG110 api=36
07-06 07:00:02.133  BIND  backend=ROOT attempt=1
07-06 07:00:02.133  CONNECTING  backend=ROOT attempt=1
07-06 07:00:03.615  CB_ON_CONNECTED  backend=ROOT
07-06 07:00:03.616  BINDER_CONNECTED  backend=ROOT linkToDeath ok, heartbeat sent
07-06 18:00:00.829  SESSION  app start pid=14260 device=OnePlus PKG110 api=36
07-06 18:00:01.041  BIND  backend=ROOT attempt=1
07-06 18:00:01.042  CONNECTING  backend=ROOT attempt=1
07-06 18:00:02.047  CB_ON_CONNECTED  backend=ROOT
07-06 18:00:02.047  BINDER_CONNECTED  backend=ROOT linkToDeath ok, heartbeat sent
07-07 07:00:01.081  SESSION  app start pid=20830 device=OnePlus PKG110 api=36
07-07 07:00:01.329  BIND  backend=ROOT attempt=1
07-07 07:00:01.329  CONNECTING  backend=ROOT attempt=1
07-07 07:00:02.482  CB_ON_CONNECTED  backend=ROOT
07-07 07:00:02.482  BINDER_CONNECTED  backend=ROOT linkToDeath ok, heartbeat sent
07-07 18:00:00.837  SESSION  app start pid=25146 device=OnePlus PKG110 api=36
07-07 18:00:01.007  BIND  backend=ROOT attempt=1
07-07 18:00:01.008  CONNECTING  backend=ROOT attempt=1
07-07 18:00:02.408  CB_ON_CONNECTED  backend=ROOT
07-07 18:00:02.409  BINDER_CONNECTED  backend=ROOT linkToDeath ok, heartbeat sent
07-07 20:46:54.288  SESSION  app start pid=20242 device=OnePlus PKG110 api=36
07-07 20:46:54.356  BIND  backend=ROOT attempt=1
07-07 20:46:54.357  CONNECTING  backend=ROOT attempt=1
07-07 20:46:54.969  CB_ON_CONNECTED  backend=ROOT
07-07 20:46:54.970  BINDER_CONNECTED  backend=ROOT linkToDeath ok, heartbeat sent
07-08 07:00:01.242  SESSION  app start pid=27381 device=OnePlus PKG110 api=36
07-08 07:00:01.506  BIND  backend=ROOT attempt=1
07-08 07:00:01.506  CONNECTING  backend=ROOT attempt=1
07-08 07:00:02.673  CB_ON_CONNECTED  backend=ROOT
07-08 07:00:02.673  BINDER_CONNECTED  backend=ROOT linkToDeath ok, heartbeat sent
07-08 18:00:00.793  SESSION  app start pid=22488 device=OnePlus PKG110 api=36
07-08 18:00:01.085  BIND  backend=ROOT attempt=1
07-08 18:00:01.086  CONNECTING  backend=ROOT attempt=1
07-08 18:00:02.178  CB_ON_CONNECTED  backend=ROOT
07-08 18:00:02.178  BINDER_CONNECTED  backend=ROOT linkToDeath ok, heartbeat sent
07-09 07:00:00.369  SESSION  app start pid=18044 device=OnePlus PKG110 api=36
07-09 07:00:00.556  BIND  backend=ROOT attempt=1
07-09 07:00:00.556  CONNECTING  backend=ROOT attempt=1
07-09 07:00:01.769  CB_ON_CONNECTED  backend=ROOT
07-09 07:00:01.769  BINDER_CONNECTED  backend=ROOT linkToDeath ok, heartbeat sent
07-09 08:45:17.708  STATE_DISCONNECTED
07-09 08:49:37.786  BIND  backend=ROOT attempt=2
07-09 08:49:37.792  CONNECTING  backend=ROOT attempt=2
07-09 08:49:38.809  CB_ON_CONNECTED  backend=ROOT
07-09 08:49:38.809  BINDER_CONNECTED  backend=ROOT linkToDeath ok, heartbeat sent
07-09 17:59:29.341  SESSION  app start pid=7562 device=OnePlus PKG110 api=36
07-09 17:59:29.586  BIND  backend=ROOT attempt=1
07-09 17:59:29.586  CONNECTING  backend=ROOT attempt=1
07-09 17:59:30.640  CB_ON_CONNECTED  backend=ROOT
07-09 17:59:30.640  BINDER_CONNECTED  backend=ROOT linkToDeath ok, heartbeat sent
07-10 07:00:00.332  SESSION  app start pid=18610 device=OnePlus PKG110 api=36
07-10 07:00:00.544  BIND  backend=ROOT attempt=1
07-10 07:00:00.544  CONNECTING  backend=ROOT attempt=1
07-10 07:00:01.740  CB_ON_CONNECTED  backend=ROOT
07-10 07:00:01.741  BINDER_CONNECTED  backend=ROOT linkToDeath ok, heartbeat sent
07-10 18:00:01.799  SESSION  app start pid=21294 device=OnePlus PKG110 api=36
07-10 18:00:02.027  BIND  backend=ROOT attempt=1
07-10 18:00:02.028  CONNECTING  backend=ROOT attempt=1
07-10 18:00:03.015  CB_ON_CONNECTED  backend=ROOT
07-10 18:00:03.015  BINDER_CONNECTED  backend=ROOT linkToDeath ok, heartbeat sent
07-11 07:00:01.897  SESSION  app start pid=25480 device=OnePlus PKG110 api=36
07-11 07:00:02.127  BIND  backend=ROOT attempt=1
07-11 07:00:02.128  CONNECTING  backend=ROOT attempt=1
07-11 07:00:03.467  CB_ON_CONNECTED  backend=ROOT
07-11 07:00:03.468  BINDER_CONNECTED  backend=ROOT linkToDeath ok, heartbeat sent
07-11 18:00:00.854  SESSION  app start pid=4571 device=OnePlus PKG110 api=36
07-11 18:00:01.077  BIND  backend=ROOT attempt=1
07-11 18:00:01.077  CONNECTING  backend=ROOT attempt=1
07-11 18:00:02.634  CB_ON_CONNECTED  backend=ROOT
07-11 18:00:02.634  BINDER_CONNECTED  backend=ROOT linkToDeath ok, heartbeat sent
07-12 07:00:02.096  SESSION  app start pid=31192 device=OnePlus PKG110 api=36
07-12 07:00:02.288  BIND  backend=ROOT attempt=1
07-12 07:00:02.288  CONNECTING  backend=ROOT attempt=1
07-12 07:00:03.672  CB_ON_CONNECTED  backend=ROOT
07-12 07:00:03.673  BINDER_CONNECTED  backend=ROOT linkToDeath ok, heartbeat sent
07-12 18:00:02.198  SESSION  app start pid=25011 device=OnePlus PKG110 api=36
07-12 18:00:02.423  BIND  backend=ROOT attempt=1
07-12 18:00:02.424  CONNECTING  backend=ROOT attempt=1
07-12 18:00:03.720  CB_ON_CONNECTED  backend=ROOT
07-12 18:00:03.720  BINDER_CONNECTED  backend=ROOT linkToDeath ok, heartbeat sent
07-13 07:00:01.218  SESSION  app start pid=5074 device=OnePlus PKG110 api=36
07-13 07:00:01.442  BIND  backend=ROOT attempt=1
07-13 07:00:01.443  CONNECTING  backend=ROOT attempt=1
07-13 07:00:02.824  CB_ON_CONNECTED  backend=ROOT
07-13 07:00:02.824  BINDER_CONNECTED  backend=ROOT linkToDeath ok, heartbeat sent
07-13 18:00:01.212  SESSION  app start pid=16289 device=OnePlus PKG110 api=36
07-13 18:00:01.792  BIND  backend=ROOT attempt=1
07-13 18:00:01.797  CONNECTING  backend=ROOT attempt=1
07-13 18:00:02.773  CB_ON_CONNECTED  backend=ROOT
07-13 18:00:02.774  BINDER_CONNECTED  backend=ROOT linkToDeath ok, heartbeat sent
07-14 07:00:01.453  SESSION  app start pid=18574 device=OnePlus PKG110 api=36
07-14 07:00:01.660  BIND  backend=ROOT attempt=1
07-14 07:00:01.660  CONNECTING  backend=ROOT attempt=1
07-14 07:00:03.033  CB_ON_CONNECTED  backend=ROOT
07-14 07:00:03.033  BINDER_CONNECTED  backend=ROOT linkToDeath ok, heartbeat sent
07-14 13:51:21.591  SESSION  app start pid=27712 device=OnePlus PKG110 api=36
07-14 13:51:21.783  BIND  backend=ROOT attempt=1
07-14 13:51:21.784  CONNECTING  backend=ROOT attempt=1
07-14 13:51:22.772  CB_ON_CONNECTED  backend=ROOT
07-14 13:51:22.772  BINDER_CONNECTED  backend=ROOT linkToDeath ok, heartbeat sent
07-14 13:51:54.586  SESSION  app start pid=30170 device=OnePlus PKG110 api=36
07-14 13:51:54.973  BIND  backend=ROOT attempt=1
07-14 13:51:54.974  CONNECTING  backend=ROOT attempt=1
07-14 13:51:55.729  CB_ON_CONNECTED  backend=ROOT
07-14 13:51:55.730  BINDER_CONNECTED  backend=ROOT linkToDeath ok, heartbeat sent
07-14 18:00:44.397  SESSION  app start pid=24875 device=OnePlus PKG110 api=36
07-14 18:00:54.596  BIND  backend=ROOT attempt=1
07-14 18:00:54.596  CONNECTING  backend=ROOT attempt=1
07-14 18:00:55.693  CB_ON_CONNECTED  backend=ROOT
07-14 18:00:55.694  BINDER_CONNECTED  backend=ROOT linkToDeath ok, heartbeat sent
07-15 07:00:01.672  SESSION  app start pid=24522 device=OnePlus PKG110 api=36
07-15 07:00:02.149  BIND  backend=ROOT attempt=1
07-15 07:00:02.150  CONNECTING  backend=ROOT attempt=1
07-15 07:00:03.737  CB_ON_CONNECTED  backend=ROOT
07-15 07:00:03.738  BINDER_CONNECTED  backend=ROOT linkToDeath ok, heartbeat sent
07-15 18:00:00.878  SESSION  app start pid=7694 device=OnePlus PKG110 api=36
07-15 18:00:01.186  BIND  backend=ROOT attempt=1
07-15 18:00:01.186  CONNECTING  backend=ROOT attempt=1
07-15 18:00:02.377  CB_ON_CONNECTED  backend=ROOT
07-15 18:00:02.378  BINDER_CONNECTED  backend=ROOT linkToDeath ok, heartbeat sent
07-16 07:00:02.209  SESSION  app start pid=13116 device=OnePlus PKG110 api=36
07-16 07:00:02.450  BIND  backend=ROOT attempt=1
07-16 07:00:02.450  CONNECTING  backend=ROOT attempt=1
07-16 07:00:03.820  CB_ON_CONNECTED  backend=ROOT
07-16 07:00:03.820  BINDER_CONNECTED  backend=ROOT linkToDeath ok, heartbeat sent
07-16 18:00:00.789  SESSION  app start pid=6250 device=OnePlus PKG110 api=36
07-16 18:00:01.070  BIND  backend=ROOT attempt=1
07-16 18:00:01.070  CONNECTING  backend=ROOT attempt=1
07-16 18:00:02.383  CB_ON_CONNECTED  backend=ROOT
07-16 18:00:02.384  BINDER_CONNECTED  backend=ROOT linkToDeath ok, heartbeat sent
07-17 07:00:02.440  SESSION  app start pid=32016 device=OnePlus PKG110 api=36
07-17 07:00:02.640  BIND  backend=ROOT attempt=1
07-17 07:00:02.640  CONNECTING  backend=ROOT attempt=1
07-17 07:00:18.978  CB_ON_CONNECTED  backend=ROOT
07-17 07:00:18.978  BINDER_CONNECTED  backend=ROOT linkToDeath ok, heartbeat sent
07-17 18:00:00.978  SESSION  app start pid=17141 device=OnePlus PKG110 api=36
07-17 18:00:01.176  BIND  backend=ROOT attempt=1
07-17 18:00:01.176  CONNECTING  backend=ROOT attempt=1
07-17 18:00:02.349  CB_ON_CONNECTED  backend=ROOT
07-17 18:00:02.349  BINDER_CONNECTED  backend=ROOT linkToDeath ok, heartbeat sent
07-18 07:00:01.287  SESSION  app start pid=25355 device=OnePlus PKG110 api=36
07-18 07:00:01.507  BIND  backend=ROOT attempt=1
07-18 07:00:01.507  CONNECTING  backend=ROOT attempt=1
07-18 07:00:02.757  CB_ON_CONNECTED  backend=ROOT
07-18 07:00:02.758  BINDER_CONNECTED  backend=ROOT linkToDeath ok, heartbeat sent
07-18 17:49:23.954  SESSION  app start pid=31983 device=OnePlus PKG110 api=36
07-18 17:49:24.040  BIND  backend=ROOT attempt=1
07-18 17:49:24.040  CONNECTING  backend=ROOT attempt=1
07-18 17:49:24.721  CB_ON_CONNECTED  backend=ROOT
07-18 17:49:24.721  BINDER_CONNECTED  backend=ROOT linkToDeath ok, heartbeat sent
07-19 07:00:01.514  SESSION  app start pid=21632 device=OnePlus PKG110 api=36
07-19 07:00:01.751  BIND  backend=ROOT attempt=1
07-19 07:00:01.752  CONNECTING  backend=ROOT attempt=1
07-19 07:00:03.175  CB_ON_CONNECTED  backend=ROOT
07-19 07:00:03.175  BINDER_CONNECTED  backend=ROOT linkToDeath ok, heartbeat sent
07-19 18:00:00.861  SESSION  app start pid=15728 device=OnePlus PKG110 api=36
07-19 18:00:01.083  BIND  backend=ROOT attempt=1
07-19 18:00:01.083  CONNECTING  backend=ROOT attempt=1
07-19 18:00:02.192  CB_ON_CONNECTED  backend=ROOT
07-19 18:00:02.193  BINDER_CONNECTED  backend=ROOT linkToDeath ok, heartbeat sent
07-19 18:29:20.330  SESSION  app start pid=26976 device=OnePlus PKG110 api=36
07-19 18:29:20.791  BIND  backend=ROOT attempt=1
07-19 18:29:20.792  CONNECTING  backend=ROOT attempt=1
07-19 18:29:21.963  CB_ON_CONNECTED  backend=ROOT
07-19 18:29:21.963  BINDER_CONNECTED  backend=ROOT linkToDeath ok, heartbeat sent
07-20 07:00:01.650  SESSION  app start pid=23936 device=OnePlus PKG110 api=36
07-20 07:00:01.986  BIND  backend=ROOT attempt=1
07-20 07:00:01.986  CONNECTING  backend=ROOT attempt=1
07-20 07:00:03.250  CB_ON_CONNECTED  backend=ROOT
07-20 07:00:03.251  BINDER_CONNECTED  backend=ROOT linkToDeath ok, heartbeat sent
07-20 18:00:00.818  SESSION  app start pid=6392 device=OnePlus PKG110 api=36
07-20 18:00:01.150  BIND  backend=ROOT attempt=1
07-20 18:00:01.151  CONNECTING  backend=ROOT attempt=1
07-20 18:00:02.231  CB_ON_CONNECTED  backend=ROOT
07-20 18:00:02.232  BINDER_CONNECTED  backend=ROOT linkToDeath ok, heartbeat sent
07-21 00:17:50.303  SESSION  app start pid=5628 device=OnePlus PKG110 api=36
07-21 00:17:50.668  BIND  backend=ROOT attempt=1
07-21 00:17:50.669  CONNECTING  backend=ROOT attempt=1
07-21 00:17:52.016  CB_ON_CONNECTED  backend=ROOT
07-21 00:17:52.016  BINDER_CONNECTED  backend=ROOT linkToDeath ok, heartbeat sent
07-21 07:00:00.789  SESSION  app start pid=22329 device=OnePlus PKG110 api=36
07-21 07:00:00.996  BIND  backend=ROOT attempt=1
07-21 07:00:00.997  CONNECTING  backend=ROOT attempt=1
07-21 07:00:02.487  CB_ON_CONNECTED  backend=ROOT
07-21 07:00:02.489  BINDER_CONNECTED  backend=ROOT linkToDeath ok, heartbeat sent
07-21 18:00:00.906  SESSION  app start pid=7029 device=OnePlus PKG110 api=36
07-21 18:00:01.054  BIND  backend=ROOT attempt=1
07-21 18:00:01.054  CONNECTING  backend=ROOT attempt=1
07-21 18:00:01.945  CB_ON_CONNECTED  backend=ROOT
07-21 18:00:01.946  BINDER_CONNECTED  backend=ROOT linkToDeath ok, heartbeat sent
07-22 07:00:02.058  SESSION  app start pid=32105 device=OnePlus PKG110 api=36
07-22 07:00:02.246  BIND  backend=ROOT attempt=1
07-22 07:00:02.246  CONNECTING  backend=ROOT attempt=1
07-22 07:00:03.706  CB_ON_CONNECTED  backend=ROOT
07-22 07:00:03.707  BINDER_CONNECTED  backend=ROOT linkToDeath ok, heartbeat sent
07-22 18:00:01.537  SESSION  app start pid=5368 device=OnePlus PKG110 api=36
07-22 18:00:01.786  BIND  backend=ROOT attempt=1
07-22 18:00:01.787  CONNECTING  backend=ROOT attempt=1
07-22 18:00:03.216  CB_ON_CONNECTED  backend=ROOT
07-22 18:00:03.216  BINDER_CONNECTED  backend=ROOT linkToDeath ok, heartbeat sent
07-22 19:20:20.353  SESSION  app start pid=28551 device=OnePlus PKG110 api=36
07-22 19:20:20.568  BIND  backend=ROOT attempt=1
07-22 19:20:20.569  CONNECTING  backend=ROOT attempt=1
07-22 19:20:21.675  CB_ON_CONNECTED  backend=ROOT
07-22 19:20:21.675  BINDER_CONNECTED  backend=ROOT linkToDeath ok, heartbeat sent
07-22 23:48:49.843  SESSION  app start pid=17660 device=OnePlus PKG110 api=36
07-22 23:48:49.918  BIND  backend=ROOT attempt=1
07-22 23:48:49.918  CONNECTING  backend=ROOT attempt=1
07-22 23:48:50.603  CB_ON_CONNECTED  backend=ROOT
07-22 23:48:50.603  BINDER_CONNECTED  backend=ROOT linkToDeath ok, heartbeat sent
07-22 23:53:31.590  CB_ON_DISCONNECTED  backend=ROOT
07-22 23:53:31.599  STATE_DISCONNECTED
07-22 23:53:31.601  BINDER_DIED  intentional=false
07-22 23:53:31.602  STATE_DIED
07-22 23:54:36.688  SESSION  app start pid=17179 device=OnePlus PKG110 api=36
07-22 23:54:36.845  BIND  backend=ROOT attempt=1
07-22 23:54:36.845  CONNECTING  backend=ROOT attempt=1
07-22 23:54:37.435  CB_ON_CONNECTED  backend=ROOT
07-22 23:54:37.436  BINDER_CONNECTED  backend=ROOT linkToDeath ok, heartbeat sent
07-23 07:00:01.129  SESSION  app start pid=22782 device=OnePlus PKG110 api=36
07-23 07:00:01.329  BIND  backend=ROOT attempt=1
07-23 07:00:01.329  CONNECTING  backend=ROOT attempt=1
07-23 07:00:02.512  CB_ON_CONNECTED  backend=ROOT
07-23 07:00:02.513  BINDER_CONNECTED  backend=ROOT linkToDeath ok, heartbeat sent
07-23 18:00:02.214  SESSION  app start pid=17846 device=OnePlus PKG110 api=36
07-23 18:00:02.415  BIND  backend=ROOT attempt=1
07-23 18:00:02.415  CONNECTING  backend=ROOT attempt=1
07-23 18:00:03.652  CB_ON_CONNECTED  backend=ROOT
07-23 18:00:03.653  BINDER_CONNECTED  backend=ROOT linkToDeath ok, heartbeat sent
07-24 07:00:01.325  SESSION  app start pid=31983 device=OnePlus PKG110 api=36
07-24 07:00:01.516  BIND  backend=ROOT attempt=1
07-24 07:00:01.516  CONNECTING  backend=ROOT attempt=1
07-24 07:00:02.553  CB_ON_CONNECTED  backend=ROOT
07-24 07:00:02.553  BINDER_CONNECTED  backend=ROOT linkToDeath ok, heartbeat sent
07-24 18:00:00.917  SESSION  app start pid=31341 device=OnePlus PKG110 api=36
07-24 18:00:01.121  BIND  backend=ROOT attempt=1
07-24 18:00:01.122  CONNECTING  backend=ROOT attempt=1
07-24 18:00:02.117  CB_ON_CONNECTED  backend=ROOT
07-24 18:00:02.117  BINDER_CONNECTED  backend=ROOT linkToDeath ok, heartbeat sent
07-25 07:00:02.914  SESSION  app start pid=2366 device=OnePlus PKG110 api=36
07-25 07:01:02.314  BIND  backend=ROOT attempt=1
07-25 07:01:02.314  CONNECTING  backend=ROOT attempt=1
07-25 07:01:03.483  CB_ON_CONNECTED  backend=ROOT
07-25 07:01:03.484  BINDER_CONNECTED  backend=ROOT linkToDeath ok, heartbeat sent
07-25 18:00:00.723  SESSION  app start pid=25802 device=OnePlus PKG110 api=36
07-25 18:00:00.920  BIND  backend=ROOT attempt=1
07-25 18:00:00.921  CONNECTING  backend=ROOT attempt=1
07-25 18:00:01.878  CB_ON_CONNECTED  backend=ROOT
07-25 18:00:01.878  BINDER_CONNECTED  backend=ROOT linkToDeath ok, heartbeat sent
07-26 07:00:00.294  SESSION  app start pid=25474 device=OnePlus PKG110 api=36
07-26 07:00:00.569  BIND  backend=ROOT attempt=1
07-26 07:00:00.570  CONNECTING  backend=ROOT attempt=1
07-26 07:00:01.651  CB_ON_CONNECTED  backend=ROOT
07-26 07:00:01.652  BINDER_CONNECTED  backend=ROOT linkToDeath ok, heartbeat sent
07-26 18:00:00.817  SESSION  app start pid=3751 device=OnePlus PKG110 api=36
07-26 18:00:01.016  BIND  backend=ROOT attempt=1
07-26 18:00:01.016  CONNECTING  backend=ROOT attempt=1
07-26 18:00:02.065  CB_ON_CONNECTED  backend=ROOT
07-26 18:00:02.065  BINDER_CONNECTED  backend=ROOT linkToDeath ok, heartbeat sent
07-27 01:24:43.076  SESSION  app start pid=26746 device=OnePlus PKG110 api=36
07-27 01:24:43.181  BIND  backend=ROOT attempt=1
07-27 01:24:43.181  CONNECTING  backend=ROOT attempt=1
07-27 01:24:43.874  CB_ON_CONNECTED  backend=ROOT
07-27 01:24:43.875  BINDER_CONNECTED  backend=ROOT linkToDeath ok, heartbeat sent
07-27 02:06:22.342  SESSION  app start pid=15942 device=OnePlus PKG110 api=36
07-27 02:06:22.472  BIND  backend=ROOT attempt=1
07-27 02:06:22.472  CONNECTING  backend=ROOT attempt=1
07-27 02:06:23.268  CB_ON_CONNECTED  backend=ROOT
07-27 02:06:23.268  BINDER_CONNECTED  backend=ROOT linkToDeath ok, heartbeat sent
07-27 07:00:02.009  SESSION  app start pid=25438 device=OnePlus PKG110 api=36
07-27 07:00:02.211  BIND  backend=ROOT attempt=1
07-27 07:00:02.212  CONNECTING  backend=ROOT attempt=1
07-27 07:00:03.302  CB_ON_CONNECTED  backend=ROOT
07-27 07:00:03.302  BINDER_CONNECTED  backend=ROOT linkToDeath ok, heartbeat sent
07-27 18:00:00.678  SESSION  app start pid=18157 device=OnePlus PKG110 api=36
07-27 18:00:00.873  BIND  backend=ROOT attempt=1
07-27 18:00:00.875  CONNECTING  backend=ROOT attempt=1
07-27 18:00:01.961  CB_ON_CONNECTED  backend=ROOT
07-27 18:00:01.962  BINDER_CONNECTED  backend=ROOT linkToDeath ok, heartbeat sent
07-28 01:14:40.530  SESSION  app start pid=26076 device=OnePlus PKG110 api=36
07-28 01:14:40.632  BIND  backend=ROOT attempt=1
07-28 01:14:40.632  CONNECTING  backend=ROOT attempt=1
07-28 01:14:41.160  CB_ON_CONNECTED  backend=ROOT
07-28 01:14:41.161  BINDER_CONNECTED  backend=ROOT linkToDeath ok, heartbeat sent
07-28 07:00:01.146  SESSION  app start pid=11471 device=OnePlus PKG110 api=36
07-28 07:00:01.411  BIND  backend=ROOT attempt=1
07-28 07:00:01.412  CONNECTING  backend=ROOT attempt=1
07-28 07:00:02.806  CB_ON_CONNECTED  backend=ROOT
07-28 07:00:02.806  BINDER_CONNECTED  backend=ROOT linkToDeath ok, heartbeat sent
07-28 18:00:00.668  SESSION  app start pid=12875 device=OnePlus PKG110 api=36
07-28 18:00:00.903  BIND  backend=ROOT attempt=1
07-28 18:00:00.903  CONNECTING  backend=ROOT attempt=1
07-28 18:00:01.795  CB_ON_CONNECTED  backend=ROOT
07-28 18:00:01.795  BINDER_CONNECTED  backend=ROOT linkToDeath ok, heartbeat sent
07-29 01:30:05.582  SESSION  app start pid=7781 device=OnePlus PKG110 api=36
07-29 01:30:05.646  BIND  backend=ROOT attempt=1
07-29 01:30:05.646  CONNECTING  backend=ROOT attempt=1
07-29 01:30:06.123  CB_ON_CONNECTED  backend=ROOT
07-29 01:30:06.123  BINDER_CONNECTED  backend=ROOT linkToDeath ok, heartbeat sent
07-29 18:00:00.756  SESSION  app start pid=11975 device=OnePlus PKG110 api=36
07-29 18:00:00.971  BIND  backend=ROOT attempt=1
07-29 18:00:00.972  CONNECTING  backend=ROOT attempt=1
07-29 18:00:02.168  CB_ON_CONNECTED  backend=ROOT
07-29 18:00:02.170  BINDER_CONNECTED  backend=ROOT linkToDeath ok, heartbeat sent
07-30 07:00:01.452  SESSION  app start pid=892 device=OnePlus PKG110 api=36
07-30 07:00:01.689  BIND  backend=ROOT attempt=1
07-30 07:00:01.690  CONNECTING  backend=ROOT attempt=1
07-30 07:00:02.887  CB_ON_CONNECTED  backend=ROOT
07-30 07:00:02.888  BINDER_CONNECTED  backend=ROOT linkToDeath ok, heartbeat sent
07-30 18:00:00.862  SESSION  app start pid=20785 device=OnePlus PKG110 api=36
07-30 18:00:01.100  BIND  backend=ROOT attempt=1
07-30 18:00:01.101  CONNECTING  backend=ROOT attempt=1
07-30 18:00:02.216  CB_ON_CONNECTED  backend=ROOT
07-30 18:00:02.216  BINDER_CONNECTED  backend=ROOT linkToDeath ok, heartbeat sent
07-31 07:00:01.601  SESSION  app start pid=30354 device=OnePlus PKG110 api=36
07-31 07:00:01.832  BIND  backend=ROOT attempt=1
07-31 07:00:01.833  CONNECTING  backend=ROOT attempt=1
07-31 07:00:03.063  CB_ON_CONNECTED  backend=ROOT
07-31 07:00:03.065  BINDER_CONNECTED  backend=ROOT linkToDeath ok, heartbeat sent
07-31 14:32:54.711  SESSION  app start pid=16362 device=OnePlus PKG110 api=36
07-31 18:00:02.192  SESSION  app start pid=14572 device=OnePlus PKG110 api=36
07-31 18:06:55.277  SESSION  app start pid=19666 device=OnePlus PKG110 api=36
07-31 18:13:36.413  SESSION  app start pid=15836 device=OnePlus PKG110 api=36
07-31 18:13:36.693  BIND  backend=ROOT attempt=1
07-31 18:13:36.694  CONNECTING  backend=ROOT attempt=1
07-31 18:13:37.686  CB_ON_CONNECTED  backend=ROOT
07-31 18:13:37.686  BINDER_CONNECTED  backend=ROOT linkToDeath ok
07-31 18:23:12.913  SESSION  app start pid=27026 device=OnePlus PKG110 api=36
07-31 18:23:13.307  BIND  backend=ROOT attempt=1
07-31 18:23:13.307  CONNECTING  backend=ROOT attempt=1
07-31 18:23:14.125  CB_ON_CONNECTED  backend=ROOT
07-31 18:23:14.125  BINDER_CONNECTED  backend=ROOT linkToDeath ok
07-31 18:51:47.649  SESSION  app start pid=25999 device=OnePlus PKG110 api=36
07-31 18:51:47.753  BIND  backend=ROOT attempt=1
07-31 18:51:47.753  CONNECTING  backend=ROOT attempt=1
07-31 18:51:48.423  CB_ON_CONNECTED  backend=ROOT
07-31 18:51:48.425  BINDER_CONNECTED  backend=ROOT linkToDeath ok
07-31 18:56:46.159  CB_ON_DISCONNECTED  backend=ROOT
07-31 18:56:46.159  STATE_DIED
07-31 18:56:46.160  BINDER_DIED_STALE
08-01 07:00:00.675  SESSION  app start pid=10468 device=OnePlus PKG110 api=36
08-01 07:00:01.093  BIND  backend=ROOT attempt=1
08-01 07:00:01.094  CONNECTING  backend=ROOT attempt=1
08-01 07:00:01.979  CB_ON_CONNECTED  backend=ROOT
08-01 07:00:01.980  BINDER_CONNECTED  backend=ROOT linkToDeath ok
08-01 08:39:50.595  SESSION  app start pid=19015 device=OnePlus PKG110 api=36
08-01 08:39:50.864  BIND  backend=ROOT attempt=1
08-01 08:39:50.865  CONNECTING  backend=ROOT attempt=1
08-01 08:39:51.930  CB_ON_CONNECTED  backend=ROOT
08-01 08:39:51.930  BINDER_CONNECTED  backend=ROOT linkToDeath ok
08-01 12:33:36.919  SESSION  app start pid=10521 device=OnePlus PKG110 api=36
08-01 12:33:36.976  BIND  backend=ROOT attempt=1
08-01 12:33:36.977  CONNECTING  backend=ROOT attempt=1
08-01 12:33:37.545  CB_ON_CONNECTED  backend=ROOT
08-01 12:33:37.548  BINDER_CONNECTED  backend=ROOT linkToDeath ok
08-01 13:44:34.707  SESSION  app start pid=16922 device=OnePlus PKG110 api=36
08-01 13:44:34.985  BIND  backend=ROOT attempt=1
08-01 13:44:34.987  CONNECTING  backend=ROOT attempt=1
08-01 13:44:35.728  CB_ON_CONNECTED  backend=ROOT
08-01 13:44:35.728  BINDER_CONNECTED  backend=ROOT linkToDeath ok
08-01 15:43:44.446  SESSION  app start pid=18693 device=OnePlus PKG110 api=36
08-01 15:43:44.816  BIND  backend=ROOT attempt=1
08-01 15:43:44.816  CONNECTING  backend=ROOT attempt=1
08-01 15:43:45.522  CB_ON_CONNECTED  backend=ROOT
08-01 15:43:45.522  BINDER_CONNECTED  backend=ROOT linkToDeath ok
08-01 18:00:00.376  SESSION  app start pid=3332 device=OnePlus PKG110 api=36
08-01 18:00:00.744  BIND  backend=ROOT attempt=1
08-01 18:00:00.745  CONNECTING  backend=ROOT attempt=1
08-01 18:00:01.986  CB_ON_CONNECTED  backend=ROOT
08-01 18:00:01.987  BINDER_CONNECTED  backend=ROOT linkToDeath ok
08-01 18:20:02.368  SESSION  app start pid=29740 device=OnePlus PKG110 api=36
08-01 18:20:02.594  BIND  backend=ROOT attempt=1
08-01 18:20:02.595  CONNECTING  backend=ROOT attempt=1
08-01 18:20:03.136  CB_ON_CONNECTED  backend=ROOT
08-01 18:20:03.136  BINDER_CONNECTED  backend=ROOT linkToDeath ok
08-01 18:21:37.941  SESSION  app start pid=1609 device=OnePlus PKG110 api=36
08-01 18:21:38.172  BIND  backend=ROOT attempt=1
08-01 18:21:38.173  CONNECTING  backend=ROOT attempt=1
08-01 18:21:38.659  CB_ON_CONNECTED  backend=ROOT
08-01 18:21:38.660  BINDER_CONNECTED  backend=ROOT linkToDeath ok
08-01 18:56:10.963  CB_ON_DISCONNECTED  backend=ROOT
08-01 18:56:10.965  STATE_DIED
08-01 18:56:10.967  BINDER_DIED_STALE
08-01 19:13:30.679  SESSION  app start pid=9796 device=OnePlus PKG110 api=36
08-01 19:13:30.932  BIND  backend=ROOT attempt=1
08-01 19:13:30.933  CONNECTING  backend=ROOT attempt=1
08-01 19:13:31.905  CB_ON_CONNECTED  backend=ROOT
08-01 19:13:31.905  BINDER_CONNECTED  backend=ROOT linkToDeath ok
08-02 02:29:31.046  SESSION  app start pid=11694 device=OnePlus PKG110 api=36
08-02 02:29:31.383  BIND  backend=ROOT attempt=1
08-02 02:29:31.384  CONNECTING  backend=ROOT attempt=1
08-02 02:29:32.103  CB_ON_CONNECTED  backend=ROOT
08-02 02:29:32.103  BINDER_CONNECTED  backend=ROOT linkToDeath ok
08-02 02:30:17.631  SESSION  app start pid=15449 device=OnePlus PKG110 api=36
08-02 02:30:17.846  BIND  backend=ROOT attempt=1
08-02 02:30:17.846  CONNECTING  backend=ROOT attempt=1
08-02 02:30:18.373  CB_ON_CONNECTED  backend=ROOT
08-02 02:30:18.374  BINDER_CONNECTED  backend=ROOT linkToDeath ok
08-02 07:00:01.832  SESSION  app start pid=18799 device=OnePlus PKG110 api=36
08-02 07:00:02.192  BIND  backend=ROOT attempt=1
08-02 07:00:02.193  CONNECTING  backend=ROOT attempt=1
08-02 07:00:03.119  CB_ON_CONNECTED  backend=ROOT
08-02 07:00:03.120  BINDER_CONNECTED  backend=ROOT linkToDeath ok
08-02 12:43:26.551  SESSION  app start pid=22541 device=OnePlus PKG110 api=36
08-02 12:43:26.815  BIND  backend=ROOT attempt=1
08-02 12:43:26.816  CONNECTING  backend=ROOT attempt=1
08-02 12:43:27.576  CB_ON_CONNECTED  backend=ROOT
08-02 12:43:27.576  BINDER_CONNECTED  backend=ROOT linkToDeath ok
08-02 14:59:36.727  SESSION  app start pid=23364 device=OnePlus PKG110 api=36
08-02 14:59:36.806  BIND  backend=ROOT attempt=1
08-02 14:59:36.806  CONNECTING  backend=ROOT attempt=1
08-02 14:59:37.252  CB_ON_CONNECTED  backend=ROOT
08-02 14:59:37.254  BINDER_CONNECTED  backend=ROOT linkToDeath ok
08-02 15:02:09.760  CB_ON_DISCONNECTED  backend=ROOT
08-02 15:02:09.763  STATE_DIED
08-02 16:22:36.264  SESSION  app start pid=19097 device=OnePlus PKG110 api=36
08-02 16:22:36.368  BIND  backend=ROOT attempt=1
08-02 16:22:36.369  CONNECTING  backend=ROOT attempt=1
08-02 16:22:36.972  CB_ON_CONNECTED  backend=ROOT
08-02 16:22:36.973  BINDER_CONNECTED  backend=ROOT linkToDeath ok
08-02 16:25:44.188  CB_ON_DISCONNECTED  backend=ROOT
08-02 16:25:44.192  STATE_DIED
08-02 16:25:44.197  BINDER_DIED_STALE
08-02 16:33:32.688  SESSION  app start pid=18447 device=OnePlus PKG110 api=36
08-02 16:33:32.766  BIND  backend=ROOT attempt=1
08-02 16:33:32.766  CONNECTING  backend=ROOT attempt=1
08-02 16:33:33.279  CB_ON_CONNECTED  backend=ROOT
08-02 16:33:33.280  BINDER_CONNECTED  backend=ROOT linkToDeath ok
08-02 16:35:50.691  CB_ON_DISCONNECTED  backend=ROOT
08-02 16:35:50.692  STATE_DIED
08-02 16:35:50.692  BINDER_DIED_STALE
08-02 16:37:30.679  SESSION  app start pid=19823 device=OnePlus PKG110 api=36
08-02 16:37:30.739  BIND  backend=ROOT attempt=1
08-02 16:37:30.739  CONNECTING  backend=ROOT attempt=1
08-02 16:37:31.279  CB_ON_CONNECTED  backend=ROOT
08-02 16:37:31.279  BINDER_CONNECTED  backend=ROOT linkToDeath ok
08-02 16:55:09.924  SESSION  app start pid=24800 device=OnePlus PKG110 api=36
08-02 16:55:09.992  BIND  backend=ROOT attempt=1
08-02 16:55:09.992  CONNECTING  backend=ROOT attempt=1
08-02 16:55:10.515  CB_ON_CONNECTED  backend=ROOT
08-02 16:55:10.516  BINDER_CONNECTED  backend=ROOT linkToDeath ok
08-02 17:05:01.106  SESSION  app start pid=12785 device=OnePlus PKG110 api=36
08-02 17:05:01.463  BIND  backend=ROOT attempt=1
08-02 17:05:01.463  CONNECTING  backend=ROOT attempt=1
08-02 17:05:02.512  CB_ON_CONNECTED  backend=ROOT
08-02 17:05:02.513  BINDER_CONNECTED  backend=ROOT linkToDeath ok
08-02 17:53:14.426  SESSION  app start pid=25394 device=OnePlus PKG110 api=36
08-02 17:53:14.519  BIND  backend=ROOT attempt=1
08-02 17:53:14.520  CONNECTING  backend=ROOT attempt=1
08-02 17:53:15.177  CB_ON_CONNECTED  backend=ROOT
08-02 17:53:15.180  BINDER_CONNECTED  backend=ROOT linkToDeath ok
08-02 18:06:01.412  SESSION  app start pid=16643 device=OnePlus PKG110 api=36
08-02 18:06:01.575  BIND  backend=ROOT attempt=1
08-02 18:06:01.576  CONNECTING  backend=ROOT attempt=1
08-02 18:06:02.095  CB_ON_CONNECTED  backend=ROOT
08-02 18:06:02.096  BINDER_CONNECTED  backend=ROOT linkToDeath ok
08-02 19:00:56.468  SESSION  app start pid=15693 device=OnePlus PKG110 api=36
08-02 19:00:56.732  BIND  backend=ROOT attempt=1
08-02 19:00:56.733  CONNECTING  backend=ROOT attempt=1
08-02 19:00:57.688  CB_ON_CONNECTED  backend=ROOT
08-02 19:00:57.692  BINDER_CONNECTED  backend=ROOT linkToDeath ok
08-03 07:00:01.816  SESSION  app start pid=22190 device=OnePlus PKG110 api=36
08-03 07:00:02.385  BIND  backend=ROOT attempt=1
08-03 07:00:02.386  CONNECTING  backend=ROOT attempt=1
08-03 07:00:03.672  CB_ON_CONNECTED  backend=ROOT
08-03 07:00:03.673  BINDER_CONNECTED  backend=ROOT linkToDeath ok
08-03 18:00:00.658  SESSION  app start pid=29682 device=OnePlus PKG110 api=36
08-03 18:00:00.884  BIND  backend=ROOT attempt=1
08-03 18:00:00.885  CONNECTING  backend=ROOT attempt=1
08-03 18:00:01.873  CB_ON_CONNECTED  backend=ROOT
08-03 18:00:01.874  BINDER_CONNECTED  backend=ROOT linkToDeath ok
08-04 02:04:00.242  SESSION  app start pid=8742 device=OnePlus PKG110 api=36
08-04 02:04:00.309  BIND  backend=ROOT attempt=1
08-04 02:04:00.309  CONNECTING  backend=ROOT attempt=1
08-04 02:04:00.925  CB_ON_CONNECTED  backend=ROOT
08-04 02:04:00.925  BINDER_CONNECTED  backend=ROOT linkToDeath ok
08-04 02:30:27.103  SESSION  app start pid=32710 device=OnePlus PKG110 api=36
08-04 02:30:27.451  BIND  backend=ROOT attempt=1
08-04 02:30:27.451  CONNECTING  backend=ROOT attempt=1
08-04 02:30:28.381  CB_ON_CONNECTED  backend=ROOT
08-04 02:30:28.381  BINDER_CONNECTED  backend=ROOT linkToDeath ok
08-04 02:31:08.076  SESSION  app start pid=3389 device=OnePlus PKG110 api=36
08-04 02:31:08.415  BIND  backend=ROOT attempt=1
08-04 02:31:08.416  CONNECTING  backend=ROOT attempt=1
08-04 02:31:08.933  CB_ON_CONNECTED  backend=ROOT
08-04 02:31:08.934  BINDER_CONNECTED  backend=ROOT linkToDeath ok
08-04 03:01:13.918  SESSION  app start pid=25665 device=OnePlus PKG110 api=36
08-04 03:01:14.003  BIND  backend=ROOT attempt=1
08-04 03:01:14.003  CONNECTING  backend=ROOT attempt=1
08-04 03:01:14.896  CB_ON_CONNECTED  backend=ROOT
08-04 03:01:14.898  BINDER_CONNECTED  backend=ROOT linkToDeath ok
08-04 03:26:11.380  SESSION  app start pid=29476 device=OnePlus PKG110 api=36
08-04 03:26:11.455  BIND  backend=ROOT attempt=1
08-04 03:26:11.455  CONNECTING  backend=ROOT attempt=1
08-04 03:26:11.871  CB_ON_CONNECTED  backend=ROOT
08-04 03:26:11.872  BINDER_CONNECTED  backend=ROOT linkToDeath ok
08-04 07:00:01.609  SESSION  app start pid=32048 device=OnePlus PKG110 api=36
08-04 07:00:01.917  BIND  backend=ROOT attempt=1
08-04 07:00:01.918  CONNECTING  backend=ROOT attempt=1
08-04 07:00:03.009  CB_ON_CONNECTED  backend=ROOT
08-04 07:00:03.010  BINDER_CONNECTED  backend=ROOT linkToDeath ok
08-04 14:54:56.976  SESSION  app start pid=20324 device=OnePlus PKG110 api=36
08-04 14:54:57.062  BIND  backend=ROOT attempt=1
08-04 14:54:57.063  CONNECTING  backend=ROOT attempt=1
08-04 14:54:57.524  CB_ON_CONNECTED  backend=ROOT
08-04 14:54:57.526  BINDER_CONNECTED  backend=ROOT linkToDeath ok
08-04 15:40:23.137  CB_ON_DISCONNECTED  backend=ROOT
08-04 15:40:23.161  STATE_DIED
08-04 15:40:23.209  BINDER_DIED_STALE
08-04 17:04:58.652  SESSION  app start pid=14998 device=OnePlus PKG110 api=36
08-04 17:04:58.714  BIND  backend=ROOT attempt=1
08-04 17:04:58.715  CONNECTING  backend=ROOT attempt=1
08-04 17:04:59.193  CB_ON_CONNECTED  backend=ROOT
08-04 17:04:59.194  BINDER_CONNECTED  backend=ROOT linkToDeath ok
08-05 07:00:02.220  SESSION  app start pid=18727 device=OnePlus PKG110 api=36
08-05 07:00:02.618  BIND  backend=ROOT attempt=1
08-05 07:00:02.618  CONNECTING  backend=ROOT attempt=1
08-05 07:00:03.771  CB_ON_CONNECTED  backend=ROOT
08-05 07:00:03.771  BINDER_CONNECTED  backend=ROOT linkToDeath ok
08-05 18:00:00.722  SESSION  app start pid=31533 device=OnePlus PKG110 api=36
08-05 18:00:01.083  BIND  backend=ROOT attempt=1
08-05 18:00:01.084  CONNECTING  backend=ROOT attempt=1
08-05 18:00:02.305  CB_ON_CONNECTED  backend=ROOT
08-05 18:00:02.306  BINDER_CONNECTED  backend=ROOT linkToDeath ok
08-06 00:50:51.787  SESSION  app start pid=20726 device=OnePlus PKG110 api=36
08-06 00:50:52.052  BIND  backend=ROOT attempt=1
08-06 00:50:52.052  CONNECTING  backend=ROOT attempt=1
08-06 00:50:52.851  CB_ON_CONNECTED  backend=ROOT
08-06 00:50:52.851  BINDER_CONNECTED  backend=ROOT linkToDeath ok
08-06 10:39:06.849  SESSION  app start pid=16699 device=OnePlus PKG110 api=36
08-06 10:39:07.094  BIND  backend=ROOT attempt=1
08-06 10:39:07.094  CONNECTING  backend=ROOT attempt=1
08-06 10:39:08.239  CB_ON_CONNECTED  backend=ROOT
08-06 10:39:08.241  BINDER_CONNECTED  backend=ROOT linkToDeath ok
08-06 10:47:40.474  SESSION  app start pid=22993 device=OnePlus PKG110 api=36
08-06 10:47:40.634  BIND  backend=ROOT attempt=1
08-06 10:47:40.634  CONNECTING  backend=ROOT attempt=1
08-06 10:47:41.075  CB_ON_CONNECTED  backend=ROOT
08-06 10:47:41.076  BINDER_CONNECTED  backend=ROOT linkToDeath ok
08-06 18:00:00.728  SESSION  app start pid=12871 device=OnePlus PKG110 api=36
08-06 18:00:00.993  BIND  backend=ROOT attempt=1
08-06 18:00:00.993  CONNECTING  backend=ROOT attempt=1
08-06 18:00:02.161  CB_ON_CONNECTED  backend=ROOT
08-06 18:00:02.164  BINDER_CONNECTED  backend=ROOT linkToDeath ok
08-07 07:00:01.744  SESSION  app start pid=22936 device=OnePlus PKG110 api=36
08-07 07:00:02.175  BIND  backend=ROOT attempt=1
08-07 07:00:02.176  CONNECTING  backend=ROOT attempt=1
08-07 07:00:03.435  CB_ON_CONNECTED  backend=ROOT
08-07 07:00:03.436  BINDER_CONNECTED  backend=ROOT linkToDeath ok
08-07 16:44:59.775  SESSION  app start pid=7788 device=OnePlus PKG110 api=36
08-07 16:45:00.047  BIND  backend=ROOT attempt=1
08-07 16:45:00.048  CONNECTING  backend=ROOT attempt=1
08-07 16:45:00.681  CB_ON_CONNECTED  backend=ROOT
08-07 16:45:00.682  BINDER_CONNECTED  backend=ROOT linkToDeath ok
08-07 18:00:00.662  SESSION  app start pid=22458 device=OnePlus PKG110 api=36
08-07 18:00:00.964  BIND  backend=ROOT attempt=1
08-07 18:00:00.965  CONNECTING  backend=ROOT attempt=1
08-07 18:00:01.709  CB_ON_CONNECTED  backend=ROOT
08-07 18:00:01.710  BINDER_CONNECTED  backend=ROOT linkToDeath ok
08-07 18:11:04.125  CB_ON_DISCONNECTED  backend=ROOT
08-07 18:11:04.125  STATE_DIED
08-07 18:11:04.126  BINDER_DIED_STALE
08-07 21:47:40.037  SESSION  app start pid=11231 device=OnePlus PKG110 api=36
08-07 21:47:40.132  BIND  backend=ROOT attempt=1
08-07 21:47:40.133  CONNECTING  backend=ROOT attempt=1
08-07 21:47:40.696  CB_ON_CONNECTED  backend=ROOT
08-07 21:47:40.697  BINDER_CONNECTED  backend=ROOT linkToDeath ok
08-07 21:58:08.852  CB_ON_DISCONNECTED  backend=ROOT
08-07 21:58:08.853  STATE_DIED
08-07 21:58:08.853  BINDER_DIED_STALE
08-08 07:00:00.780  SESSION  app start pid=16261 device=OnePlus PKG110 api=36
08-08 07:00:01.247  BIND  backend=ROOT attempt=1
08-08 07:00:01.248  CONNECTING  backend=ROOT attempt=1
08-08 07:00:02.448  CB_ON_CONNECTED  backend=ROOT
08-08 07:00:02.449  BINDER_CONNECTED  backend=ROOT linkToDeath ok
08-08 17:50:25.081  SESSION  app start pid=25124 device=OnePlus PKG110 api=36
08-08 17:50:25.139  BIND  backend=ROOT attempt=1
08-08 17:50:25.139  CONNECTING  backend=ROOT attempt=1
08-08 17:50:25.717  CB_ON_CONNECTED  backend=ROOT
08-08 17:50:25.718  BINDER_CONNECTED  backend=ROOT linkToDeath ok
08-09 07:00:01.225  SESSION  app start pid=12218 device=OnePlus PKG110 api=36
08-09 07:00:01.666  BIND  backend=ROOT attempt=1
08-09 07:00:01.667  CONNECTING  backend=ROOT attempt=1
08-09 07:00:02.980  CB_ON_CONNECTED  backend=ROOT
08-09 07:00:02.981  BINDER_CONNECTED  backend=ROOT linkToDeath ok
08-09 11:55:45.720  SESSION  app start pid=23277 device=OnePlus PKG110 api=36
08-09 11:55:45.996  BIND  backend=ROOT attempt=1
08-09 11:55:45.997  CONNECTING  backend=ROOT attempt=1
08-09 11:55:46.957  CB_ON_CONNECTED  backend=ROOT
08-09 11:55:46.957  BINDER_CONNECTED  backend=ROOT linkToDeath ok
08-09 11:56:25.690  SESSION  app start pid=24828 device=OnePlus PKG110 api=36
08-09 11:56:26.020  BIND  backend=ROOT attempt=1
08-09 11:56:26.021  CONNECTING  backend=ROOT attempt=1
08-09 11:56:26.593  CB_ON_CONNECTED  backend=ROOT
08-09 11:56:26.594  BINDER_CONNECTED  backend=ROOT linkToDeath ok
08-09 18:00:00.783  SESSION  app start pid=23416 device=OnePlus PKG110 api=36
08-09 18:00:01.098  BIND  backend=ROOT attempt=1
08-09 18:00:01.100  CONNECTING  backend=ROOT attempt=1
08-09 18:00:02.215  CB_ON_CONNECTED  backend=ROOT
08-09 18:00:02.215  BINDER_CONNECTED  backend=ROOT linkToDeath ok
08-10 07:00:00.309  SESSION  app start pid=9531 device=OnePlus PKG110 api=36
08-10 07:00:00.597  BIND  backend=ROOT attempt=1
08-10 07:00:00.598  CONNECTING  backend=ROOT attempt=1
08-10 07:00:01.791  CB_ON_CONNECTED  backend=ROOT
08-10 07:00:01.792  BINDER_CONNECTED  backend=ROOT linkToDeath ok
08-10 18:00:01.956  SESSION  app start pid=20763 device=OnePlus PKG110 api=36
08-10 18:00:02.261  BIND  backend=ROOT attempt=1
08-10 18:00:02.261  CONNECTING  backend=ROOT attempt=1
08-10 18:00:03.139  CB_ON_CONNECTED  backend=ROOT
08-10 18:00:03.139  BINDER_CONNECTED  backend=ROOT linkToDeath ok
08-11 07:00:02.182  SESSION  app start pid=815 device=OnePlus PKG110 api=36
08-11 07:00:02.964  BIND  backend=ROOT attempt=1
08-11 07:00:02.965  CONNECTING  backend=ROOT attempt=1
08-11 07:00:03.967  CB_ON_CONNECTED  backend=ROOT
08-11 07:00:03.967  BINDER_CONNECTED  backend=ROOT linkToDeath ok
08-11 09:02:16.622  SESSION  app start pid=22919 device=OnePlus PKG110 api=36
08-11 09:02:16.701  BIND  backend=ROOT attempt=1
08-11 09:02:16.701  CONNECTING  backend=ROOT attempt=1
08-11 09:02:17.309  CB_ON_CONNECTED  backend=ROOT
08-11 09:02:17.325  BINDER_CONNECTED  backend=ROOT linkToDeath ok
08-11 18:00:00.777  SESSION  app start pid=9504 device=OnePlus PKG110 api=36
08-11 18:00:00.974  BIND  backend=ROOT attempt=1
08-11 18:00:00.974  CONNECTING  backend=ROOT attempt=1
08-11 18:00:02.059  CB_ON_CONNECTED  backend=ROOT
08-11 18:00:02.059  BINDER_CONNECTED  backend=ROOT linkToDeath ok
08-11 18:06:35.677  SESSION  app start pid=13308 device=OnePlus PKG110 api=36
08-11 18:06:36.217  BIND  backend=ROOT attempt=1
08-11 18:06:36.218  CONNECTING  backend=ROOT attempt=1
08-11 18:06:37.202  CB_ON_CONNECTED  backend=ROOT
08-11 18:06:37.203  BINDER_CONNECTED  backend=ROOT linkToDeath ok
08-12 07:00:01.298  SESSION  app start pid=21716 device=OnePlus PKG110 api=36
08-12 07:00:01.814  BIND  backend=ROOT attempt=1
08-12 07:00:01.815  CONNECTING  backend=ROOT attempt=1
08-12 07:00:03.061  CB_ON_CONNECTED  backend=ROOT
08-12 07:00:03.062  BINDER_CONNECTED  backend=ROOT linkToDeath ok
08-12 07:58:43.255  STATE_DISCONNECTED
08-12 07:58:44.406  BIND  backend=ROOT attempt=2
08-12 07:58:44.407  CONNECTING  backend=ROOT attempt=2
08-12 07:58:45.055  CB_ON_CONNECTED  backend=ROOT
08-12 07:58:45.056  BINDER_CONNECTED  backend=ROOT linkToDeath ok
08-12 18:00:01.358  SESSION  app start pid=20363 device=OnePlus PKG110 api=36
08-12 18:00:01.652  BIND  backend=ROOT attempt=1
08-12 18:00:01.653  CONNECTING  backend=ROOT attempt=1
08-12 18:00:02.838  CB_ON_CONNECTED  backend=ROOT
08-12 18:00:02.839  BINDER_CONNECTED  backend=ROOT linkToDeath ok
08-13 07:00:01.466  SESSION  app start pid=16615 device=OnePlus PKG110 api=36
08-13 07:00:01.746  BIND  backend=ROOT attempt=1
08-13 07:00:01.747  CONNECTING  backend=ROOT attempt=1
08-13 07:00:02.878  CB_ON_CONNECTED  backend=ROOT
08-13 07:00:02.879  BINDER_CONNECTED  backend=ROOT linkToDeath ok
08-13 18:00:01.302  SESSION  app start pid=28580 device=OnePlus PKG110 api=36
08-13 18:00:01.834  BIND  backend=ROOT attempt=1
08-13 18:00:01.835  CONNECTING  backend=ROOT attempt=1
08-13 18:00:03.281  CB_ON_CONNECTED  backend=ROOT
08-13 18:00:03.281  BINDER_CONNECTED  backend=ROOT linkToDeath ok
08-14 07:00:00.350  SESSION  app start pid=28409 device=OnePlus PKG110 api=36
08-14 07:00:00.675  BIND  backend=ROOT attempt=1
08-14 07:00:00.675  CONNECTING  backend=ROOT attempt=1
08-14 07:00:02.075  CB_ON_CONNECTED  backend=ROOT
08-14 07:00:02.075  BINDER_CONNECTED  backend=ROOT linkToDeath ok
08-14 09:04:16.853  SESSION  app start pid=15125 device=OnePlus PKG110 api=36
08-14 09:04:17.251  BIND  backend=ROOT attempt=1
08-14 09:04:17.251  CONNECTING  backend=ROOT attempt=1
08-14 09:04:18.335  CB_ON_CONNECTED  backend=ROOT
08-14 09:04:18.340  BINDER_CONNECTED  backend=ROOT linkToDeath ok
08-14 09:51:03.038  SESSION  app start pid=19224 device=OnePlus PKG110 api=36
08-14 09:51:03.149  BIND  backend=ROOT attempt=1
08-14 09:51:03.149  CONNECTING  backend=ROOT attempt=1
08-14 09:51:03.768  CB_ON_CONNECTED  backend=ROOT
08-14 09:51:03.768  BINDER_CONNECTED  backend=ROOT linkToDeath ok
08-14 12:29:14.878  SESSION  app start pid=10052 device=OnePlus PKG110 api=36
08-14 12:29:15.024  BIND  backend=ROOT attempt=1
08-14 12:29:15.024  CONNECTING  backend=ROOT attempt=1
08-14 12:29:15.609  CB_ON_CONNECTED  backend=ROOT
08-14 12:29:15.614  BINDER_CONNECTED  backend=ROOT linkToDeath ok
08-14 12:30:42.318  CB_ON_DISCONNECTED  backend=ROOT
08-14 12:30:42.423  STATE_DIED
08-14 12:30:42.424  BINDER_DIED_STALE
08-14 12:32:09.342  SESSION  app start pid=15586 device=OnePlus PKG110 api=36
08-14 12:32:09.520  BIND  backend=ROOT attempt=1
08-14 12:32:09.520  CONNECTING  backend=ROOT attempt=1
08-14 12:32:10.221  CB_ON_CONNECTED  backend=ROOT
08-14 12:32:10.222  BINDER_CONNECTED  backend=ROOT linkToDeath ok
08-14 12:34:20.449  SESSION  app start pid=21324 device=OnePlus PKG110 api=36
08-14 12:34:20.521  BIND  backend=ROOT attempt=1
08-14 12:34:20.522  CONNECTING  backend=ROOT attempt=1
08-14 12:34:21.063  CB_ON_CONNECTED  backend=ROOT
08-14 12:34:21.064  BINDER_CONNECTED  backend=ROOT linkToDeath ok
08-14 12:34:36.363  CB_ON_DISCONNECTED  backend=ROOT
08-14 12:34:36.364  STATE_DIED
08-14 12:34:36.367  BINDER_DIED_STALE
08-14 12:38:47.481  SESSION  app start pid=24012 device=OnePlus PKG110 api=36
08-14 12:38:47.610  BIND  backend=ROOT attempt=1
08-14 12:38:47.611  CONNECTING  backend=ROOT attempt=1
08-14 12:38:48.243  CB_ON_CONNECTED  backend=ROOT
08-14 12:38:48.244  BINDER_CONNECTED  backend=ROOT linkToDeath ok
08-14 12:39:02.405  CB_ON_DISCONNECTED  backend=ROOT
08-14 12:39:02.405  STATE_DIED
08-14 12:39:02.406  BINDER_DIED_STALE
08-14 12:44:21.311  SESSION  app start pid=20676 device=OnePlus PKG110 api=36
08-14 12:44:21.422  BIND  backend=ROOT attempt=1
08-14 12:44:21.423  CONNECTING  backend=ROOT attempt=1
08-14 12:44:22.067  CB_ON_CONNECTED  backend=ROOT
08-14 12:44:22.069  BINDER_CONNECTED  backend=ROOT linkToDeath ok
08-14 12:49:38.907  CB_ON_DISCONNECTED  backend=ROOT
08-14 12:49:38.908  STATE_DIED
08-14 12:49:38.910  BINDER_DIED_STALE
08-14 12:51:43.243  SESSION  app start pid=18060 device=OnePlus PKG110 api=36
08-14 12:51:43.301  BIND  backend=ROOT attempt=1
08-14 12:51:43.302  CONNECTING  backend=ROOT attempt=1
08-14 12:51:43.947  CB_ON_CONNECTED  backend=ROOT
08-14 12:51:43.949  BINDER_CONNECTED  backend=ROOT linkToDeath ok
08-14 18:00:00.362  SESSION  app start pid=25463 device=OnePlus PKG110 api=36
08-14 18:00:00.681  BIND  backend=ROOT attempt=1
08-14 18:00:00.682  CONNECTING  backend=ROOT attempt=1
08-14 18:00:01.895  CB_ON_CONNECTED  backend=ROOT
08-14 18:00:01.896  BINDER_CONNECTED  backend=ROOT linkToDeath ok
08-15 07:00:01.484  SESSION  app start pid=16761 device=OnePlus PKG110 api=36
08-15 07:00:01.994  BIND  backend=ROOT attempt=1
08-15 07:00:01.994  CONNECTING  backend=ROOT attempt=1
08-15 07:00:03.331  CB_ON_CONNECTED  backend=ROOT
08-15 07:00:03.332  BINDER_CONNECTED  backend=ROOT linkToDeath ok
08-15 18:00:01.260  SESSION  app start pid=6606 device=OnePlus PKG110 api=36
08-15 18:00:01.635  BIND  backend=ROOT attempt=1
08-15 18:00:01.636  CONNECTING  backend=ROOT attempt=1
08-15 18:00:02.905  CB_ON_CONNECTED  backend=ROOT
08-15 18:00:02.905  BINDER_CONNECTED  backend=ROOT linkToDeath ok
08-16 07:00:01.672  SESSION  app start pid=10767 device=OnePlus PKG110 api=36
08-16 07:00:02.006  BIND  backend=ROOT attempt=1
08-16 07:00:02.006  CONNECTING  backend=ROOT attempt=1
08-16 07:00:03.196  CB_ON_CONNECTED  backend=ROOT
08-16 07:00:03.197  BINDER_CONNECTED  backend=ROOT linkToDeath ok
08-16 10:03:15.982  SESSION  app start pid=29856 device=OnePlus PKG110 api=36
08-16 10:03:16.361  BIND  backend=ROOT attempt=1
08-16 10:03:16.361  CONNECTING  backend=ROOT attempt=1
08-16 10:03:16.939  CB_ON_CONNECTED  backend=ROOT
08-16 10:03:16.939  BINDER_CONNECTED  backend=ROOT linkToDeath ok
08-16 10:20:13.826  SESSION  app start pid=1094 device=OnePlus PKG110 api=36
08-16 10:20:13.914  BIND  backend=ROOT attempt=1
08-16 10:20:13.914  CONNECTING  backend=ROOT attempt=1
08-16 10:20:14.633  CB_ON_CONNECTED  backend=ROOT
08-16 10:20:14.635  BINDER_CONNECTED  backend=ROOT linkToDeath ok
08-16 10:21:16.832  CB_ON_DISCONNECTED  backend=ROOT
08-16 10:21:16.834  STATE_DIED
08-16 10:21:16.841  BINDER_DIED_STALE
08-16 10:22:16.943  SESSION  app start pid=13718 device=OnePlus PKG110 api=36
08-16 10:22:17.351  BIND  backend=ROOT attempt=1
08-16 10:22:17.362  CONNECTING  backend=ROOT attempt=1
08-16 10:22:18.808  CB_ON_CONNECTED  backend=ROOT
08-16 10:22:18.809  BINDER_CONNECTED  backend=ROOT linkToDeath ok
08-16 11:18:08.674  SESSION  app start pid=551 device=OnePlus PKG110 api=36
08-16 11:18:08.765  BIND  backend=ROOT attempt=1
08-16 11:18:08.765  CONNECTING  backend=ROOT attempt=1
08-16 11:18:09.337  CB_ON_CONNECTED  backend=ROOT
08-16 11:18:09.341  BINDER_CONNECTED  backend=ROOT linkToDeath ok
08-16 18:00:02.693  SESSION  app start pid=12320 device=OnePlus PKG110 api=36
08-16 18:00:03.139  BIND  backend=ROOT attempt=1
08-16 18:00:03.140  CONNECTING  backend=ROOT attempt=1
08-16 18:00:03.977  CB_ON_CONNECTED  backend=ROOT
08-16 18:00:03.978  BINDER_CONNECTED  backend=ROOT linkToDeath ok
08-17 07:00:01.481  SESSION  app start pid=32508 device=OnePlus PKG110 api=36
08-17 07:00:01.989  BIND  backend=ROOT attempt=1
08-17 07:00:01.990  CONNECTING  backend=ROOT attempt=1
08-17 07:00:03.038  CB_ON_CONNECTED  backend=ROOT
08-17 07:00:03.039  BINDER_CONNECTED  backend=ROOT linkToDeath ok
08-17 18:00:00.418  SESSION  app start pid=19452 device=OnePlus PKG110 api=36
08-17 18:00:00.709  BIND  backend=ROOT attempt=1
08-17 18:00:00.709  CONNECTING  backend=ROOT attempt=1
08-17 18:00:01.815  CB_ON_CONNECTED  backend=ROOT
08-17 18:00:01.815  BINDER_CONNECTED  backend=ROOT linkToDeath ok
08-17 19:17:43.436  SESSION  app start pid=29870 device=OnePlus PKG110 api=36
08-17 19:17:43.729  BIND  backend=ROOT attempt=1
08-17 19:17:43.729  CONNECTING  backend=ROOT attempt=1
08-17 19:17:44.763  CB_ON_CONNECTED  backend=ROOT
08-17 19:17:44.764  BINDER_CONNECTED  backend=ROOT linkToDeath ok
08-18 07:00:00.335  SESSION  app start pid=21933 device=OnePlus PKG110 api=36
08-18 07:00:00.536  BIND  backend=ROOT attempt=1
08-18 07:00:00.537  CONNECTING  backend=ROOT attempt=1
08-18 07:00:01.902  CB_ON_CONNECTED  backend=ROOT
08-18 07:00:01.903  BINDER_CONNECTED  backend=ROOT linkToDeath ok
08-18 18:00:01.147  SESSION  app start pid=16873 device=OnePlus PKG110 api=36
08-18 18:00:01.439  BIND  backend=ROOT attempt=1
08-18 18:00:01.439  CONNECTING  backend=ROOT attempt=1
08-18 18:00:02.606  CB_ON_CONNECTED  backend=ROOT
08-18 18:00:02.606  BINDER_CONNECTED  backend=ROOT linkToDeath ok
08-18 18:00:30.198  SESSION  app start pid=19372 device=OnePlus PKG110 api=36
08-18 18:00:30.469  BIND  backend=ROOT attempt=1
08-18 18:00:30.478  CONNECTING  backend=ROOT attempt=1
08-18 18:00:31.190  CB_ON_CONNECTED  backend=ROOT
08-18 18:00:31.191  BINDER_CONNECTED  backend=ROOT linkToDeath ok
08-18 23:46:09.160  SESSION  app start pid=21840 device=OnePlus PKG110 api=36
08-18 23:46:09.433  BIND  backend=ROOT attempt=1
08-18 23:46:09.434  CONNECTING  backend=ROOT attempt=1
08-18 23:46:10.281  CB_ON_CONNECTED  backend=ROOT
08-18 23:46:10.282  BINDER_CONNECTED  backend=ROOT linkToDeath ok
08-19 07:00:00.762  SESSION  app start pid=24178 device=OnePlus PKG110 api=36
08-19 07:00:02.457  BIND  backend=ROOT attempt=1
08-19 07:00:02.457  CONNECTING  backend=ROOT attempt=1
08-19 07:00:03.675  CB_ON_CONNECTED  backend=ROOT
08-19 07:00:03.675  BINDER_CONNECTED  backend=ROOT linkToDeath ok
08-19 15:01:22.215  SESSION  app start pid=5374 device=OnePlus PKG110 api=36
08-19 15:01:22.453  BIND  backend=ROOT attempt=1
08-19 15:01:22.454  CONNECTING  backend=ROOT attempt=1
08-19 15:01:23.637  CB_ON_CONNECTED  backend=ROOT
08-19 15:01:23.637  BINDER_CONNECTED  backend=ROOT linkToDeath ok
08-19 18:00:01.221  SESSION  app start pid=12819 device=OnePlus PKG110 api=36
08-19 18:00:01.461  BIND  backend=ROOT attempt=1
08-19 18:00:01.461  CONNECTING  backend=ROOT attempt=1
08-19 18:00:02.660  CB_ON_CONNECTED  backend=ROOT
08-19 18:00:02.661  BINDER_CONNECTED  backend=ROOT linkToDeath ok
08-20 07:00:01.891  SESSION  app start pid=21852 device=OnePlus PKG110 api=36
08-20 07:00:02.199  BIND  backend=ROOT attempt=1
08-20 07:00:02.200  CONNECTING  backend=ROOT attempt=1
08-20 07:00:03.385  CB_ON_CONNECTED  backend=ROOT
08-20 07:00:03.386  BINDER_CONNECTED  backend=ROOT linkToDeath ok
08-20 18:00:01.135  SESSION  app start pid=24942 device=OnePlus PKG110 api=36
08-20 18:00:01.587  BIND  backend=ROOT attempt=1
08-20 18:00:01.588  CONNECTING  backend=ROOT attempt=1
08-20 18:00:03.069  CB_ON_CONNECTED  backend=ROOT
08-20 18:00:03.070  BINDER_CONNECTED  backend=ROOT linkToDeath ok
08-21 07:00:01.141  SESSION  app start pid=10071 device=OnePlus PKG110 api=36
08-21 07:00:01.528  BIND  backend=ROOT attempt=1
08-21 07:00:01.529  CONNECTING  backend=ROOT attempt=1
08-21 07:00:02.739  CB_ON_CONNECTED  backend=ROOT
08-21 07:00:02.739  BINDER_CONNECTED  backend=ROOT linkToDeath ok
08-21 18:00:01.198  SESSION  app start pid=3432 device=OnePlus PKG110 api=36
08-21 18:00:01.462  BIND  backend=ROOT attempt=1
08-21 18:00:01.462  CONNECTING  backend=ROOT attempt=1
08-21 18:00:02.769  CB_ON_CONNECTED  backend=ROOT
08-21 18:00:02.769  BINDER_CONNECTED  backend=ROOT linkToDeath ok
08-22 00:53:04.162  SESSION  app start pid=7518 device=OnePlus PKG110 api=36
08-22 00:53:04.382  BIND  backend=ROOT attempt=1
08-22 00:53:04.382  CONNECTING  backend=ROOT attempt=1
08-22 00:53:05.367  CB_ON_CONNECTED  backend=ROOT
08-22 00:53:05.367  BINDER_CONNECTED  backend=ROOT linkToDeath ok
08-22 07:00:01.370  SESSION  app start pid=30832 device=OnePlus PKG110 api=36
08-22 07:00:01.597  BIND  backend=ROOT attempt=1
08-22 07:00:01.597  CONNECTING  backend=ROOT attempt=1
08-22 07:00:02.709  CB_ON_CONNECTED  backend=ROOT
08-22 07:00:02.710  BINDER_CONNECTED  backend=ROOT linkToDeath ok
08-22 07:35:04.047  SESSION  app start pid=10986 device=OnePlus PKG110 api=36
08-22 07:35:04.213  BIND  backend=ROOT attempt=1
08-22 07:35:04.214  CONNECTING  backend=ROOT attempt=1
08-22 07:35:05.062  CB_ON_CONNECTED  backend=ROOT
08-22 07:35:05.062  BINDER_CONNECTED  backend=ROOT linkToDeath ok
08-22 18:00:01.931  SESSION  app start pid=21242 device=OnePlus PKG110 api=36
08-22 18:00:02.130  BIND  backend=ROOT attempt=1
08-22 18:00:02.131  CONNECTING  backend=ROOT attempt=1
08-22 18:00:03.333  CB_ON_CONNECTED  backend=ROOT
08-22 18:00:03.333  BINDER_CONNECTED  backend=ROOT linkToDeath ok
08-22 18:52:08.769  SESSION  app start pid=29585 device=OnePlus PKG110 api=36
08-22 18:52:08.955  BIND  backend=ROOT attempt=1
08-22 18:52:08.956  CONNECTING  backend=ROOT attempt=1
08-22 18:52:09.588  CB_ON_CONNECTED  backend=ROOT
08-22 18:52:09.588  BINDER_CONNECTED  backend=ROOT linkToDeath ok
08-23 07:00:01.535  SESSION  app start pid=8427 device=OnePlus PKG110 api=36
08-23 07:00:01.762  BIND  backend=ROOT attempt=1
08-23 07:00:01.763  CONNECTING  backend=ROOT attempt=1
08-23 07:00:02.903  CB_ON_CONNECTED  backend=ROOT
08-23 07:00:02.904  BINDER_CONNECTED  backend=ROOT linkToDeath ok
08-23 18:00:01.104  SESSION  app start pid=30629 device=OnePlus PKG110 api=36
08-23 18:00:01.305  BIND  backend=ROOT attempt=1
08-23 18:00:01.306  CONNECTING  backend=ROOT attempt=1
08-23 18:00:02.335  CB_ON_CONNECTED  backend=ROOT
08-23 18:00:02.336  BINDER_CONNECTED  backend=ROOT linkToDeath ok
08-23 23:25:33.584  SESSION  app start pid=22724 device=OnePlus PKG110 api=36
08-23 23:25:33.820  BIND  backend=ROOT attempt=1
08-23 23:25:33.821  CONNECTING  backend=ROOT attempt=1
08-23 23:25:35.047  CB_ON_CONNECTED  backend=ROOT
08-23 23:25:35.048  BINDER_CONNECTED  backend=ROOT linkToDeath ok
08-24 02:34:40.632  SESSION  app start pid=22888 device=OnePlus PKG110 api=36
08-24 02:34:40.723  BIND  backend=ROOT attempt=1
08-24 02:34:40.723  CONNECTING  backend=ROOT attempt=1
08-24 02:34:41.368  CB_ON_CONNECTED  backend=ROOT
08-24 02:34:41.373  BINDER_CONNECTED  backend=ROOT linkToDeath ok
08-24 14:25:21.032  SESSION  app start pid=23377 device=OnePlus PKG110 api=36
08-24 14:25:21.109  BIND  backend=ROOT attempt=1
08-24 14:25:21.109  CONNECTING  backend=ROOT attempt=1
08-24 14:25:21.757  CB_ON_CONNECTED  backend=ROOT
08-24 14:25:21.758  BINDER_CONNECTED  backend=ROOT linkToDeath ok
08-24 14:33:17.931  SESSION  app start pid=21440 device=OnePlus PKG110 api=36
08-24 14:33:18.007  BIND  backend=ROOT attempt=1
08-24 14:33:18.007  CONNECTING  backend=ROOT attempt=1
08-24 14:33:18.719  CB_ON_CONNECTED  backend=ROOT
08-24 14:33:18.721  BINDER_CONNECTED  backend=ROOT linkToDeath ok
08-24 14:54:52.534  SESSION  app start pid=21100 device=OnePlus PKG110 api=36
08-24 14:54:52.588  BIND  backend=ROOT attempt=1
08-24 14:54:52.588  CONNECTING  backend=ROOT attempt=1
08-24 14:54:53.253  CB_ON_CONNECTED  backend=ROOT
08-24 14:54:53.254  BINDER_CONNECTED  backend=ROOT linkToDeath ok
08-24 15:01:35.191  SESSION  app start pid=27123 device=OnePlus PKG110 api=36
08-24 15:01:35.279  BIND  backend=ROOT attempt=1
08-24 15:01:35.279  CONNECTING  backend=ROOT attempt=1
08-24 15:01:36.039  CB_ON_CONNECTED  backend=ROOT
08-24 15:01:36.040  BINDER_CONNECTED  backend=ROOT linkToDeath ok
08-24 17:58:43.168  SESSION  app start pid=22001 device=OnePlus PKG110 api=36
08-24 17:58:43.362  BIND  backend=ROOT attempt=1
08-24 17:58:43.362  CONNECTING  backend=ROOT attempt=1
08-24 17:58:44.200  CB_ON_CONNECTED  backend=ROOT
08-24 17:58:44.203  BINDER_CONNECTED  backend=ROOT linkToDeath ok
08-25 01:43:28.931  SESSION  app start pid=14402 device=OnePlus PKG110 api=36
08-25 01:43:29.346  BIND  backend=ROOT attempt=1
08-25 01:43:29.347  CONNECTING  backend=ROOT attempt=1
08-25 01:43:30.244  CB_ON_CONNECTED  backend=ROOT
08-25 01:43:30.244  BINDER_CONNECTED  backend=ROOT linkToDeath ok
08-25 01:47:46.140  SESSION  app start pid=22575 device=OnePlus PKG110 api=36
08-25 01:47:46.239  BIND  backend=ROOT attempt=1
08-25 01:47:46.240  CONNECTING  backend=ROOT attempt=1
08-25 01:47:46.895  CB_ON_CONNECTED  backend=ROOT
08-25 01:47:46.898  BINDER_CONNECTED  backend=ROOT linkToDeath ok
08-25 01:54:28.344  SESSION  app start pid=8591 device=OnePlus PKG110 api=36
08-25 01:54:28.556  BIND  backend=ROOT attempt=1
08-25 01:54:28.556  CONNECTING  backend=ROOT attempt=1
08-25 01:54:29.575  CB_ON_CONNECTED  backend=ROOT
08-25 01:54:29.575  BINDER_CONNECTED  backend=ROOT linkToDeath ok
08-25 01:58:55.295  SESSION  app start pid=29937 device=OnePlus PKG110 api=36
08-25 01:58:55.354  BIND  backend=ROOT attempt=1
08-25 01:58:55.355  CONNECTING  backend=ROOT attempt=1
08-25 01:58:55.899  CB_ON_CONNECTED  backend=ROOT
08-25 01:58:55.899  BINDER_CONNECTED  backend=ROOT linkToDeath ok
08-25 02:00:26.536  CB_ON_DISCONNECTED  backend=ROOT
08-25 02:00:26.536  STATE_DIED
08-25 02:00:26.540  BINDER_DIED_STALE
08-25 02:02:41.106  SESSION  app start pid=21187 device=OnePlus PKG110 api=36
08-25 02:02:41.171  BIND  backend=ROOT attempt=1
08-25 02:02:41.171  CONNECTING  backend=ROOT attempt=1
08-25 02:02:41.668  CB_ON_CONNECTED  backend=ROOT
08-25 02:02:41.668  BINDER_CONNECTED  backend=ROOT linkToDeath ok
08-25 02:06:47.095  SESSION  app start pid=31300 device=OnePlus PKG110 api=36
08-25 02:06:47.219  BIND  backend=ROOT attempt=1
08-25 02:06:47.220  CONNECTING  backend=ROOT attempt=1
08-25 02:06:48.014  CB_ON_CONNECTED  backend=ROOT
08-25 02:06:48.015  BINDER_CONNECTED  backend=ROOT linkToDeath ok
08-25 16:00:31.447  SESSION  app start pid=19041 device=OnePlus PKG110 api=36
08-25 16:00:31.521  BIND  backend=ROOT attempt=1
08-25 16:00:31.522  CONNECTING  backend=ROOT attempt=1
08-25 16:00:32.204  CB_ON_CONNECTED  backend=ROOT
08-25 16:00:32.206  BINDER_CONNECTED  backend=ROOT linkToDeath ok
08-25 16:03:28.914  SESSION  app start pid=25684 device=OnePlus PKG110 api=36
08-25 16:03:28.978  BIND  backend=ROOT attempt=1
08-25 16:03:28.978  CONNECTING  backend=ROOT attempt=1
08-25 16:03:29.523  CB_ON_CONNECTED  backend=ROOT
08-25 16:03:29.524  BINDER_CONNECTED  backend=ROOT linkToDeath ok
08-25 18:00:00.332  SESSION  app start pid=30038 device=OnePlus PKG110 api=36
08-25 18:00:00.469  BIND  backend=ROOT attempt=1
08-25 18:00:00.469  CONNECTING  backend=ROOT attempt=1
08-25 18:00:01.109  CB_ON_CONNECTED  backend=ROOT
08-25 18:00:01.109  BINDER_CONNECTED  backend=ROOT linkToDeath ok
08-25 19:58:57.890  SESSION  app start pid=22762 device=OnePlus PKG110 api=36
08-25 19:58:58.005  BIND  backend=ROOT attempt=1
08-25 19:58:58.006  CONNECTING  backend=ROOT attempt=1
08-25 19:58:58.968  CB_ON_CONNECTED  backend=ROOT
08-25 19:58:58.973  BINDER_CONNECTED  backend=ROOT linkToDeath ok
08-25 20:28:31.006  CB_ON_DISCONNECTED  backend=ROOT
08-25 20:28:31.007  STATE_DIED
08-25 20:28:31.007  BINDER_DIED_STALE
08-25 20:37:28.440  SESSION  app start pid=24346 device=OnePlus PKG110 api=36
08-25 20:37:28.537  BIND  backend=ROOT attempt=1
08-25 20:37:28.537  CONNECTING  backend=ROOT attempt=1
08-25 20:37:29.433  CB_ON_CONNECTED  backend=ROOT
08-25 20:37:29.434  BINDER_CONNECTED  backend=ROOT linkToDeath ok
08-25 21:03:35.535  SESSION  app start pid=20178 device=OnePlus PKG110 api=36
08-25 21:03:35.650  BIND  backend=ROOT attempt=1
08-25 21:03:35.650  CONNECTING  backend=ROOT attempt=1
08-25 21:03:36.582  CB_ON_CONNECTED  backend=ROOT
08-25 21:03:36.582  BINDER_CONNECTED  backend=ROOT linkToDeath ok
08-25 21:14:35.277  SESSION  app start pid=26347 device=OnePlus PKG110 api=36
08-25 21:14:35.362  BIND  backend=ROOT attempt=1
08-25 21:14:35.363  CONNECTING  backend=ROOT attempt=1
08-25 21:14:36.060  CB_ON_CONNECTED  backend=ROOT
08-25 21:14:36.061  BINDER_CONNECTED  backend=ROOT linkToDeath ok
08-25 21:32:45.138  SESSION  app start pid=18871 device=OnePlus PKG110 api=36
08-25 21:32:45.237  BIND  backend=ROOT attempt=1
08-25 21:32:45.237  CONNECTING  backend=ROOT attempt=1
08-25 21:32:45.913  CB_ON_CONNECTED  backend=ROOT
08-25 21:32:45.913  BINDER_CONNECTED  backend=ROOT linkToDeath ok
08-25 21:36:18.051  SESSION  app start pid=29886 device=OnePlus PKG110 api=36
08-25 21:36:18.112  BIND  backend=ROOT attempt=1
08-25 21:36:18.112  CONNECTING  backend=ROOT attempt=1
08-25 21:36:18.783  CB_ON_CONNECTED  backend=ROOT
08-25 21:36:18.783  BINDER_CONNECTED  backend=ROOT linkToDeath ok
08-26 06:01:12.140  SESSION  app start pid=18407 device=OnePlus PKG110 api=36
08-26 06:01:12.207  BIND  backend=ROOT attempt=1
08-26 06:01:12.208  CONNECTING  backend=ROOT attempt=1
08-26 06:01:12.208  BIND_SKIP  already connecting backend=ROOT
08-26 06:01:13.226  CB_ON_CONNECTED  backend=ROOT
08-26 06:01:13.227  BINDER_CONNECTED  backend=ROOT linkToDeath ok
08-26 18:00:00.244  SESSION  app start pid=28654 device=OnePlus PKG110 api=36
08-26 18:00:00.424  BIND  backend=ROOT attempt=1
08-26 18:00:00.425  CONNECTING  backend=ROOT attempt=1
08-26 18:00:01.215  CB_ON_CONNECTED  backend=ROOT
08-26 18:00:01.215  BINDER_CONNECTED  backend=ROOT linkToDeath ok
08-27 01:51:11.629  SESSION  app start pid=29083 device=OnePlus PKG110 api=36
08-27 01:51:11.759  BIND  backend=ROOT attempt=1
08-27 01:51:11.760  CONNECTING  backend=ROOT attempt=1
08-27 01:51:12.372  CB_ON_CONNECTED  backend=ROOT
08-27 01:51:12.372  BINDER_CONNECTED  backend=ROOT linkToDeath ok
08-27 06:01:16.347  SESSION  app start pid=15633 device=OnePlus PKG110 api=36
08-27 06:01:16.410  BIND  backend=ROOT attempt=1
08-27 06:01:16.411  CONNECTING  backend=ROOT attempt=1
08-27 06:01:16.411  BIND_SKIP  already connecting backend=ROOT
08-27 06:01:17.163  CB_ON_CONNECTED  backend=ROOT
08-27 06:01:17.164  BINDER_CONNECTED  backend=ROOT linkToDeath ok
08-27 18:00:01.718  SESSION  app start pid=11900 device=OnePlus PKG110 api=36
08-27 18:00:06.748  BIND  backend=ROOT attempt=1
08-27 18:00:06.748  CONNECTING  backend=ROOT attempt=1
08-27 18:00:07.950  CB_ON_CONNECTED  backend=ROOT
08-27 18:00:07.951  BINDER_CONNECTED  backend=ROOT linkToDeath ok
08-28 06:01:15.327  SESSION  app start pid=17786 device=OnePlus PKG110 api=36
08-28 06:01:15.387  BIND  backend=ROOT attempt=1
08-28 06:01:15.387  CONNECTING  backend=ROOT attempt=1
08-28 06:01:15.388  BIND_SKIP  already connecting backend=ROOT
08-28 06:01:20.363  CB_ON_CONNECTED  backend=ROOT
08-28 06:01:20.364  BINDER_CONNECTED  backend=ROOT linkToDeath ok
08-28 18:00:01.056  SESSION  app start pid=20994 device=OnePlus PKG110 api=36
08-28 18:00:01.261  BIND  backend=ROOT attempt=1
08-28 18:00:01.262  CONNECTING  backend=ROOT attempt=1
08-28 18:00:02.567  CB_ON_CONNECTED  backend=ROOT
08-28 18:00:02.567  BINDER_CONNECTED  backend=ROOT linkToDeath ok
08-29 06:01:15.740  SESSION  app start pid=8182 device=OnePlus PKG110 api=36
08-29 06:01:15.799  BIND  backend=ROOT attempt=1
08-29 06:01:15.799  CONNECTING  backend=ROOT attempt=1
08-29 06:01:15.800  BIND_SKIP  already connecting backend=ROOT
08-29 06:01:16.544  CB_ON_CONNECTED  backend=ROOT
08-29 06:01:16.545  BINDER_CONNECTED  backend=ROOT linkToDeath ok
08-29 18:00:01.013  SESSION  app start pid=16162 device=OnePlus PKG110 api=36
08-29 18:00:01.302  BIND  backend=ROOT attempt=1
08-29 18:00:01.302  CONNECTING  backend=ROOT attempt=1
08-29 18:00:02.239  CB_ON_CONNECTED  backend=ROOT
08-29 18:00:02.239  BINDER_CONNECTED  backend=ROOT linkToDeath ok
08-30 06:01:17.005  SESSION  app start pid=13574 device=OnePlus PKG110 api=36
08-30 06:01:17.062  BIND  backend=ROOT attempt=1
08-30 06:01:17.062  CONNECTING  backend=ROOT attempt=1
08-30 06:01:17.063  BIND_SKIP  already connecting backend=ROOT
08-30 06:01:17.934  CB_ON_CONNECTED  backend=ROOT
08-30 06:01:17.936  BINDER_CONNECTED  backend=ROOT linkToDeath ok
08-30 18:00:02.358  SESSION  app start pid=9951 device=OnePlus PKG110 api=36
08-30 18:00:16.775  BIND  backend=ROOT attempt=1
08-30 18:00:16.775  CONNECTING  backend=ROOT attempt=1
08-30 18:00:17.612  CB_ON_CONNECTED  backend=ROOT
08-30 18:00:17.613  BINDER_CONNECTED  backend=ROOT linkToDeath ok
08-31 06:01:17.144  SESSION  app start pid=7177 device=OnePlus PKG110 api=36
08-31 06:01:17.217  BIND  backend=ROOT attempt=1
08-31 06:01:17.218  CONNECTING  backend=ROOT attempt=1
08-31 06:01:17.218  BIND_SKIP  already connecting backend=ROOT
08-31 06:01:18.249  CB_ON_CONNECTED  backend=ROOT
08-31 06:01:18.249  BINDER_CONNECTED  backend=ROOT linkToDeath ok
08-31 18:00:00.950  SESSION  app start pid=23841 device=OnePlus PKG110 api=36
08-31 18:00:01.195  BIND  backend=ROOT attempt=1
08-31 18:00:01.195  CONNECTING  backend=ROOT attempt=1
08-31 18:00:02.538  CB_ON_CONNECTED  backend=ROOT
08-31 18:00:02.539  BINDER_CONNECTED  backend=ROOT linkToDeath ok
09-01 06:01:16.275  SESSION  app start pid=12431 device=OnePlus PKG110 api=36
09-01 06:01:19.318  BIND  backend=ROOT attempt=1
09-01 06:01:19.319  CONNECTING  backend=ROOT attempt=1
09-01 06:01:19.330  BIND_SKIP  already connecting backend=ROOT
09-01 06:03:48.503  CB_ON_CONNECTED  backend=ROOT
09-01 06:03:48.504  BINDER_CONNECTED  backend=ROOT linkToDeath ok
09-01 18:00:00.971  SESSION  app start pid=23397 device=OnePlus PKG110 api=36
09-01 18:00:01.149  BIND  backend=ROOT attempt=1
09-01 18:00:01.150  CONNECTING  backend=ROOT attempt=1
09-01 18:00:02.005  CB_ON_CONNECTED  backend=ROOT
09-01 18:00:02.005  BINDER_CONNECTED  backend=ROOT linkToDeath ok
09-02 06:01:16.531  SESSION  app start pid=31062 device=OnePlus PKG110 api=36
09-02 06:01:16.588  BIND  backend=ROOT attempt=1
09-02 06:01:16.589  CONNECTING  backend=ROOT attempt=1
09-02 06:01:16.589  BIND_SKIP  already connecting backend=ROOT
09-02 06:01:42.588  CB_ON_CONNECTED  backend=ROOT
09-02 06:01:42.588  BINDER_CONNECTED  backend=ROOT linkToDeath ok
09-02 17:59:37.792  SESSION  app start pid=22844 device=OnePlus PKG110 api=36
09-02 17:59:37.867  BIND  backend=ROOT attempt=1
09-02 17:59:37.867  CONNECTING  backend=ROOT attempt=1
09-02 17:59:37.867  BIND_SKIP  already connecting backend=ROOT
09-02 17:59:38.526  CB_ON_CONNECTED  backend=ROOT
09-02 17:59:38.527  BINDER_CONNECTED  backend=ROOT linkToDeath ok
09-03 06:01:15.334  SESSION  app start pid=9253 device=OnePlus PKG110 api=36
09-03 06:01:15.391  BIND  backend=ROOT attempt=1
09-03 06:01:15.391  CONNECTING  backend=ROOT attempt=1
09-03 06:01:15.392  BIND_SKIP  already connecting backend=ROOT
09-03 06:01:16.239  CB_ON_CONNECTED  backend=ROOT
09-03 06:01:16.240  BINDER_CONNECTED  backend=ROOT linkToDeath ok
09-03 18:00:01.204  SESSION  app start pid=18037 device=OnePlus PKG110 api=36
09-03 18:00:01.510  BIND  backend=ROOT attempt=1
09-03 18:00:01.510  CONNECTING  backend=ROOT attempt=1
09-03 18:00:02.152  CB_ON_CONNECTED  backend=ROOT
09-03 18:00:02.152  BINDER_CONNECTED  backend=ROOT linkToDeath ok
09-03 18:01:11.617  SESSION  app start pid=21497 device=OnePlus PKG110 api=36
09-03 18:01:11.821  BIND  backend=ROOT attempt=1
09-03 18:01:11.822  CONNECTING  backend=ROOT attempt=1
09-03 18:01:12.620  CB_ON_CONNECTED  backend=ROOT
09-03 18:01:12.621  BINDER_CONNECTED  backend=ROOT linkToDeath ok
09-03 18:17:16.945  SESSION  app start pid=27216 device=OnePlus PKG110 api=36
09-03 18:17:17.264  BIND  backend=ROOT attempt=1
09-03 18:17:17.265  CONNECTING  backend=ROOT attempt=1
09-03 18:17:17.266  ROOT_SPAWN_CALL  token=47e43e16-fa01-4b80-a441-920e86988fe7
09-03 18:17:18.074  ROOT_PROCESS_CONNECTED  token=47e43e16-fa01-4b80-a441-920e86988fe7
09-03 18:17:18.074  CB_ON_CONNECTED  backend=ROOT
09-03 18:17:18.075  BINDER_CONNECTED  backend=ROOT linkToDeath ok
09-04 06:01:15.858  SESSION  app start pid=13072 device=OnePlus PKG110 api=36
09-04 06:01:50.198  BIND  backend=ROOT attempt=1
09-04 06:01:50.198  CONNECTING  backend=ROOT attempt=1
09-04 06:01:50.200  ROOT_SPAWN_CALL  token=60cfd122-9429-46e8-afb1-4eb71cba73b4
09-04 06:01:50.218  BIND_SKIP  already connecting backend=ROOT
09-04 06:04:09.641  ROOT_PROCESS_CONNECTED  token=60cfd122-9429-46e8-afb1-4eb71cba73b4
09-04 06:04:09.642  CB_ON_CONNECTED  backend=ROOT
09-04 06:04:09.643  BINDER_CONNECTED  backend=ROOT linkToDeath ok
09-04 10:38:23.063  SESSION  app start pid=24485 device=OnePlus PKG110 api=36
09-04 10:38:23.142  BIND  backend=ROOT attempt=1
09-04 10:38:23.143  CONNECTING  backend=ROOT attempt=1
09-04 10:38:23.146  ROOT_SPAWN_CALL  token=c835cf4a-2041-4efb-95b7-a01a41ab3d2d
09-04 10:38:23.702  ROOT_PROCESS_CONNECTED  token=c835cf4a-2041-4efb-95b7-a01a41ab3d2d
09-04 10:38:23.702  CB_ON_CONNECTED  backend=ROOT
09-04 10:38:23.703  BINDER_CONNECTED  backend=ROOT linkToDeath ok
09-04 13:06:44.939  SESSION  app start pid=27943 device=OnePlus PKG110 api=36
09-04 13:06:45.221  BIND  backend=ROOT attempt=1
09-04 13:06:45.221  CONNECTING  backend=ROOT attempt=1
09-04 13:06:45.222  ROOT_SPAWN_CALL  token=1c091b1e-25e6-4395-a856-9f8b090ad7f0
09-04 13:06:45.923  ROOT_PROCESS_CONNECTED  token=1c091b1e-25e6-4395-a856-9f8b090ad7f0
09-04 13:06:45.923  CB_ON_CONNECTED  backend=ROOT
09-04 13:06:45.924  BINDER_CONNECTED  backend=ROOT linkToDeath ok
09-04 17:57:40.084  SESSION  app start pid=11235 device=OnePlus PKG110 api=36
09-04 17:57:40.147  BIND  backend=ROOT attempt=1
09-04 17:57:40.148  CONNECTING  backend=ROOT attempt=1
09-04 17:57:40.148  BIND_SKIP  already connecting backend=ROOT
09-04 17:57:40.150  ROOT_SPAWN_CALL  token=887f309e-ce25-40e1-b0bb-71d8dcf6912f
09-04 17:57:40.821  ROOT_PROCESS_CONNECTED  token=887f309e-ce25-40e1-b0bb-71d8dcf6912f
09-04 17:57:40.822  CB_ON_CONNECTED  backend=ROOT
09-04 17:57:40.822  BINDER_CONNECTED  backend=ROOT linkToDeath ok
09-05 06:02:41.265  SESSION  app start pid=29376 device=OnePlus PKG110 api=36
09-05 06:02:41.321  BIND  backend=ROOT attempt=1
09-05 06:02:41.321  CONNECTING  backend=ROOT attempt=1
09-05 06:02:41.322  BIND_SKIP  already connecting backend=ROOT
09-05 06:02:41.324  ROOT_SPAWN_CALL  token=fee3c6fa-56ca-49a3-8e2a-e230034bd22a
09-05 06:10:09.649  ROOT_PROCESS_FAIL  token=fee3c6fa-56ca-49a3-8e2a-e230034bd22a TimeoutException: com.aliothmoon.maameow:root_service binder not attached within 15000ms; launcher log tail: [BootstrapClient] getContentProviderExternal returned null | [RootServiceStarter] sendBinder() failed | [MC] WARN: XmsfFirewall: resolve com.xiaomi.xmsf uid failed: com.xiaomi.xmsf | [MC] WARN: XmsfFirewall: restore skipped, uid unresolved | [E] child exited with status=256
09-05 06:10:09.650  CB_ON_ERROR  backend=ROOT TimeoutException: com.aliothmoon.maameow:root_service binder not attached within 15000ms; launcher log tail: [BootstrapClient] getContentProviderExternal returned null | [RootServiceStarter] sendBinder() failed | [MC] WARN: XmsfFirewall: resolve com.xiaomi.xmsf uid failed: com.xiaomi.xmsf | [MC] WARN: XmsfFirewall: restore skipped, uid unresolved | [E] child exited with status=256
09-05 08:51:31.786  BIND  backend=ROOT attempt=2
09-05 08:51:31.787  CONNECTING  backend=ROOT attempt=2
09-05 08:51:31.789  ROOT_SPAWN_CALL  token=d410af03-a7ab-4848-b863-96b93c88b50b
09-05 08:51:32.360  ROOT_PROCESS_CONNECTED  token=d410af03-a7ab-4848-b863-96b93c88b50b
09-05 08:51:32.360  CB_ON_CONNECTED  backend=ROOT
09-05 08:51:32.361  BINDER_CONNECTED  backend=ROOT linkToDeath ok
09-05 18:00:01.095  SESSION  app start pid=26758 device=OnePlus PKG110 api=36
09-05 18:00:01.292  BIND  backend=ROOT attempt=1
09-05 18:00:01.293  CONNECTING  backend=ROOT attempt=1
09-05 18:00:01.294  ROOT_SPAWN_CALL  token=8636d6bd-f2ce-45dd-9973-853250a2709a
09-05 18:00:02.281  ROOT_PROCESS_CONNECTED  token=8636d6bd-f2ce-45dd-9973-853250a2709a
09-05 18:00:02.282  CB_ON_CONNECTED  backend=ROOT
09-05 18:00:02.282  BINDER_CONNECTED  backend=ROOT linkToDeath ok
09-06 06:02:41.526  SESSION  app start pid=23599 device=OnePlus PKG110 api=36
09-06 06:02:41.585  BIND  backend=ROOT attempt=1
09-06 06:02:41.585  CONNECTING  backend=ROOT attempt=1
09-06 06:02:41.586  BIND_SKIP  already connecting backend=ROOT
09-06 06:02:41.589  ROOT_SPAWN_CALL  token=f5df66f4-9229-463f-b3ce-59323b99ab24
09-06 06:02:42.870  ROOT_PROCESS_CONNECTED  token=f5df66f4-9229-463f-b3ce-59323b99ab24
09-06 06:02:42.870  CB_ON_CONNECTED  backend=ROOT
09-06 06:02:42.871  BINDER_CONNECTED  backend=ROOT linkToDeath ok
09-06 17:57:40.113  SESSION  app start pid=13940 device=OnePlus PKG110 api=36
09-06 17:57:40.164  BIND  backend=ROOT attempt=1
09-06 17:57:40.164  CONNECTING  backend=ROOT attempt=1
09-06 17:57:40.165  BIND_SKIP  already connecting backend=ROOT
09-06 17:57:40.168  ROOT_SPAWN_CALL  token=321b3102-e200-475d-8265-3dfe8a07ec36
09-06 17:57:41.167  ROOT_PROCESS_CONNECTED  token=321b3102-e200-475d-8265-3dfe8a07ec36
09-06 17:57:41.167  CB_ON_CONNECTED  backend=ROOT
09-06 17:57:41.167  BINDER_CONNECTED  backend=ROOT linkToDeath ok
09-06 18:31:01.988  SESSION  app start pid=13646 device=OnePlus PKG110 api=36
09-06 18:31:02.161  BIND  backend=ROOT attempt=1
09-06 18:31:02.161  CONNECTING  backend=ROOT attempt=1
09-06 18:31:02.163  ROOT_SPAWN_CALL  token=32f79608-d481-4343-9f47-62a687b0029e
09-06 18:31:03.051  ROOT_PROCESS_CONNECTED  token=32f79608-d481-4343-9f47-62a687b0029e
09-06 18:31:03.051  CB_ON_CONNECTED  backend=ROOT
09-06 18:31:03.052  BINDER_CONNECTED  backend=ROOT linkToDeath ok
09-06 18:32:39.976  SESSION  app start pid=16547 device=OnePlus PKG110 api=36
09-06 18:32:40.039  BIND  backend=ROOT attempt=1
09-06 18:32:40.040  CONNECTING  backend=ROOT attempt=1
09-06 18:32:40.041  BIND_SKIP  already connecting backend=ROOT
09-06 18:32:40.042  ROOT_SPAWN_CALL  token=23a40269-8839-48d2-9b2a-7f170d1511cc
09-06 18:32:40.567  ROOT_PROCESS_CONNECTED  token=23a40269-8839-48d2-9b2a-7f170d1511cc
09-06 18:32:40.567  CB_ON_CONNECTED  backend=ROOT
09-06 18:32:40.567  BINDER_CONNECTED  backend=ROOT linkToDeath ok
09-06 18:35:20.704  SESSION  app start pid=20476 device=OnePlus PKG110 api=36
09-06 18:35:20.770  BIND  backend=ROOT attempt=1
09-06 18:35:20.771  CONNECTING  backend=ROOT attempt=1
09-06 18:35:20.772  BIND_SKIP  already connecting backend=ROOT
09-06 18:35:20.773  ROOT_SPAWN_CALL  token=1ef3e2a7-c11f-47de-bed8-d58ad39e4b63
09-06 18:35:21.336  ROOT_PROCESS_CONNECTED  token=1ef3e2a7-c11f-47de-bed8-d58ad39e4b63
09-06 18:35:21.336  CB_ON_CONNECTED  backend=ROOT
09-06 18:35:21.338  BINDER_CONNECTED  backend=ROOT linkToDeath ok
09-06 18:41:57.402  SESSION  app start pid=350 device=OnePlus PKG110 api=36
09-06 18:41:57.548  BIND  backend=ROOT attempt=1
09-06 18:41:57.548  CONNECTING  backend=ROOT attempt=1
09-06 18:41:57.550  ROOT_SPAWN_CALL  token=831b3e91-3a24-4e45-81f9-2f775447e6dc
09-06 18:41:58.289  ROOT_PROCESS_CONNECTED  token=831b3e91-3a24-4e45-81f9-2f775447e6dc
09-06 18:41:58.290  CB_ON_CONNECTED  backend=ROOT
09-06 18:41:58.290  BINDER_CONNECTED  backend=ROOT linkToDeath ok
09-06 18:45:04.675  SESSION  app start pid=7639 device=OnePlus PKG110 api=36
09-06 18:45:04.761  BIND  backend=ROOT attempt=1
09-06 18:45:04.761  CONNECTING  backend=ROOT attempt=1
09-06 18:45:04.762  BIND_SKIP  already connecting backend=ROOT
09-06 18:45:04.763  ROOT_SPAWN_CALL  token=bda444e9-5322-4925-ab5f-2194d3836e83
09-06 18:45:05.388  ROOT_PROCESS_CONNECTED  token=bda444e9-5322-4925-ab5f-2194d3836e83
09-06 18:45:05.389  CB_ON_CONNECTED  backend=ROOT
09-06 18:45:05.392  BINDER_CONNECTED  backend=ROOT linkToDeath ok
09-06 18:49:52.154  SESSION  app start pid=18416 device=OnePlus PKG110 api=36
09-06 18:49:52.483  BIND  backend=ROOT attempt=1
09-06 18:49:52.484  CONNECTING  backend=ROOT attempt=1
09-06 18:49:52.490  ROOT_SPAWN_CALL  token=cc13174f-7a25-409d-8543-11abbca66fb8
09-06 18:49:53.009  ROOT_PROCESS_CONNECTED  token=cc13174f-7a25-409d-8543-11abbca66fb8
09-06 18:49:53.009  CB_ON_CONNECTED  backend=ROOT
09-06 18:49:53.009  BINDER_CONNECTED  backend=ROOT linkToDeath ok
09-06 18:49:56.636  SESSION  app start pid=19000 device=OnePlus PKG110 api=36
09-06 18:49:56.941  BIND  backend=ROOT attempt=1
09-06 18:49:56.942  CONNECTING  backend=ROOT attempt=1
09-06 18:49:56.945  ROOT_SPAWN_CALL  token=ce84fdef-5aa4-46aa-8ce4-26fd2cec870f
09-06 18:49:57.658  ROOT_PROCESS_CONNECTED  token=ce84fdef-5aa4-46aa-8ce4-26fd2cec870f
09-06 18:49:57.658  CB_ON_CONNECTED  backend=ROOT
09-06 18:49:57.659  BINDER_CONNECTED  backend=ROOT linkToDeath ok
09-06 18:50:55.148  SESSION  app start pid=20687 device=OnePlus PKG110 api=36
09-06 18:50:55.213  BIND  backend=ROOT attempt=1
09-06 18:50:55.213  CONNECTING  backend=ROOT attempt=1
09-06 18:50:55.214  BIND_SKIP  already connecting backend=ROOT
09-06 18:50:55.216  ROOT_SPAWN_CALL  token=801face6-f723-4e87-ad37-fc27187c3ce6
09-06 18:50:55.839  ROOT_PROCESS_CONNECTED  token=801face6-f723-4e87-ad37-fc27187c3ce6
09-06 18:50:55.839  CB_ON_CONNECTED  backend=ROOT
09-06 18:50:55.840  BINDER_CONNECTED  backend=ROOT linkToDeath ok
09-06 18:55:16.411  SESSION  app start pid=32172 device=OnePlus PKG110 api=36
09-06 18:55:16.465  BIND  backend=ROOT attempt=1
09-06 18:55:16.466  CONNECTING  backend=ROOT attempt=1
09-06 18:55:16.468  ROOT_SPAWN_CALL  token=a27c4449-860b-47a2-b519-5cce68a98c2e
09-06 18:55:17.259  ROOT_PROCESS_CONNECTED  token=a27c4449-860b-47a2-b519-5cce68a98c2e
09-06 18:55:17.259  CB_ON_CONNECTED  backend=ROOT
09-06 18:55:17.265  BINDER_CONNECTED  backend=ROOT linkToDeath ok
09-06 19:01:04.822  SESSION  app start pid=15111 device=OnePlus PKG110 api=36
09-06 19:01:05.171  BIND  backend=ROOT attempt=1
09-06 19:01:05.171  CONNECTING  backend=ROOT attempt=1
09-06 19:01:05.175  ROOT_SPAWN_CALL  token=ec12c949-de82-4cd5-a9f8-e9418bc73625
09-06 19:01:05.722  ROOT_PROCESS_CONNECTED  token=ec12c949-de82-4cd5-a9f8-e9418bc73625
09-06 19:01:05.723  CB_ON_CONNECTED  backend=ROOT
09-06 19:01:05.723  BINDER_CONNECTED  backend=ROOT linkToDeath ok
09-06 19:04:21.682  SESSION  app start pid=21998 device=OnePlus PKG110 api=36
09-06 19:04:21.865  BIND  backend=ROOT attempt=1
09-06 19:04:21.866  CONNECTING  backend=ROOT attempt=1
09-06 19:04:21.867  ROOT_SPAWN_CALL  token=1d5313e3-ff0c-48d7-bb18-4f978bd70afd
09-06 19:04:22.344  ROOT_PROCESS_CONNECTED  token=1d5313e3-ff0c-48d7-bb18-4f978bd70afd
09-06 19:04:22.345  CB_ON_CONNECTED  backend=ROOT
09-06 19:04:22.345  BINDER_CONNECTED  backend=ROOT linkToDeath ok
09-07 06:02:40.694  SESSION  app start pid=16892 device=OnePlus PKG110 api=36
09-07 06:02:40.755  BIND  backend=ROOT attempt=1
09-07 06:02:40.755  CONNECTING  backend=ROOT attempt=1
09-07 06:02:40.756  BIND_SKIP  already connecting backend=ROOT
09-07 06:02:40.760  ROOT_SPAWN_CALL  token=513aea8a-dfd4-4dc5-aa71-8e6079a67507
09-07 06:02:41.966  ROOT_PROCESS_CONNECTED  token=513aea8a-dfd4-4dc5-aa71-8e6079a67507
09-07 06:02:41.967  CB_ON_CONNECTED  backend=ROOT
09-07 06:02:41.968  BINDER_CONNECTED  backend=ROOT linkToDeath ok
09-07 07:59:33.764  SESSION  app start pid=8752 device=OnePlus PKG110 api=36
09-07 07:59:33.978  BIND  backend=ROOT attempt=1
09-07 07:59:33.979  CONNECTING  backend=ROOT attempt=1
09-07 07:59:33.981  ROOT_SPAWN_CALL  token=cc6601d6-660f-40b9-a454-64b7c76c9c8f
09-07 07:59:34.790  ROOT_PROCESS_CONNECTED  token=cc6601d6-660f-40b9-a454-64b7c76c9c8f
09-07 07:59:34.791  CB_ON_CONNECTED  backend=ROOT
09-07 07:59:34.793  BINDER_CONNECTED  backend=ROOT linkToDeath ok
09-07 13:17:34.747  SESSION  app start pid=21885 device=OnePlus PKG110 api=36
09-07 13:17:35.023  BIND  backend=ROOT attempt=1
09-07 13:17:35.024  CONNECTING  backend=ROOT attempt=1
09-07 13:17:35.028  ROOT_SPAWN_CALL  token=d5efd00c-e86f-494d-86aa-9287d2e1a34d
09-07 13:17:35.958  ROOT_PROCESS_CONNECTED  token=d5efd00c-e86f-494d-86aa-9287d2e1a34d
09-07 13:17:35.958  CB_ON_CONNECTED  backend=ROOT
09-07 13:17:35.958  BINDER_CONNECTED  backend=ROOT linkToDeath ok
09-07 13:22:41.437  SESSION  app start pid=25696 device=OnePlus PKG110 api=36
09-07 13:22:41.501  BIND  backend=ROOT attempt=1
09-07 13:22:41.502  CONNECTING  backend=ROOT attempt=1
09-07 13:22:41.502  BIND_SKIP  already connecting backend=ROOT
09-07 13:22:41.503  ROOT_SPAWN_CALL  token=cc417222-b452-43dc-869b-31be5369507a
09-07 13:22:42.403  ROOT_PROCESS_CONNECTED  token=cc417222-b452-43dc-869b-31be5369507a
09-07 13:22:42.403  CB_ON_CONNECTED  backend=ROOT
09-07 13:22:42.405  BINDER_CONNECTED  backend=ROOT linkToDeath ok
09-07 16:20:42.351  SESSION  app start pid=25149 device=OnePlus PKG110 api=36
09-07 16:20:42.430  BIND  backend=ROOT attempt=1
09-07 16:20:42.430  CONNECTING  backend=ROOT attempt=1
09-07 16:20:42.432  ROOT_SPAWN_CALL  token=ebc809d4-83b5-4bcc-a3ca-49abaeb44998
09-07 16:20:43.292  ROOT_PROCESS_CONNECTED  token=ebc809d4-83b5-4bcc-a3ca-49abaeb44998
09-07 16:20:43.292  CB_ON_CONNECTED  backend=ROOT
09-07 16:20:43.292  BINDER_CONNECTED  backend=ROOT linkToDeath ok
09-08 07:00:00.303  SESSION  app start pid=2986 device=OnePlus PKG110 api=36
09-08 07:00:00.528  BIND  backend=ROOT attempt=1
09-08 07:00:00.528  CONNECTING  backend=ROOT attempt=1
09-08 07:00:00.530  ROOT_SPAWN_CALL  token=5179581a-f249-4f5a-93da-921b546d2723
09-08 07:00:01.687  ROOT_PROCESS_CONNECTED  token=5179581a-f249-4f5a-93da-921b546d2723
09-08 07:00:01.687  CB_ON_CONNECTED  backend=ROOT
09-08 07:00:01.688  BINDER_CONNECTED  backend=ROOT linkToDeath ok
09-08 13:20:10.974  SESSION  app start pid=17768 device=OnePlus PKG110 api=36
09-08 13:20:11.048  BIND  backend=ROOT attempt=1
09-08 13:20:11.049  CONNECTING  backend=ROOT attempt=1
09-08 13:20:11.051  BIND_SKIP  already connecting backend=ROOT
09-08 13:20:11.053  ROOT_SPAWN_CALL  token=8c069a03-2a6d-4a2b-bd9e-9c1bfb553203
09-08 13:20:11.990  ROOT_PROCESS_CONNECTED  token=8c069a03-2a6d-4a2b-bd9e-9c1bfb553203
09-08 13:20:11.991  CB_ON_CONNECTED  backend=ROOT
09-08 13:20:11.992  BINDER_CONNECTED  backend=ROOT linkToDeath ok
09-08 13:23:07.596  SESSION  app start pid=23365 device=OnePlus PKG110 api=36
09-08 13:23:07.666  BIND  backend=ROOT attempt=1
09-08 13:23:07.667  CONNECTING  backend=ROOT attempt=1
09-08 13:23:07.668  ROOT_SPAWN_CALL  token=aab620fe-60ed-48c0-97d5-41247a71217c
09-08 13:23:08.383  ROOT_PROCESS_CONNECTED  token=aab620fe-60ed-48c0-97d5-41247a71217c
09-08 13:23:08.384  CB_ON_CONNECTED  backend=ROOT
09-08 13:23:08.384  BINDER_CONNECTED  backend=ROOT linkToDeath ok
09-08 13:23:51.801  SESSION  app start pid=25678 device=OnePlus PKG110 api=36
09-08 13:23:51.934  BIND  backend=ROOT attempt=1
09-08 13:23:51.935  CONNECTING  backend=ROOT attempt=1
09-08 13:23:51.940  ROOT_SPAWN_CALL  token=5826f0d4-16f7-488a-b836-efa9c98b164a
09-08 13:23:52.670  ROOT_PROCESS_CONNECTED  token=5826f0d4-16f7-488a-b836-efa9c98b164a
09-08 13:23:52.670  CB_ON_CONNECTED  backend=ROOT
09-08 13:23:52.671  BINDER_CONNECTED  backend=ROOT linkToDeath ok
09-08 13:28:27.245  SESSION  app start pid=29531 device=OnePlus PKG110 api=36
09-08 13:28:27.314  BIND  backend=ROOT attempt=1
09-08 13:28:27.314  CONNECTING  backend=ROOT attempt=1
09-08 13:28:27.315  ROOT_SPAWN_CALL  token=7afa26b6-6622-4251-8bb5-b495bc6e86d8
09-08 13:28:27.862  ROOT_PROCESS_CONNECTED  token=7afa26b6-6622-4251-8bb5-b495bc6e86d8
09-08 13:28:27.863  CB_ON_CONNECTED  backend=ROOT
09-08 13:28:27.864  BINDER_CONNECTED  backend=ROOT linkToDeath ok
09-08 13:32:07.442  SESSION  app start pid=6060 device=OnePlus PKG110 api=36
09-08 13:32:07.507  BIND  backend=ROOT attempt=1
09-08 13:32:07.507  CONNECTING  backend=ROOT attempt=1
09-08 13:32:07.508  ROOT_SPAWN_CALL  token=a5c19aa6-692e-4884-97a3-59618bf89148
09-08 13:32:08.003  ROOT_PROCESS_CONNECTED  token=a5c19aa6-692e-4884-97a3-59618bf89148
09-08 13:32:08.007  CB_ON_CONNECTED  backend=ROOT
09-08 13:32:08.008  BINDER_CONNECTED  backend=ROOT linkToDeath ok
09-09 06:00:10.802  SESSION  app start pid=18974 device=OnePlus PKG110 api=36
09-09 06:00:10.859  BIND  backend=ROOT attempt=1
09-09 06:00:10.859  CONNECTING  backend=ROOT attempt=1
09-09 06:00:10.861  BIND_SKIP  already connecting backend=ROOT
09-09 06:00:10.863  ROOT_SPAWN_CALL  token=75f03d25-bb0e-4111-a6d6-b0be8748c6cf
09-09 06:00:11.414  ROOT_PROCESS_CONNECTED  token=75f03d25-bb0e-4111-a6d6-b0be8748c6cf
09-09 06:00:11.414  CB_ON_CONNECTED  backend=ROOT
09-09 06:00:11.415  BINDER_CONNECTED  backend=ROOT linkToDeath ok
09-09 08:39:35.826  SESSION  app start pid=26400 device=OnePlus PKG110 api=36
09-09 08:39:35.972  BIND  backend=ROOT attempt=1
09-09 08:39:35.975  CONNECTING  backend=ROOT attempt=1
09-09 08:39:35.978  ROOT_SPAWN_CALL  token=74d9766f-83cc-4d0d-a272-e211f503ad53
09-09 08:39:37.272  ROOT_PROCESS_CONNECTED  token=74d9766f-83cc-4d0d-a272-e211f503ad53
09-09 08:39:37.272  CB_ON_CONNECTED  backend=ROOT
09-09 08:39:37.272  BINDER_CONNECTED  backend=ROOT linkToDeath ok
09-09 09:59:45.550  SESSION  app start pid=23600 device=OnePlus PKG110 api=36
09-09 09:59:45.766  BIND  backend=ROOT attempt=1
09-09 09:59:45.766  CONNECTING  backend=ROOT attempt=1
09-09 09:59:45.770  ROOT_SPAWN_CALL  token=0ae58818-0ebc-4350-8a69-a254903841b3
09-09 09:59:46.529  ROOT_PROCESS_CONNECTED  token=0ae58818-0ebc-4350-8a69-a254903841b3
09-09 09:59:46.529  CB_ON_CONNECTED  backend=ROOT
09-09 09:59:46.529  BINDER_CONNECTED  backend=ROOT linkToDeath ok
09-09 10:07:56.900  SESSION  app start pid=32415 device=OnePlus PKG110 api=36
09-09 10:07:57.054  BIND  backend=ROOT attempt=1
09-09 10:07:57.055  CONNECTING  backend=ROOT attempt=1
09-09 10:07:57.055  ROOT_SPAWN_CALL  token=86bb3d19-e021-4387-a70a-d8956e548f2c
09-09 10:07:57.581  ROOT_PROCESS_CONNECTED  token=86bb3d19-e021-4387-a70a-d8956e548f2c
09-09 10:07:57.581  CB_ON_CONNECTED  backend=ROOT
09-09 10:07:57.581  BINDER_CONNECTED  backend=ROOT linkToDeath ok
09-09 10:10:10.893  SESSION  app start pid=2129 device=OnePlus PKG110 api=36
09-09 10:10:10.957  BIND  backend=ROOT attempt=1
09-09 10:10:10.958  CONNECTING  backend=ROOT attempt=1
09-09 10:10:10.958  BIND_SKIP  already connecting backend=ROOT
09-09 10:10:10.959  ROOT_SPAWN_CALL  token=de7a9cbc-371c-41b0-a397-fb29420e1fd3
09-09 10:10:11.454  ROOT_PROCESS_CONNECTED  token=de7a9cbc-371c-41b0-a397-fb29420e1fd3
09-09 10:10:11.454  CB_ON_CONNECTED  backend=ROOT
09-09 10:10:11.454  BINDER_CONNECTED  backend=ROOT linkToDeath ok
09-09 10:11:24.925  SESSION  app start pid=7730 device=OnePlus PKG110 api=36
09-09 10:11:24.990  BIND  backend=ROOT attempt=1
09-09 10:11:24.991  CONNECTING  backend=ROOT attempt=1
09-09 10:11:24.993  ROOT_SPAWN_CALL  token=68273922-5a3c-4a36-b92c-3876a909579f
09-09 10:11:25.497  ROOT_PROCESS_CONNECTED  token=68273922-5a3c-4a36-b92c-3876a909579f
09-09 10:11:25.497  CB_ON_CONNECTED  backend=ROOT
09-09 10:11:25.498  BINDER_CONNECTED  backend=ROOT linkToDeath ok
09-09 10:13:30.301  SESSION  app start pid=11472 device=OnePlus PKG110 api=36
09-09 10:13:30.367  BIND  backend=ROOT attempt=1
09-09 10:13:30.368  CONNECTING  backend=ROOT attempt=1
09-09 10:13:30.369  ROOT_SPAWN_CALL  token=dec53d1a-660d-44a6-b663-615f7bc4fc72
09-09 10:13:30.847  ROOT_PROCESS_CONNECTED  token=dec53d1a-660d-44a6-b663-615f7bc4fc72
09-09 10:13:30.847  CB_ON_CONNECTED  backend=ROOT
09-09 10:13:30.848  BINDER_CONNECTED  backend=ROOT linkToDeath ok
09-09 18:00:01.172  SESSION  app start pid=7290 device=OnePlus PKG110 api=36
09-09 18:00:01.363  BIND  backend=ROOT attempt=1
09-09 18:00:01.364  CONNECTING  backend=ROOT attempt=1
09-09 18:00:01.366  ROOT_SPAWN_CALL  token=c2e685e8-ac12-458d-a096-134c35917434
09-09 18:00:02.108  ROOT_PROCESS_CONNECTED  token=c2e685e8-ac12-458d-a096-134c35917434
09-09 18:00:02.108  CB_ON_CONNECTED  backend=ROOT
09-09 18:00:02.109  BINDER_CONNECTED  backend=ROOT linkToDeath ok
09-10 06:00:11.152  SESSION  app start pid=9498 device=OnePlus PKG110 api=36
09-10 06:00:11.206  BIND  backend=ROOT attempt=1
09-10 06:00:11.206  CONNECTING  backend=ROOT attempt=1
09-10 06:00:11.208  BIND_SKIP  already connecting backend=ROOT
09-10 06:00:11.209  ROOT_SPAWN_CALL  token=caa26fe1-d9ce-468a-b67f-4fbb4dae6d0b
09-10 06:00:13.365  ROOT_PROCESS_CONNECTED  token=caa26fe1-d9ce-468a-b67f-4fbb4dae6d0b
09-10 06:00:13.365  CB_ON_CONNECTED  backend=ROOT
09-10 06:00:13.366  BINDER_CONNECTED  backend=ROOT linkToDeath ok
09-10 10:15:12.075  SESSION  app start pid=4710 device=OnePlus PKG110 api=36
09-10 10:15:12.134  BIND  backend=ROOT attempt=1
09-10 10:15:12.134  CONNECTING  backend=ROOT attempt=1
09-10 10:15:12.135  BIND_SKIP  already connecting backend=ROOT
09-10 10:15:12.136  ROOT_SPAWN_CALL  token=6e24e2b5-bef3-47af-9e81-de8142b1ec5c
09-10 10:15:12.853  ROOT_PROCESS_CONNECTED  token=6e24e2b5-bef3-47af-9e81-de8142b1ec5c
09-10 10:15:12.853  CB_ON_CONNECTED  backend=ROOT
09-10 10:15:12.854  BINDER_CONNECTED  backend=ROOT linkToDeath ok
09-10 10:16:25.575  SESSION  app start pid=9329 device=OnePlus PKG110 api=36
09-10 10:16:25.652  BIND  backend=ROOT attempt=1
09-10 10:16:25.652  CONNECTING  backend=ROOT attempt=1
09-10 10:16:25.654  ROOT_SPAWN_CALL  token=81461a38-a661-4c64-a1f7-f61010a22933
09-10 10:16:26.530  ROOT_PROCESS_CONNECTED  token=81461a38-a661-4c64-a1f7-f61010a22933
09-10 10:16:26.531  CB_ON_CONNECTED  backend=ROOT
09-10 10:16:26.532  BINDER_CONNECTED  backend=ROOT linkToDeath ok
09-10 12:55:46.544  SESSION  app start pid=16160 device=OnePlus PKG110 api=36
09-10 12:55:46.642  BIND  backend=ROOT attempt=1
09-10 12:55:46.643  CONNECTING  backend=ROOT attempt=1
09-10 12:55:46.644  ROOT_SPAWN_CALL  token=bbac386c-16d0-4084-8197-6e69bc4be69f
09-10 12:55:47.885  ROOT_PROCESS_CONNECTED  token=bbac386c-16d0-4084-8197-6e69bc4be69f
09-10 12:55:47.886  CB_ON_CONNECTED  backend=ROOT
09-10 12:55:47.887  BINDER_CONNECTED  backend=ROOT linkToDeath ok
09-10 13:30:54.121  SESSION  app start pid=18803 device=OnePlus PKG110 api=36
09-10 13:30:54.198  BIND  backend=ROOT attempt=1
09-10 13:30:54.199  CONNECTING  backend=ROOT attempt=1
09-10 13:30:54.201  ROOT_SPAWN_CALL  token=df98b904-47f6-4953-bfa4-6ba8c3c582d3
09-10 13:30:54.683  ROOT_PROCESS_CONNECTED  token=df98b904-47f6-4953-bfa4-6ba8c3c582d3
09-10 13:30:54.683  CB_ON_CONNECTED  backend=ROOT
09-10 13:30:54.684  BINDER_CONNECTED  backend=ROOT linkToDeath ok
09-10 18:00:01.851  SESSION  app start pid=4498 device=OnePlus PKG110 api=36
09-10 18:00:02.045  BIND  backend=ROOT attempt=1
09-10 18:00:02.045  CONNECTING  backend=ROOT attempt=1
09-10 18:00:02.046  ROOT_SPAWN_CALL  token=474e279c-7605-41b9-82e9-26febab833bd
09-10 18:00:02.784  ROOT_PROCESS_CONNECTED  token=474e279c-7605-41b9-82e9-26febab833bd
09-10 18:00:02.784  CB_ON_CONNECTED  backend=ROOT
09-10 18:00:02.785  BINDER_CONNECTED  backend=ROOT linkToDeath ok
09-10 18:22:47.398  SESSION  app start pid=14679 device=OnePlus PKG110 api=36
09-10 18:22:47.569  BIND  backend=ROOT attempt=1
09-10 18:22:47.569  CONNECTING  backend=ROOT attempt=1
09-10 18:22:47.570  ROOT_SPAWN_CALL  token=3ba7d3fb-9cad-412d-b736-8c758a3d2fa7
09-10 18:22:48.243  ROOT_PROCESS_CONNECTED  token=3ba7d3fb-9cad-412d-b736-8c758a3d2fa7
09-10 18:22:48.243  CB_ON_CONNECTED  backend=ROOT
09-10 18:22:48.244  BINDER_CONNECTED  backend=ROOT linkToDeath ok
09-10 18:25:11.806  SESSION  app start pid=19135 device=OnePlus PKG110 api=36
09-10 18:25:11.877  BIND  backend=ROOT attempt=1
09-10 18:25:11.878  CONNECTING  backend=ROOT attempt=1
09-10 18:25:11.879  BIND_SKIP  already connecting backend=ROOT
09-10 18:25:11.879  ROOT_SPAWN_CALL  token=29a30ef3-e655-40fa-8a8f-c0c3e7cc8733
09-10 18:25:12.518  ROOT_PROCESS_CONNECTED  token=29a30ef3-e655-40fa-8a8f-c0c3e7cc8733
09-10 18:25:12.519  CB_ON_CONNECTED  backend=ROOT
09-10 18:25:12.524  BINDER_CONNECTED  backend=ROOT linkToDeath ok
09-10 18:45:10.850  SESSION  app start pid=7279 device=OnePlus PKG110 api=36
09-10 18:45:10.940  BIND  backend=ROOT attempt=1
09-10 18:45:10.940  CONNECTING  backend=ROOT attempt=1
09-10 18:45:10.941  BIND_SKIP  already connecting backend=ROOT
09-10 18:45:10.942  ROOT_SPAWN_CALL  token=2c7ee083-6fbf-4dcd-a479-64ede98eb88a
09-10 18:45:11.745  ROOT_PROCESS_CONNECTED  token=2c7ee083-6fbf-4dcd-a479-64ede98eb88a
09-10 18:45:11.746  CB_ON_CONNECTED  backend=ROOT
09-10 18:45:11.751  BINDER_CONNECTED  backend=ROOT linkToDeath ok
09-11 06:00:11.376  SESSION  app start pid=24611 device=OnePlus PKG110 api=36
09-11 06:00:11.440  BIND  backend=ROOT attempt=1
09-11 06:00:11.440  CONNECTING  backend=ROOT attempt=1
09-11 06:00:11.441  BIND_SKIP  already connecting backend=ROOT
09-11 06:00:11.442  ROOT_SPAWN_CALL  token=f6df3e94-b342-41b0-aa1b-c6b6497ca0ff
09-11 06:00:12.391  ROOT_PROCESS_CONNECTED  token=f6df3e94-b342-41b0-aa1b-c6b6497ca0ff
09-11 06:00:12.392  CB_ON_CONNECTED  backend=ROOT
09-11 06:00:12.393  BINDER_CONNECTED  backend=ROOT linkToDeath ok
09-11 18:00:01.445  SESSION  app start pid=9590 device=OnePlus PKG110 api=36
09-11 18:00:01.502  BIND  backend=ROOT attempt=1
09-11 18:00:01.502  CONNECTING  backend=ROOT attempt=1
09-11 18:00:01.503  ROOT_SPAWN_CALL  token=8bd56c52-ff72-4e2c-87d2-1b8901e0a333
09-11 18:00:02.500  ROOT_PROCESS_CONNECTED  token=8bd56c52-ff72-4e2c-87d2-1b8901e0a333
09-11 18:00:02.500  CB_ON_CONNECTED  backend=ROOT
09-11 18:00:02.500  BINDER_CONNECTED  backend=ROOT linkToDeath ok
09-11 18:45:10.900  SESSION  app start pid=29898 device=OnePlus PKG110 api=36
09-11 18:45:10.964  BIND  backend=ROOT attempt=1
09-11 18:45:10.965  CONNECTING  backend=ROOT attempt=1
09-11 18:45:10.966  BIND_SKIP  already connecting backend=ROOT
09-11 18:45:10.967  ROOT_SPAWN_CALL  token=7c3d82a1-92bb-4f0a-936c-9b95d233ebf3
09-11 18:45:11.465  ROOT_PROCESS_CONNECTED  token=7c3d82a1-92bb-4f0a-936c-9b95d233ebf3
09-11 18:45:11.466  CB_ON_CONNECTED  backend=ROOT
09-11 18:45:11.469  BINDER_CONNECTED  backend=ROOT linkToDeath ok
09-12 06:00:11.563  SESSION  app start pid=4429 device=OnePlus PKG110 api=36
09-12 06:00:11.617  BIND  backend=ROOT attempt=1
09-12 06:00:11.617  CONNECTING  backend=ROOT attempt=1
09-12 06:00:11.618  BIND_SKIP  already connecting backend=ROOT
09-12 06:00:11.619  ROOT_SPAWN_CALL  token=8e57b021-1a2b-4ffa-8aa8-a72352d55a0d
09-12 06:00:12.527  ROOT_PROCESS_CONNECTED  token=8e57b021-1a2b-4ffa-8aa8-a72352d55a0d
09-12 06:00:12.527  CB_ON_CONNECTED  backend=ROOT
09-12 06:00:12.528  BINDER_CONNECTED  backend=ROOT linkToDeath ok
09-12 18:00:00.987  SESSION  app start pid=32708 device=OnePlus PKG110 api=36
09-12 18:00:01.081  BIND  backend=ROOT attempt=1
09-12 18:00:01.081  CONNECTING  backend=ROOT attempt=1
09-12 18:00:01.082  ROOT_SPAWN_CALL  token=0140fb3f-c678-4fa9-88b2-1063dc6a8d0e
09-12 18:00:01.991  ROOT_PROCESS_CONNECTED  token=0140fb3f-c678-4fa9-88b2-1063dc6a8d0e
09-12 18:00:01.991  CB_ON_CONNECTED  backend=ROOT
09-12 18:00:01.992  BINDER_CONNECTED  backend=ROOT linkToDeath ok
09-12 20:28:24.108  SESSION  app start pid=26195 device=OnePlus PKG110 api=36
09-12 20:28:24.206  BIND  backend=ROOT attempt=1
09-12 20:28:24.207  CONNECTING  backend=ROOT attempt=1
09-12 20:28:24.210  ROOT_SPAWN_CALL  token=dee9f853-d0d2-43f0-a877-81b116aad30a
09-12 20:28:25.019  ROOT_PROCESS_CONNECTED  token=dee9f853-d0d2-43f0-a877-81b116aad30a
09-12 20:28:25.019  CB_ON_CONNECTED  backend=ROOT
09-12 20:28:25.023  BINDER_CONNECTED  backend=ROOT linkToDeath ok
09-12 20:41:43.923  SESSION  app start pid=26150 device=OnePlus PKG110 api=36
09-12 20:41:44.001  BIND  backend=ROOT attempt=1
09-12 20:41:44.002  CONNECTING  backend=ROOT attempt=1
09-12 20:41:44.006  ROOT_SPAWN_CALL  token=f2830d15-e134-427e-bda8-605e4029877a
09-12 20:41:44.861  ROOT_PROCESS_CONNECTED  token=f2830d15-e134-427e-bda8-605e4029877a
09-12 20:41:44.862  CB_ON_CONNECTED  backend=ROOT
09-12 20:41:44.864  BINDER_CONNECTED  backend=ROOT linkToDeath ok
09-12 20:47:22.988  SESSION  app start pid=24197 device=OnePlus PKG110 api=36
09-12 20:47:23.090  BIND  backend=ROOT attempt=1
09-12 20:47:23.090  CONNECTING  backend=ROOT attempt=1
09-12 20:47:23.092  ROOT_SPAWN_CALL  token=95df2b88-b10b-4bea-9934-cc74b61fcf96
09-12 20:47:23.796  ROOT_PROCESS_CONNECTED  token=95df2b88-b10b-4bea-9934-cc74b61fcf96
09-12 20:47:23.796  CB_ON_CONNECTED  backend=ROOT
09-12 20:47:23.800  BINDER_CONNECTED  backend=ROOT linkToDeath ok
09-13 00:28:00.307  SESSION  app start pid=23493 device=OnePlus PKG110 api=36
09-13 00:28:00.431  BIND  backend=ROOT attempt=1
09-13 00:28:00.432  CONNECTING  backend=ROOT attempt=1
09-13 00:28:00.434  ROOT_SPAWN_CALL  token=7471981a-7db0-42d0-82e5-ff08f8ab6958
09-13 00:28:01.255  ROOT_PROCESS_CONNECTED  token=7471981a-7db0-42d0-82e5-ff08f8ab6958
09-13 00:28:01.255  CB_ON_CONNECTED  backend=ROOT
09-13 00:28:01.256  BINDER_CONNECTED  backend=ROOT linkToDeath ok
09-13 00:50:43.749  SESSION  app start pid=28784 device=OnePlus PKG110 api=36
09-13 00:50:43.849  BIND  backend=ROOT attempt=1
09-13 00:50:43.850  CONNECTING  backend=ROOT attempt=1
09-13 00:50:43.855  ROOT_SPAWN_CALL  token=bacbc122-cf8c-4483-8bb7-2152ad5432ff
09-13 00:50:44.543  ROOT_PROCESS_CONNECTED  token=bacbc122-cf8c-4483-8bb7-2152ad5432ff
09-13 00:50:44.544  CB_ON_CONNECTED  backend=ROOT
09-13 00:50:44.545  BINDER_CONNECTED  backend=ROOT linkToDeath ok
09-13 01:00:29.305  SESSION  app start pid=24507 device=OnePlus PKG110 api=36
09-13 01:00:29.416  BIND  backend=ROOT attempt=1
09-13 01:00:29.416  CONNECTING  backend=ROOT attempt=1
09-13 01:00:29.420  ROOT_SPAWN_CALL  token=3362dab4-3456-43e4-86ec-9f994edf5d28
09-13 01:00:30.323  ROOT_PROCESS_CONNECTED  token=3362dab4-3456-43e4-86ec-9f994edf5d28
09-13 01:00:30.325  CB_ON_CONNECTED  backend=ROOT
09-13 01:00:30.326  BINDER_CONNECTED  backend=ROOT linkToDeath ok
09-13 01:12:42.505  SESSION  app start pid=25150 device=OnePlus PKG110 api=36
09-13 01:12:42.609  BIND  backend=ROOT attempt=1
09-13 01:12:42.610  CONNECTING  backend=ROOT attempt=1
09-13 01:12:42.613  ROOT_SPAWN_CALL  token=7e93519c-5bc0-4cc9-b93d-8b1726f5bf42
09-13 01:12:43.237  ROOT_PROCESS_CONNECTED  token=7e93519c-5bc0-4cc9-b93d-8b1726f5bf42
09-13 01:12:43.238  CB_ON_CONNECTED  backend=ROOT
09-13 01:12:43.240  BINDER_CONNECTED  backend=ROOT linkToDeath ok
09-13 01:49:27.497  SESSION  app start pid=25194 device=OnePlus PKG110 api=36
09-13 01:49:27.607  BIND  backend=ROOT attempt=1
09-13 01:49:27.607  CONNECTING  backend=ROOT attempt=1
09-13 01:49:27.612  ROOT_SPAWN_CALL  token=8570596a-9135-4d01-addb-5404127a9930
09-13 01:49:28.355  ROOT_PROCESS_CONNECTED  token=8570596a-9135-4d01-addb-5404127a9930
09-13 01:49:28.355  CB_ON_CONNECTED  backend=ROOT
09-13 01:49:28.357  BINDER_CONNECTED  backend=ROOT linkToDeath ok
09-13 01:55:11.285  SESSION  app start pid=24414 device=OnePlus PKG110 api=36
09-13 01:55:11.365  BIND  backend=ROOT attempt=1
09-13 01:55:11.365  CONNECTING  backend=ROOT attempt=1
09-13 01:55:11.368  ROOT_SPAWN_CALL  token=c04a2865-72f1-4456-8cab-128e712654b0
09-13 01:55:11.956  ROOT_PROCESS_CONNECTED  token=c04a2865-72f1-4456-8cab-128e712654b0
09-13 01:55:11.957  CB_ON_CONNECTED  backend=ROOT
09-13 01:55:11.957  BINDER_CONNECTED  backend=ROOT linkToDeath ok
09-13 02:08:48.642  SESSION  app start pid=31201 device=OnePlus PKG110 api=36
09-13 02:08:48.755  BIND  backend=ROOT attempt=1
09-13 02:08:48.756  CONNECTING  backend=ROOT attempt=1
09-13 02:08:48.760  ROOT_SPAWN_CALL  token=6e7f4805-eb48-41bf-9661-c8ebd903d31c
09-13 02:08:49.521  ROOT_PROCESS_CONNECTED  token=6e7f4805-eb48-41bf-9661-c8ebd903d31c
09-13 02:08:49.522  CB_ON_CONNECTED  backend=ROOT
09-13 02:08:49.523  BINDER_CONNECTED  backend=ROOT linkToDeath ok
09-13 09:45:45.343  SESSION  app start pid=26180 device=OnePlus PKG110 api=36
09-13 09:45:45.455  BIND  backend=ROOT attempt=1
09-13 09:45:45.456  CONNECTING  backend=ROOT attempt=1
09-13 09:45:45.465  ROOT_SPAWN_CALL  token=11844a6e-6144-4933-ae56-94783b1cf3ac
09-13 09:45:46.326  ROOT_PROCESS_CONNECTED  token=11844a6e-6144-4933-ae56-94783b1cf3ac
09-13 09:45:46.327  CB_ON_CONNECTED  backend=ROOT
09-13 09:45:46.329  BINDER_CONNECTED  backend=ROOT linkToDeath ok
09-13 12:42:50.564  SESSION  app start pid=20926 device=OnePlus PKG110 api=36
09-13 12:42:50.650  BIND  backend=ROOT attempt=1
09-13 12:42:50.652  CONNECTING  backend=ROOT attempt=1
09-13 12:42:50.654  ROOT_SPAWN_CALL  token=90e0f3cb-6bd1-4a40-8ee3-d1807e3f59e3
09-13 12:42:51.184  ROOT_PROCESS_CONNECTED  token=90e0f3cb-6bd1-4a40-8ee3-d1807e3f59e3
09-13 12:42:51.185  CB_ON_CONNECTED  backend=ROOT
09-13 12:42:51.185  BINDER_CONNECTED  backend=ROOT linkToDeath ok
09-13 17:58:25.982  SESSION  app start pid=15373 device=OnePlus PKG110 api=36
09-13 17:58:26.028  BIND  backend=ROOT attempt=1
09-13 17:58:26.028  CONNECTING  backend=ROOT attempt=1
09-13 17:58:26.030  BIND_SKIP  already connecting backend=ROOT
09-13 17:58:26.031  ROOT_SPAWN_CALL  token=6788b22c-fd6f-49b3-9516-68037c8ed237
09-13 17:58:26.765  ROOT_PROCESS_CONNECTED  token=6788b22c-fd6f-49b3-9516-68037c8ed237
09-13 17:58:26.766  CB_ON_CONNECTED  backend=ROOT
09-13 17:58:26.768  BINDER_CONNECTED  backend=ROOT linkToDeath ok
09-13 18:50:00.297  SESSION  app start pid=26088 device=OnePlus PKG110 api=36
09-13 18:50:00.415  BIND  backend=ROOT attempt=1
09-13 18:50:00.416  CONNECTING  backend=ROOT attempt=1
09-13 18:50:00.421  ROOT_SPAWN_CALL  token=f4c6da2b-9977-4d21-b35f-e95123025e8d
09-13 18:50:00.994  ROOT_PROCESS_CONNECTED  token=f4c6da2b-9977-4d21-b35f-e95123025e8d
09-13 18:50:00.995  CB_ON_CONNECTED  backend=ROOT
09-13 18:50:00.995  BINDER_CONNECTED  backend=ROOT linkToDeath ok
09-14 05:59:12.052  SESSION  app start pid=24877 device=OnePlus PKG110 api=36
09-14 05:59:12.100  BIND  backend=ROOT attempt=1
09-14 05:59:12.101  CONNECTING  backend=ROOT attempt=1
09-14 05:59:12.101  BIND_SKIP  already connecting backend=ROOT
09-14 05:59:12.102  ROOT_SPAWN_CALL  token=8b52693b-4c61-4e3e-bb7c-f9b3a8271ddb
09-14 05:59:12.884  ROOT_PROCESS_CONNECTED  token=8b52693b-4c61-4e3e-bb7c-f9b3a8271ddb
09-14 05:59:12.884  CB_ON_CONNECTED  backend=ROOT
09-14 05:59:12.885  BINDER_CONNECTED  backend=ROOT linkToDeath ok
09-14 17:59:11.762  SESSION  app start pid=10804 device=OnePlus PKG110 api=36
09-14 17:59:11.816  BIND  backend=ROOT attempt=1
09-14 17:59:11.817  CONNECTING  backend=ROOT attempt=1
09-14 17:59:11.817  BIND_SKIP  already connecting backend=ROOT
09-14 17:59:11.818  ROOT_SPAWN_CALL  token=0351b23c-07f6-415c-9d55-c7fb5411f0f0
09-14 17:59:12.635  ROOT_PROCESS_CONNECTED  token=0351b23c-07f6-415c-9d55-c7fb5411f0f0
09-14 17:59:12.635  CB_ON_CONNECTED  backend=ROOT
09-14 17:59:12.637  BINDER_CONNECTED  backend=ROOT linkToDeath ok
09-15 05:59:11.262  SESSION  app start pid=17524 device=OnePlus PKG110 api=36
09-15 05:59:11.317  BIND  backend=ROOT attempt=1
09-15 05:59:11.318  CONNECTING  backend=ROOT attempt=1
09-15 05:59:11.318  BIND_SKIP  already connecting backend=ROOT
09-15 05:59:11.319  ROOT_SPAWN_CALL  token=c99f3ef3-d0f8-4916-8b8e-a543121eeb82
09-15 05:59:11.960  ROOT_PROCESS_CONNECTED  token=c99f3ef3-d0f8-4916-8b8e-a543121eeb82
09-15 05:59:11.960  CB_ON_CONNECTED  backend=ROOT
09-15 05:59:11.962  BINDER_CONNECTED  backend=ROOT linkToDeath ok
09-15 17:59:10.285  SESSION  app start pid=29764 device=OnePlus PKG110 api=36
09-15 17:59:10.339  BIND  backend=ROOT attempt=1
09-15 17:59:10.339  CONNECTING  backend=ROOT attempt=1
09-15 17:59:10.341  BIND_SKIP  already connecting backend=ROOT
09-15 17:59:10.342  ROOT_SPAWN_CALL  token=9b1f2d4c-5c25-4e1c-a3dd-049e709a5110
09-15 17:59:11.262  ROOT_PROCESS_CONNECTED  token=9b1f2d4c-5c25-4e1c-a3dd-049e709a5110
09-15 17:59:11.263  CB_ON_CONNECTED  backend=ROOT
09-15 17:59:11.265  BINDER_CONNECTED  backend=ROOT linkToDeath ok
09-16 05:59:11.493  SESSION  app start pid=4403 device=OnePlus PKG110 api=36
09-16 05:59:11.547  BIND  backend=ROOT attempt=1
09-16 05:59:11.547  CONNECTING  backend=ROOT attempt=1
09-16 05:59:11.548  BIND_SKIP  already connecting backend=ROOT
09-16 05:59:11.549  ROOT_SPAWN_CALL  token=13213101-f938-4faf-aa87-925b14bc658b
09-16 05:59:12.447  ROOT_PROCESS_CONNECTED  token=13213101-f938-4faf-aa87-925b14bc658b
09-16 05:59:12.448  CB_ON_CONNECTED  backend=ROOT
09-16 05:59:12.448  BINDER_CONNECTED  backend=ROOT linkToDeath ok
09-16 17:59:10.290  SESSION  app start pid=32498 device=OnePlus PKG110 api=36
09-16 17:59:10.340  BIND  backend=ROOT attempt=1
09-16 17:59:10.341  CONNECTING  backend=ROOT attempt=1
09-16 17:59:10.343  BIND_SKIP  already connecting backend=ROOT
09-16 17:59:10.345  ROOT_SPAWN_CALL  token=15b01b06-5fa9-47ec-bab2-b3fcbd9f168f
09-16 17:59:11.155  ROOT_PROCESS_CONNECTED  token=15b01b06-5fa9-47ec-bab2-b3fcbd9f168f
09-16 17:59:11.155  CB_ON_CONNECTED  backend=ROOT
09-16 17:59:11.155  BINDER_CONNECTED  backend=ROOT linkToDeath ok
09-17 05:59:10.194  SESSION  app start pid=22596 device=OnePlus PKG110 api=36
09-17 05:59:10.258  BIND  backend=ROOT attempt=1
09-17 05:59:10.259  CONNECTING  backend=ROOT attempt=1
09-17 05:59:10.260  BIND_SKIP  already connecting backend=ROOT
09-17 05:59:10.261  ROOT_SPAWN_CALL  token=f34357ee-a228-4cbb-8c79-a442e2477f13
09-17 05:59:10.929  ROOT_PROCESS_CONNECTED  token=f34357ee-a228-4cbb-8c79-a442e2477f13
09-17 05:59:10.930  CB_ON_CONNECTED  backend=ROOT
09-17 05:59:10.931  BINDER_CONNECTED  backend=ROOT linkToDeath ok
09-17 17:59:10.162  SESSION  app start pid=9534 device=OnePlus PKG110 api=36
09-17 17:59:10.207  BIND  backend=ROOT attempt=1
09-17 17:59:10.208  CONNECTING  backend=ROOT attempt=1
09-17 17:59:10.208  BIND_SKIP  already connecting backend=ROOT
09-17 17:59:10.209  ROOT_SPAWN_CALL  token=19a1ff5f-c116-4dd3-b277-21ed8e1acf4f
09-17 17:59:11.267  ROOT_PROCESS_CONNECTED  token=19a1ff5f-c116-4dd3-b277-21ed8e1acf4f
09-17 17:59:11.267  CB_ON_CONNECTED  backend=ROOT
09-17 17:59:11.268  BINDER_CONNECTED  backend=ROOT linkToDeath ok
09-18 05:59:11.845  SESSION  app start pid=11595 device=OnePlus PKG110 api=36
09-18 05:59:11.898  BIND  backend=ROOT attempt=1
09-18 05:59:11.899  CONNECTING  backend=ROOT attempt=1
09-18 05:59:11.900  BIND_SKIP  already connecting backend=ROOT
09-18 05:59:11.900  ROOT_SPAWN_CALL  token=22dfa7bb-bc12-4c4c-8e4b-03a930d86235
09-18 05:59:12.439  ROOT_PROCESS_CONNECTED  token=22dfa7bb-bc12-4c4c-8e4b-03a930d86235
09-18 05:59:12.440  CB_ON_CONNECTED  backend=ROOT
09-18 05:59:12.441  BINDER_CONNECTED  backend=ROOT linkToDeath ok
09-18 17:59:10.343  SESSION  app start pid=16154 device=OnePlus PKG110 api=36
09-18 17:59:10.397  BIND  backend=ROOT attempt=1
09-18 17:59:10.398  CONNECTING  backend=ROOT attempt=1
09-18 17:59:10.398  BIND_SKIP  already connecting backend=ROOT
09-18 17:59:10.400  ROOT_SPAWN_CALL  token=9a7d2f19-dfb9-47f4-887a-f3eeca22e51f
09-18 17:59:11.202  ROOT_PROCESS_CONNECTED  token=9a7d2f19-dfb9-47f4-887a-f3eeca22e51f
09-18 17:59:11.202  CB_ON_CONNECTED  backend=ROOT
09-18 17:59:11.203  BINDER_CONNECTED  backend=ROOT linkToDeath ok
09-19 05:59:11.024  SESSION  app start pid=26549 device=OnePlus PKG110 api=36
09-19 05:59:11.085  BIND  backend=ROOT attempt=1
09-19 05:59:11.086  CONNECTING  backend=ROOT attempt=1
09-19 05:59:11.087  BIND_SKIP  already connecting backend=ROOT
09-19 05:59:11.088  ROOT_SPAWN_CALL  token=60ed9387-8527-442d-b458-c42888984e50
09-19 05:59:11.723  ROOT_PROCESS_CONNECTED  token=60ed9387-8527-442d-b458-c42888984e50
09-19 05:59:11.723  CB_ON_CONNECTED  backend=ROOT
09-19 05:59:11.724  BINDER_CONNECTED  backend=ROOT linkToDeath ok
09-19 17:59:11.704  SESSION  app start pid=17794 device=OnePlus PKG110 api=36
09-19 17:59:11.749  BIND  backend=ROOT attempt=1
09-19 17:59:11.750  CONNECTING  backend=ROOT attempt=1
09-19 17:59:11.750  BIND_SKIP  already connecting backend=ROOT
09-19 17:59:11.751  ROOT_SPAWN_CALL  token=32b79cb7-e8b6-4c5f-b215-2d8be5a4414b
09-19 17:59:12.546  ROOT_PROCESS_CONNECTED  token=32b79cb7-e8b6-4c5f-b215-2d8be5a4414b
09-19 17:59:12.546  CB_ON_CONNECTED  backend=ROOT
09-19 17:59:12.546  BINDER_CONNECTED  backend=ROOT linkToDeath ok
09-20 05:59:11.260  SESSION  app start pid=15163 device=OnePlus PKG110 api=36
09-20 05:59:11.302  BIND  backend=ROOT attempt=1
09-20 05:59:11.302  CONNECTING  backend=ROOT attempt=1
09-20 05:59:11.303  BIND_SKIP  already connecting backend=ROOT
09-20 05:59:11.304  ROOT_SPAWN_CALL  token=6040eaf3-e1ae-4063-a4f4-8efd098c085e
09-20 05:59:12.154  ROOT_PROCESS_CONNECTED  token=6040eaf3-e1ae-4063-a4f4-8efd098c085e
09-20 05:59:12.154  CB_ON_CONNECTED  backend=ROOT
09-20 05:59:12.156  BINDER_CONNECTED  backend=ROOT linkToDeath ok
09-20 17:59:10.937  SESSION  app start pid=18575 device=OnePlus PKG110 api=36
09-20 17:59:11.001  BIND  backend=ROOT attempt=1
09-20 17:59:11.001  CONNECTING  backend=ROOT attempt=1
09-20 17:59:11.002  BIND_SKIP  already connecting backend=ROOT
09-20 17:59:11.004  ROOT_SPAWN_CALL  token=6e43bd1d-11e2-4727-a9c9-af6bb30d4ab8
09-20 17:59:11.916  ROOT_PROCESS_CONNECTED  token=6e43bd1d-11e2-4727-a9c9-af6bb30d4ab8
09-20 17:59:11.916  CB_ON_CONNECTED  backend=ROOT
09-20 17:59:11.917  BINDER_CONNECTED  backend=ROOT linkToDeath ok
09-21 05:59:11.490  SESSION  app start pid=12358 device=OnePlus PKG110 api=36
09-21 05:59:11.542  BIND  backend=ROOT attempt=1
09-21 05:59:11.543  CONNECTING  backend=ROOT attempt=1
09-21 05:59:11.543  BIND_SKIP  already connecting backend=ROOT
09-21 05:59:11.545  ROOT_SPAWN_CALL  token=7178058c-d82c-4158-a56c-3b1869324030
09-21 05:59:12.115  ROOT_PROCESS_CONNECTED  token=7178058c-d82c-4158-a56c-3b1869324030
09-21 05:59:12.116  CB_ON_CONNECTED  backend=ROOT
09-21 05:59:12.117  BINDER_CONNECTED  backend=ROOT linkToDeath ok
09-21 17:59:10.809  SESSION  app start pid=16137 device=OnePlus PKG110 api=36
09-21 17:59:10.868  BIND  backend=ROOT attempt=1
09-21 17:59:10.869  CONNECTING  backend=ROOT attempt=1
09-21 17:59:10.870  BIND_SKIP  already connecting backend=ROOT
09-21 17:59:10.871  ROOT_SPAWN_CALL  token=c53ecf5d-052f-4c11-88b9-dc8cd3ccf773
09-21 17:59:11.430  ROOT_PROCESS_CONNECTED  token=c53ecf5d-052f-4c11-88b9-dc8cd3ccf773
09-21 17:59:11.430  CB_ON_CONNECTED  backend=ROOT
09-21 17:59:11.431  BINDER_CONNECTED  backend=ROOT linkToDeath ok
09-22 05:59:11.606  SESSION  app start pid=793 device=OnePlus PKG110 api=36
09-22 05:59:11.659  BIND  backend=ROOT attempt=1
09-22 05:59:11.659  CONNECTING  backend=ROOT attempt=1
09-22 05:59:11.660  BIND_SKIP  already connecting backend=ROOT
09-22 05:59:11.661  ROOT_SPAWN_CALL  token=22bbb8a6-c97d-4f50-ba92-72d12747f7d1
09-22 05:59:12.474  ROOT_PROCESS_CONNECTED  token=22bbb8a6-c97d-4f50-ba92-72d12747f7d1
09-22 05:59:12.474  CB_ON_CONNECTED  backend=ROOT
09-22 05:59:12.475  BINDER_CONNECTED  backend=ROOT linkToDeath ok
09-22 15:16:55.254  SESSION  app start pid=20573 device=OnePlus PKG110 api=36
09-22 15:16:55.332  BIND  backend=ROOT attempt=1
09-22 15:16:55.333  CONNECTING  backend=ROOT attempt=1
09-22 15:16:55.334  ROOT_SPAWN_CALL  token=8bfefcc3-0971-4ef1-87ce-5afc23dfd8ce
09-22 15:16:55.878  ROOT_PROCESS_CONNECTED  token=8bfefcc3-0971-4ef1-87ce-5afc23dfd8ce
09-22 15:16:55.878  CB_ON_CONNECTED  backend=ROOT
09-22 15:16:55.879  BINDER_CONNECTED  backend=ROOT linkToDeath ok
09-22 16:11:22.361  SESSION  app start pid=20977 device=OnePlus PKG110 api=36
09-22 16:11:22.454  BIND  backend=ROOT attempt=1
09-22 16:11:22.456  CONNECTING  backend=ROOT attempt=1
09-22 16:11:22.459  ROOT_SPAWN_CALL  token=a17d0216-5038-444d-8265-fdf6b4eefd5c
09-22 16:11:23.036  ROOT_PROCESS_CONNECTED  token=a17d0216-5038-444d-8265-fdf6b4eefd5c
09-22 16:11:23.037  CB_ON_CONNECTED  backend=ROOT
09-22 16:11:23.038  BINDER_CONNECTED  backend=ROOT linkToDeath ok
09-22 22:50:48.587  SESSION  app start pid=25941 device=OnePlus PKG110 api=36
09-22 22:50:48.678  BIND  backend=ROOT attempt=1
09-22 22:50:48.679  CONNECTING  backend=ROOT attempt=1
09-22 22:50:48.683  ROOT_SPAWN_CALL  token=8f831931-2ad3-49c9-80e1-aed539f531fd
09-22 22:50:49.157  ROOT_PROCESS_CONNECTED  token=8f831931-2ad3-49c9-80e1-aed539f531fd
09-22 22:50:49.158  CB_ON_CONNECTED  backend=ROOT
09-22 22:50:49.158  BINDER_CONNECTED  backend=ROOT linkToDeath ok
09-23 03:25:36.722  SESSION  app start pid=20908 device=OnePlus PKG110 api=36
09-23 03:25:36.807  BIND  backend=ROOT attempt=1
09-23 03:25:36.807  CONNECTING  backend=ROOT attempt=1
09-23 03:25:36.809  ROOT_SPAWN_CALL  token=ae9b78a7-6cc2-46c5-b9a4-5f598d09fced
09-23 03:25:37.461  ROOT_PROCESS_CONNECTED  token=ae9b78a7-6cc2-46c5-b9a4-5f598d09fced
09-23 03:25:37.461  CB_ON_CONNECTED  backend=ROOT
09-23 03:25:37.462  BINDER_CONNECTED  backend=ROOT linkToDeath ok
09-23 08:02:48.012  SESSION  app start pid=21420 device=OnePlus PKG110 api=36
09-23 08:02:48.101  BIND  backend=ROOT attempt=1
09-23 08:02:48.101  CONNECTING  backend=ROOT attempt=1
09-23 08:02:48.103  ROOT_SPAWN_CALL  token=e5e7319d-1cf1-4fff-8b45-0dccbb54f6bc
09-23 08:02:48.783  ROOT_PROCESS_CONNECTED  token=e5e7319d-1cf1-4fff-8b45-0dccbb54f6bc
09-23 08:02:48.783  CB_ON_CONNECTED  backend=ROOT
09-23 08:02:48.784  BINDER_CONNECTED  backend=ROOT linkToDeath ok
09-23 08:11:50.563  SESSION  app start pid=20584 device=OnePlus PKG110 api=36
09-23 08:11:50.656  BIND  backend=ROOT attempt=1
09-23 08:11:50.656  CONNECTING  backend=ROOT attempt=1
09-23 08:11:50.657  ROOT_SPAWN_CALL  token=deadd926-0138-4b3e-81b8-a7304f212575
09-23 08:11:51.283  ROOT_PROCESS_CONNECTED  token=deadd926-0138-4b3e-81b8-a7304f212575
09-23 08:11:51.284  CB_ON_CONNECTED  backend=ROOT
09-23 08:11:51.285  BINDER_CONNECTED  backend=ROOT linkToDeath ok
09-23 08:21:58.546  SESSION  app start pid=23898 device=OnePlus PKG110 api=36
09-23 08:21:58.610  BIND  backend=ROOT attempt=1
09-23 08:21:58.610  CONNECTING  backend=ROOT attempt=1
09-23 08:21:58.613  ROOT_SPAWN_CALL  token=dbedeeeb-7584-4945-93e6-055b6462f4cf
09-23 08:21:59.246  ROOT_PROCESS_CONNECTED  token=dbedeeeb-7584-4945-93e6-055b6462f4cf
09-23 08:21:59.246  CB_ON_CONNECTED  backend=ROOT
09-23 08:21:59.249  BINDER_CONNECTED  backend=ROOT linkToDeath ok
09-23 08:39:18.611  SESSION  app start pid=19334 device=OnePlus PKG110 api=36
09-23 08:39:18.716  BIND  backend=ROOT attempt=1
09-23 08:39:18.718  CONNECTING  backend=ROOT attempt=1
09-23 08:39:18.721  ROOT_SPAWN_CALL  token=0be3ce30-2b19-4241-adec-6ccce9cfadf9
09-23 08:39:19.314  ROOT_PROCESS_CONNECTED  token=0be3ce30-2b19-4241-adec-6ccce9cfadf9
09-23 08:39:19.315  CB_ON_CONNECTED  backend=ROOT
09-23 08:39:19.315  BINDER_CONNECTED  backend=ROOT linkToDeath ok
09-23 09:13:53.298  SESSION  app start pid=21822 device=OnePlus PKG110 api=36
09-23 09:13:53.402  BIND  backend=ROOT attempt=1
09-23 09:13:53.404  CONNECTING  backend=ROOT attempt=1
09-23 09:13:53.409  ROOT_SPAWN_CALL  token=2ba9ef63-0068-473b-802e-9f73311171a6
09-23 09:13:54.162  ROOT_PROCESS_CONNECTED  token=2ba9ef63-0068-473b-802e-9f73311171a6
09-23 09:13:54.163  CB_ON_CONNECTED  backend=ROOT
09-23 09:13:54.164  BINDER_CONNECTED  backend=ROOT linkToDeath ok
09-23 10:44:07.301  SESSION  app start pid=17963 device=OnePlus PKG110 api=36
09-23 10:44:07.388  BIND  backend=ROOT attempt=1
09-23 10:44:07.389  CONNECTING  backend=ROOT attempt=1
09-23 10:44:07.392  ROOT_SPAWN_CALL  token=1f6eedfb-07ec-4186-8c5f-6c86687ee8f2
09-23 10:44:07.904  ROOT_PROCESS_CONNECTED  token=1f6eedfb-07ec-4186-8c5f-6c86687ee8f2
09-23 10:44:07.904  CB_ON_CONNECTED  backend=ROOT
09-23 10:44:07.907  BINDER_CONNECTED  backend=ROOT linkToDeath ok
09-23 10:52:57.747  CB_ON_DISCONNECTED  backend=ROOT
09-23 10:52:57.747  STATE_DIED
09-23 10:52:57.748  BINDER_DIED_STALE
09-23 10:59:54.380  SESSION  app start pid=19518 device=OnePlus PKG110 api=36
09-23 10:59:54.439  BIND  backend=ROOT attempt=1
09-23 10:59:54.440  CONNECTING  backend=ROOT attempt=1
09-23 10:59:54.442  ROOT_SPAWN_CALL  token=822205cd-cf23-47c5-b04b-da0ace7789b3
09-23 10:59:54.856  ROOT_PROCESS_CONNECTED  token=822205cd-cf23-47c5-b04b-da0ace7789b3
09-23 10:59:54.857  CB_ON_CONNECTED  backend=ROOT
09-23 10:59:54.857  BINDER_CONNECTED  backend=ROOT linkToDeath ok
09-23 17:58:10.351  SESSION  app start pid=12781 device=OnePlus PKG110 api=36
09-23 17:58:10.421  BIND  backend=ROOT attempt=1
09-23 17:58:10.422  CONNECTING  backend=ROOT attempt=1
09-23 17:58:10.423  BIND_SKIP  already connecting backend=ROOT
09-23 17:58:10.425  ROOT_SPAWN_CALL  token=4e40eda9-0fbe-4a91-8f9a-253078dbf99c
09-23 17:58:10.904  ROOT_PROCESS_CONNECTED  token=4e40eda9-0fbe-4a91-8f9a-253078dbf99c
09-23 17:58:10.904  CB_ON_CONNECTED  backend=ROOT
09-23 17:58:10.905  BINDER_CONNECTED  backend=ROOT linkToDeath ok
09-24 05:53:11.922  SESSION  app start pid=5370 device=OnePlus PKG110 api=36
09-24 05:53:11.986  BIND  backend=ROOT attempt=1
09-24 05:53:11.986  CONNECTING  backend=ROOT attempt=1
09-24 05:53:11.987  BIND_SKIP  already connecting backend=ROOT
09-24 05:53:11.988  ROOT_SPAWN_CALL  token=f6dc0d63-57ba-498a-8781-3e2b05c48d1e
09-24 05:53:12.750  ROOT_PROCESS_CONNECTED  token=f6dc0d63-57ba-498a-8781-3e2b05c48d1e
09-24 05:53:12.751  CB_ON_CONNECTED  backend=ROOT
09-24 05:53:12.752  BINDER_CONNECTED  backend=ROOT linkToDeath ok
09-24 08:13:41.322  SESSION  app start pid=22974 device=OnePlus PKG110 api=36
09-24 08:13:41.418  BIND  backend=ROOT attempt=1
09-24 08:13:41.419  CONNECTING  backend=ROOT attempt=1
09-24 08:13:41.421  ROOT_SPAWN_CALL  token=82f543c7-29ae-4022-a0fd-e30901ad5213
09-24 08:13:43.045  ROOT_PROCESS_CONNECTED  token=82f543c7-29ae-4022-a0fd-e30901ad5213
09-24 08:13:43.046  CB_ON_CONNECTED  backend=ROOT
09-24 08:13:43.046  BINDER_CONNECTED  backend=ROOT linkToDeath ok
09-24 17:57:39.600  SESSION  app start pid=4466 device=OnePlus PKG110 api=36
09-24 17:57:39.649  BIND  backend=ROOT attempt=1
09-24 17:57:39.649  CONNECTING  backend=ROOT attempt=1
09-24 17:57:39.650  BIND_SKIP  already connecting backend=ROOT
09-24 17:57:39.651  ROOT_SPAWN_CALL  token=bee1ff49-78ab-43dc-b4f9-58b41cbd4585
09-24 17:57:40.448  ROOT_PROCESS_CONNECTED  token=bee1ff49-78ab-43dc-b4f9-58b41cbd4585
09-24 17:57:40.448  CB_ON_CONNECTED  backend=ROOT
09-24 17:57:40.449  BINDER_CONNECTED  backend=ROOT linkToDeath ok
09-25 05:57:40.141  SESSION  app start pid=25168 device=OnePlus PKG110 api=36
09-25 05:57:40.202  BIND  backend=ROOT attempt=1
09-25 05:57:40.202  CONNECTING  backend=ROOT attempt=1
09-25 05:57:40.204  BIND_SKIP  already connecting backend=ROOT
09-25 05:57:40.204  ROOT_SPAWN_CALL  token=750cfaad-d8cb-41c9-a597-b1d7826020b0
09-25 05:57:40.956  ROOT_PROCESS_CONNECTED  token=750cfaad-d8cb-41c9-a597-b1d7826020b0
09-25 05:57:40.957  CB_ON_CONNECTED  backend=ROOT
09-25 05:57:40.958  BINDER_CONNECTED  backend=ROOT linkToDeath ok
09-25 14:28:45.848  SESSION  app start pid=21837 device=OnePlus PKG110 api=36
09-25 14:28:45.958  BIND  backend=ROOT attempt=1
09-25 14:28:45.959  CONNECTING  backend=ROOT attempt=1
09-25 14:28:45.962  ROOT_SPAWN_CALL  token=35a92b82-ee9d-4f3f-9960-bdad84c4f4e5
09-25 14:28:46.903  ROOT_PROCESS_CONNECTED  token=35a92b82-ee9d-4f3f-9960-bdad84c4f4e5
09-25 14:28:46.903  CB_ON_CONNECTED  backend=ROOT
09-25 14:28:46.907  BINDER_CONNECTED  backend=ROOT linkToDeath ok
09-25 14:35:42.664  CB_ON_DISCONNECTED  backend=ROOT
09-25 14:35:42.668  STATE_DIED
09-25 14:35:42.669  BINDER_DIED_STALE
09-25 14:40:41.902  SESSION  app start pid=26073 device=OnePlus PKG110 api=36
09-25 14:40:41.971  BIND  backend=ROOT attempt=1
09-25 14:40:41.972  CONNECTING  backend=ROOT attempt=1
09-25 14:40:41.973  ROOT_SPAWN_CALL  token=ca5bd3d0-a0f0-4f19-8765-2321f2ff062b
09-25 14:40:42.485  ROOT_PROCESS_CONNECTED  token=ca5bd3d0-a0f0-4f19-8765-2321f2ff062b
09-25 14:40:42.485  CB_ON_CONNECTED  backend=ROOT
09-25 14:40:42.485  BINDER_CONNECTED  backend=ROOT linkToDeath ok
09-25 14:40:49.052  CB_ON_DISCONNECTED  backend=ROOT
09-25 14:40:49.053  STATE_DIED
09-25 14:40:49.053  BINDER_DIED_STALE
09-25 14:53:39.835  SESSION  app start pid=23953 device=OnePlus PKG110 api=36
09-25 14:53:39.931  BIND  backend=ROOT attempt=1
09-25 14:53:39.932  CONNECTING  backend=ROOT attempt=1
09-25 14:53:39.933  ROOT_SPAWN_CALL  token=e685e135-5074-4859-b226-8ff000afaceb
09-25 14:53:40.551  ROOT_PROCESS_CONNECTED  token=e685e135-5074-4859-b226-8ff000afaceb
09-25 14:53:40.551  CB_ON_CONNECTED  backend=ROOT
09-25 14:53:40.552  BINDER_CONNECTED  backend=ROOT linkToDeath ok
09-26 06:03:07.419  SESSION  app start pid=18849 device=OnePlus PKG110 api=36
09-26 06:03:07.474  BIND  backend=ROOT attempt=1
09-26 06:03:07.474  CONNECTING  backend=ROOT attempt=1
09-26 06:03:07.475  BIND_SKIP  already connecting backend=ROOT
09-26 06:03:07.476  ROOT_SPAWN_CALL  token=318e7ee4-b87f-4357-8240-bc722c0b8751
09-26 06:03:08.347  ROOT_PROCESS_CONNECTED  token=318e7ee4-b87f-4357-8240-bc722c0b8751
09-26 06:03:08.347  CB_ON_CONNECTED  backend=ROOT
09-26 06:03:08.347  BINDER_CONNECTED  backend=ROOT linkToDeath ok
09-26 17:58:08.025  SESSION  app start pid=6729 device=OnePlus PKG110 api=36
09-26 17:58:08.078  BIND  backend=ROOT attempt=1
09-26 17:58:08.079  CONNECTING  backend=ROOT attempt=1
09-26 17:58:08.079  BIND_SKIP  already connecting backend=ROOT
09-26 17:58:08.080  ROOT_SPAWN_CALL  token=ad336f50-1128-47bb-9c50-6c271df9d2a5
09-26 17:58:08.620  ROOT_PROCESS_CONNECTED  token=ad336f50-1128-47bb-9c50-6c271df9d2a5
09-26 17:58:08.620  CB_ON_CONNECTED  backend=ROOT
09-26 17:58:08.622  BINDER_CONNECTED  backend=ROOT linkToDeath ok
09-27 01:53:18.261  SESSION  app start pid=28376 device=OnePlus PKG110 api=36
09-27 01:53:18.347  BIND  backend=ROOT attempt=1
09-27 01:53:18.348  CONNECTING  backend=ROOT attempt=1
09-27 01:53:18.349  ROOT_SPAWN_CALL  token=37b0cf99-c62a-4467-b5fe-de1fd940630a
09-27 01:53:19.090  ROOT_PROCESS_CONNECTED  token=37b0cf99-c62a-4467-b5fe-de1fd940630a
09-27 01:53:19.093  CB_ON_CONNECTED  backend=ROOT
09-27 01:53:19.095  BINDER_CONNECTED  backend=ROOT linkToDeath ok
09-27 13:00:44.695  SESSION  app start pid=29116 device=OnePlus PKG110 api=36
09-27 13:00:44.750  BIND  backend=ROOT attempt=1
09-27 13:00:44.751  CONNECTING  backend=ROOT attempt=1
09-27 13:00:44.753  ROOT_SPAWN_CALL  token=8b290916-17dd-41f0-a3c5-ab352f0f11b1
09-27 13:00:45.202  ROOT_PROCESS_CONNECTED  token=8b290916-17dd-41f0-a3c5-ab352f0f11b1
09-27 13:00:45.203  CB_ON_CONNECTED  backend=ROOT
09-27 13:00:45.203  BINDER_CONNECTED  backend=ROOT linkToDeath ok
09-27 13:22:19.431  SESSION  app start pid=18752 device=OnePlus PKG110 api=36
09-27 13:22:19.659  BIND  backend=ROOT attempt=1
09-27 13:22:19.659  CONNECTING  backend=ROOT attempt=1
09-27 13:22:19.661  ROOT_SPAWN_CALL  token=6e45f814-62ae-47e5-9ebe-4c940ce207ce
09-27 13:22:20.489  ROOT_PROCESS_CONNECTED  token=6e45f814-62ae-47e5-9ebe-4c940ce207ce
09-27 13:22:20.489  CB_ON_CONNECTED  backend=ROOT
09-27 13:22:20.489  BINDER_CONNECTED  backend=ROOT linkToDeath ok
09-27 14:19:59.634  CB_ON_DISCONNECTED  backend=ROOT
09-27 14:19:59.645  STATE_DIED
09-27 14:19:59.646  BINDER_DIED_STALE
09-27 14:24:57.046  SESSION  app start pid=27241 device=OnePlus PKG110 api=36
09-27 14:24:57.147  BIND  backend=ROOT attempt=1
09-27 14:24:57.147  CONNECTING  backend=ROOT attempt=1
09-27 14:24:57.149  ROOT_SPAWN_CALL  token=26f357d4-d2b1-4915-95d1-e6862a6cb65c
09-27 14:24:57.694  ROOT_PROCESS_CONNECTED  token=26f357d4-d2b1-4915-95d1-e6862a6cb65c
09-27 14:24:57.694  CB_ON_CONNECTED  backend=ROOT
09-27 14:24:57.698  BINDER_CONNECTED  backend=ROOT linkToDeath ok
09-27 18:00:00.322  SESSION  app start pid=28781 device=OnePlus PKG110 api=36
09-27 18:00:00.385  BIND  backend=ROOT attempt=1
09-27 18:00:00.385  CONNECTING  backend=ROOT attempt=1
09-27 18:00:00.387  ROOT_SPAWN_CALL  token=e6f20b91-b081-4ca6-b3ef-d8686b0fd52e
09-27 18:00:00.934  ROOT_PROCESS_CONNECTED  token=e6f20b91-b081-4ca6-b3ef-d8686b0fd52e
09-27 18:00:00.934  CB_ON_CONNECTED  backend=ROOT
09-27 18:00:00.935  BINDER_CONNECTED  backend=ROOT linkToDeath ok
09-27 19:25:31.859  SESSION  app start pid=22940 device=OnePlus PKG110 api=36
09-27 19:25:31.968  BIND  backend=ROOT attempt=1
09-27 19:25:31.969  CONNECTING  backend=ROOT attempt=1
09-27 19:25:31.972  ROOT_SPAWN_CALL  token=500e7e3b-d3eb-45c2-86b8-2d81d95904f4
09-27 19:25:32.584  ROOT_PROCESS_CONNECTED  token=500e7e3b-d3eb-45c2-86b8-2d81d95904f4
09-27 19:25:32.585  CB_ON_CONNECTED  backend=ROOT
09-27 19:25:32.587  BINDER_CONNECTED  backend=ROOT linkToDeath ok
09-27 19:31:27.111  SESSION  app start pid=20993 device=OnePlus PKG110 api=36
09-27 19:31:27.498  BIND  backend=ROOT attempt=1
09-27 19:31:27.499  CONNECTING  backend=ROOT attempt=1
09-27 19:31:27.500  ROOT_SPAWN_CALL  token=773af48e-daef-40af-a33d-d48d0256cf49
09-27 19:31:28.458  ROOT_PROCESS_CONNECTED  token=773af48e-daef-40af-a33d-d48d0256cf49
09-27 19:31:28.458  CB_ON_CONNECTED  backend=ROOT
09-27 19:31:28.460  BINDER_CONNECTED  backend=ROOT linkToDeath ok
09-27 21:12:00.281  SESSION  app start pid=23290 device=OnePlus PKG110 api=36
09-27 21:12:00.382  BIND  backend=ROOT attempt=1
09-27 21:12:00.383  CONNECTING  backend=ROOT attempt=1
09-27 21:12:00.387  ROOT_SPAWN_CALL  token=a6c2fa77-db6c-432f-9af5-1fb08d4add13
09-27 21:12:01.134  ROOT_PROCESS_CONNECTED  token=a6c2fa77-db6c-432f-9af5-1fb08d4add13
09-27 21:12:01.135  CB_ON_CONNECTED  backend=ROOT
09-27 21:12:01.136  BINDER_CONNECTED  backend=ROOT linkToDeath ok
09-27 21:32:56.820  SESSION  app start pid=23125 device=OnePlus PKG110 api=36
09-27 21:32:56.936  BIND  backend=ROOT attempt=1
09-27 21:32:56.936  CONNECTING  backend=ROOT attempt=1
09-27 21:32:56.938  ROOT_SPAWN_CALL  token=7bdfa595-323a-4313-b1a7-8a760bb04896
09-27 21:32:57.766  ROOT_PROCESS_CONNECTED  token=7bdfa595-323a-4313-b1a7-8a760bb04896
09-27 21:32:57.767  CB_ON_CONNECTED  backend=ROOT
09-27 21:32:57.768  BINDER_CONNECTED  backend=ROOT linkToDeath ok
09-27 21:39:35.191  CB_ON_DISCONNECTED  backend=ROOT
09-27 21:39:35.191  STATE_DIED
09-27 21:39:35.191  BINDER_DIED_STALE
09-27 21:44:33.699  SESSION  app start pid=25938 device=OnePlus PKG110 api=36
09-27 23:09:56.810  SESSION  app start pid=7689 device=OnePlus PKG110 api=36
09-27 23:09:58.567  BIND  backend=ROOT attempt=1
09-27 23:09:58.568  CONNECTING  backend=ROOT attempt=1
09-27 23:09:58.572  ROOT_SPAWN_CALL  token=a711d000-5e5c-4bf4-a0c4-7c2cd3c365e5
09-27 23:09:58.992  ROOT_PROCESS_CONNECTED  token=a711d000-5e5c-4bf4-a0c4-7c2cd3c365e5
09-27 23:09:58.992  CB_ON_CONNECTED  backend=ROOT
09-27 23:09:58.992  BINDER_CONNECTED  backend=ROOT linkToDeath ok
09-27 23:13:06.159  CB_ON_DISCONNECTED  backend=ROOT
09-27 23:13:06.159  STATE_DIED
09-27 23:13:06.160  BINDER_DIED_STALE
09-27 23:13:49.367  SESSION  app start pid=8699 device=OnePlus PKG110 api=36
09-27 23:13:49.609  BIND  backend=ROOT attempt=1
09-27 23:13:49.610  CONNECTING  backend=ROOT attempt=1
09-27 23:13:49.611  ROOT_SPAWN_CALL  token=2c76e523-4069-4e7e-b698-d26bdd16fb4f
09-27 23:13:50.514  ROOT_PROCESS_CONNECTED  token=2c76e523-4069-4e7e-b698-d26bdd16fb4f
09-27 23:13:50.515  CB_ON_CONNECTED  backend=ROOT
09-27 23:13:50.515  BINDER_CONNECTED  backend=ROOT linkToDeath ok
09-27 23:19:43.728  SESSION  app start pid=8255 device=OnePlus PKG110 api=36
09-27 23:19:43.785  BIND  backend=ROOT attempt=1
09-27 23:19:43.786  CONNECTING  backend=ROOT attempt=1
09-27 23:19:43.788  ROOT_SPAWN_CALL  token=27c03b70-4d70-4b5a-a1dc-b88a6a859d51
09-27 23:19:44.399  ROOT_PROCESS_CONNECTED  token=27c03b70-4d70-4b5a-a1dc-b88a6a859d51
09-27 23:19:44.399  CB_ON_CONNECTED  backend=ROOT
09-27 23:19:44.402  BINDER_CONNECTED  backend=ROOT linkToDeath ok
09-28 05:58:19.075  SESSION  app start pid=21390 device=OnePlus PKG110 api=36
09-28 05:58:19.128  BIND  backend=ROOT attempt=1
09-28 05:58:19.128  CONNECTING  backend=ROOT attempt=1
09-28 05:58:19.128  BIND_SKIP  already connecting backend=ROOT
09-28 05:58:19.129  ROOT_SPAWN_CALL  token=ac3ca9e2-4464-4efa-a932-d6f7af0c3981
09-28 05:58:19.768  ROOT_PROCESS_CONNECTED  token=ac3ca9e2-4464-4efa-a932-d6f7af0c3981
09-28 05:58:19.768  CB_ON_CONNECTED  backend=ROOT
09-28 05:58:19.769  BINDER_CONNECTED  backend=ROOT linkToDeath ok
09-28 17:48:36.036  SESSION  app start pid=9488 device=OnePlus PKG110 api=36
09-28 17:48:36.120  BIND  backend=ROOT attempt=1
09-28 17:48:36.120  CONNECTING  backend=ROOT attempt=1
09-28 17:48:36.121  ROOT_SPAWN_CALL  token=da573747-d04c-4e69-9df5-7ecd78ef1252
09-28 17:48:36.605  ROOT_PROCESS_CONNECTED  token=da573747-d04c-4e69-9df5-7ecd78ef1252
09-28 17:48:36.605  CB_ON_CONNECTED  backend=ROOT
09-28 17:48:36.606  BINDER_CONNECTED  backend=ROOT linkToDeath ok
09-28 17:53:00.265  SESSION  app start pid=26568 device=OnePlus PKG110 api=36
09-28 17:53:00.367  BIND  backend=ROOT attempt=1
09-28 17:53:00.368  CONNECTING  backend=ROOT attempt=1
09-28 17:53:00.369  ROOT_SPAWN_CALL  token=05a14276-b02d-49ed-9437-96c3b7c292ee
09-28 17:53:01.008  ROOT_PROCESS_CONNECTED  token=05a14276-b02d-49ed-9437-96c3b7c292ee
09-28 17:53:01.010  CB_ON_CONNECTED  backend=ROOT
09-28 17:53:01.011  BINDER_CONNECTED  backend=ROOT linkToDeath ok
09-28 17:54:16.948  SESSION  app start pid=9291 device=OnePlus PKG110 api=36
09-28 17:54:17.070  BIND  backend=ROOT attempt=1
09-28 17:54:17.070  CONNECTING  backend=ROOT attempt=1
09-28 17:54:17.072  ROOT_SPAWN_CALL  token=42c6dacd-cb6c-4994-8f56-7c4d72f954d2
09-28 17:54:18.287  ROOT_PROCESS_CONNECTED  token=42c6dacd-cb6c-4994-8f56-7c4d72f954d2
09-28 17:54:18.287  CB_ON_CONNECTED  backend=ROOT
09-28 17:54:18.287  BINDER_CONNECTED  backend=ROOT linkToDeath ok
09-28 17:58:42.374  SESSION  app start pid=24948 device=OnePlus PKG110 api=36
09-28 17:58:42.429  BIND  backend=ROOT attempt=1
09-28 17:58:42.430  CONNECTING  backend=ROOT attempt=1
09-28 17:58:42.430  ROOT_SPAWN_CALL  token=f9d18a1b-2ffb-47a6-9a29-1bf22c4577fb
09-28 17:58:42.797  ROOT_PROCESS_CONNECTED  token=f9d18a1b-2ffb-47a6-9a29-1bf22c4577fb
09-28 17:58:42.797  CB_ON_CONNECTED  backend=ROOT
09-28 17:58:42.797  BINDER_CONNECTED  backend=ROOT linkToDeath ok
09-28 18:06:30.946  SESSION  app start pid=11987 device=OnePlus PKG110 api=36
09-28 18:06:30.981  BIND  backend=ROOT attempt=1
09-28 18:06:30.981  CONNECTING  backend=ROOT attempt=1
09-28 18:06:30.982  ROOT_SPAWN_CALL  token=d1cee205-abb9-4566-87bd-304f30d661e2
09-28 18:06:31.488  ROOT_PROCESS_CONNECTED  token=d1cee205-abb9-4566-87bd-304f30d661e2
09-28 18:06:31.488  CB_ON_CONNECTED  backend=ROOT
09-28 18:06:31.488  BINDER_CONNECTED  backend=ROOT linkToDeath ok
09-29 05:53:47.478  SESSION  app start pid=9621 device=OnePlus PKG110 api=36
09-29 05:53:47.527  BIND  backend=ROOT attempt=1
09-29 05:53:47.527  CONNECTING  backend=ROOT attempt=1
09-29 05:53:47.528  BIND_SKIP  already connecting backend=ROOT
09-29 05:53:47.530  ROOT_SPAWN_CALL  token=28ee5e60-4980-40a6-87fe-3774a608412c
09-29 05:53:48.146  ROOT_PROCESS_CONNECTED  token=28ee5e60-4980-40a6-87fe-3774a608412c
09-29 05:53:48.147  CB_ON_CONNECTED  backend=ROOT
09-29 05:53:48.148  BINDER_CONNECTED  backend=ROOT linkToDeath ok
09-29 17:58:46.010  SESSION  app start pid=11724 device=OnePlus PKG110 api=36
09-29 17:58:46.062  BIND  backend=ROOT attempt=1
09-29 17:58:46.063  CONNECTING  backend=ROOT attempt=1
09-29 17:58:46.063  BIND_SKIP  already connecting backend=ROOT
09-29 17:58:46.064  ROOT_SPAWN_CALL  token=680f5a44-270c-4c85-b5a1-681e3f0f1c0f
09-29 17:58:46.717  ROOT_PROCESS_CONNECTED  token=680f5a44-270c-4c85-b5a1-681e3f0f1c0f
09-29 17:58:46.717  CB_ON_CONNECTED  backend=ROOT
09-29 17:58:46.718  BINDER_CONNECTED  backend=ROOT linkToDeath ok
09-30 01:57:32.633  SESSION  app start pid=19457 device=OnePlus PKG110 api=36
09-30 01:57:32.722  BIND  backend=ROOT attempt=1
09-30 01:57:32.723  CONNECTING  backend=ROOT attempt=1
09-30 01:57:32.724  ROOT_SPAWN_CALL  token=71e2cf58-1b76-4a0a-b1e2-d4b19bb62c7a
09-30 01:57:33.466  ROOT_PROCESS_CONNECTED  token=71e2cf58-1b76-4a0a-b1e2-d4b19bb62c7a
09-30 01:57:33.467  CB_ON_CONNECTED  backend=ROOT
09-30 01:57:33.468  BINDER_CONNECTED  backend=ROOT linkToDeath ok
09-30 10:06:57.754  SESSION  app start pid=29072 device=OnePlus PKG110 api=36
09-30 10:06:57.838  BIND  backend=ROOT attempt=1
09-30 10:06:57.838  CONNECTING  backend=ROOT attempt=1
09-30 10:06:57.839  ROOT_SPAWN_CALL  token=2873144a-a7cb-4a21-8f3f-c1abf040a1db
09-30 10:06:58.409  ROOT_PROCESS_CONNECTED  token=2873144a-a7cb-4a21-8f3f-c1abf040a1db
09-30 10:06:58.409  CB_ON_CONNECTED  backend=ROOT
09-30 10:06:58.410  BINDER_CONNECTED  backend=ROOT linkToDeath ok
09-30 15:05:20.631  SESSION  app start pid=9195 device=OnePlus PKG110 api=36
09-30 15:05:20.731  BIND  backend=ROOT attempt=1
09-30 15:05:20.732  CONNECTING  backend=ROOT attempt=1
09-30 15:05:20.732  ROOT_SPAWN_CALL  token=826733ff-9098-4ba3-9f12-04be2377c208
09-30 15:05:23.259  ROOT_PROCESS_CONNECTED  token=826733ff-9098-4ba3-9f12-04be2377c208
09-30 15:05:23.260  CB_ON_CONNECTED  backend=ROOT
09-30 15:05:23.260  BINDER_CONNECTED  backend=ROOT linkToDeath ok
09-30 15:10:01.118  SESSION  app start pid=30221 device=OnePlus PKG110 api=36
09-30 15:10:01.231  BIND  backend=ROOT attempt=1
09-30 15:10:01.231  CONNECTING  backend=ROOT attempt=1
09-30 15:10:01.234  ROOT_SPAWN_CALL  token=a3d970b0-44d0-45b1-9d2a-dd611f7f2c6f
09-30 15:10:01.900  ROOT_PROCESS_CONNECTED  token=a3d970b0-44d0-45b1-9d2a-dd611f7f2c6f
09-30 15:10:01.901  CB_ON_CONNECTED  backend=ROOT
09-30 15:10:01.902  BINDER_CONNECTED  backend=ROOT linkToDeath ok
09-30 15:29:45.544  SESSION  app start pid=9739 device=OnePlus PKG110 api=36
09-30 15:29:45.782  BIND  backend=ROOT attempt=1
09-30 15:29:45.783  CONNECTING  backend=ROOT attempt=1
09-30 15:29:45.784  ROOT_SPAWN_CALL  token=e0c9f735-0e5d-48a2-86e2-5e75f66cde34
09-30 15:29:46.927  ROOT_PROCESS_CONNECTED  token=e0c9f735-0e5d-48a2-86e2-5e75f66cde34
09-30 15:29:46.927  CB_ON_CONNECTED  backend=ROOT
09-30 15:29:46.928  BINDER_CONNECTED  backend=ROOT linkToDeath ok
09-30 15:33:57.548  SESSION  app start pid=23391 device=OnePlus PKG110 api=36
09-30 15:33:57.660  BIND  backend=ROOT attempt=1
09-30 15:33:57.661  CONNECTING  backend=ROOT attempt=1
09-30 15:33:57.663  ROOT_SPAWN_CALL  token=e8ef3298-9bae-4d8a-ba89-8170e89c6daf
09-30 15:33:58.350  ROOT_PROCESS_CONNECTED  token=e8ef3298-9bae-4d8a-ba89-8170e89c6daf
09-30 15:33:58.350  CB_ON_CONNECTED  backend=ROOT
09-30 15:33:58.351  BINDER_CONNECTED  backend=ROOT linkToDeath ok
09-30 15:36:41.703  SESSION  app start pid=9846 device=OnePlus PKG110 api=36
09-30 15:36:41.790  BIND  backend=ROOT attempt=1
09-30 15:36:41.790  CONNECTING  backend=ROOT attempt=1
09-30 15:36:41.791  ROOT_SPAWN_CALL  token=d2aebb6b-d824-4e6b-a9bb-940c87762e49
09-30 15:36:42.481  ROOT_PROCESS_CONNECTED  token=d2aebb6b-d824-4e6b-a9bb-940c87762e49
09-30 15:36:42.481  CB_ON_CONNECTED  backend=ROOT
09-30 15:36:42.481  BINDER_CONNECTED  backend=ROOT linkToDeath ok
09-30 15:41:13.948  SESSION  app start pid=30089 device=OnePlus PKG110 api=36
09-30 15:41:14.047  BIND  backend=ROOT attempt=1
09-30 15:41:14.047  CONNECTING  backend=ROOT attempt=1
09-30 15:41:14.049  ROOT_SPAWN_CALL  token=03d66a3c-7af1-44f1-a656-74c5273184c1
09-30 15:41:14.877  ROOT_PROCESS_CONNECTED  token=03d66a3c-7af1-44f1-a656-74c5273184c1
09-30 15:41:14.878  CB_ON_CONNECTED  backend=ROOT
09-30 15:41:14.880  BINDER_CONNECTED  backend=ROOT linkToDeath ok
09-30 15:50:31.317  SESSION  app start pid=8827 device=OnePlus PKG110 api=36
09-30 15:50:31.436  BIND  backend=ROOT attempt=1
09-30 15:50:31.437  CONNECTING  backend=ROOT attempt=1
09-30 15:50:31.439  ROOT_SPAWN_CALL  token=b3f98874-7a28-4181-9883-fe61ef945370
09-30 15:50:32.375  ROOT_PROCESS_CONNECTED  token=b3f98874-7a28-4181-9883-fe61ef945370
09-30 15:50:32.375  CB_ON_CONNECTED  backend=ROOT
09-30 15:50:32.376  BINDER_CONNECTED  backend=ROOT linkToDeath ok
09-30 15:56:23.698  SESSION  app start pid=27702 device=OnePlus PKG110 api=36
09-30 15:56:23.785  BIND  backend=ROOT attempt=1
09-30 15:56:23.786  CONNECTING  backend=ROOT attempt=1
09-30 15:56:23.789  ROOT_SPAWN_CALL  token=4b1f5864-36ac-45e4-9ef9-6017ca83f25c
09-30 15:56:24.587  ROOT_PROCESS_CONNECTED  token=4b1f5864-36ac-45e4-9ef9-6017ca83f25c
09-30 15:56:24.587  CB_ON_CONNECTED  backend=ROOT
09-30 15:56:24.588  BINDER_CONNECTED  backend=ROOT linkToDeath ok
09-30 16:23:32.001  SESSION  app start pid=9107 device=OnePlus PKG110 api=36
09-30 16:23:32.214  BIND  backend=ROOT attempt=1
09-30 16:23:32.214  CONNECTING  backend=ROOT attempt=1
09-30 16:23:32.215  ROOT_SPAWN_CALL  token=3106a908-ac9b-4ee7-aeb8-a41ee115ef8b
09-30 16:23:33.636  ROOT_PROCESS_CONNECTED  token=3106a908-ac9b-4ee7-aeb8-a41ee115ef8b
09-30 16:23:33.636  CB_ON_CONNECTED  backend=ROOT
09-30 16:23:33.636  BINDER_CONNECTED  backend=ROOT linkToDeath ok
09-30 16:31:18.781  SESSION  app start pid=1542 device=OnePlus PKG110 api=36
09-30 16:31:18.861  BIND  backend=ROOT attempt=1
09-30 16:31:18.862  CONNECTING  backend=ROOT attempt=1
09-30 16:31:18.862  ROOT_SPAWN_CALL  token=ffb10f70-2c97-4c8c-97f1-d9308b237797
09-30 16:31:19.232  ROOT_PROCESS_CONNECTED  token=ffb10f70-2c97-4c8c-97f1-d9308b237797
09-30 16:31:19.232  CB_ON_CONNECTED  backend=ROOT
09-30 16:31:19.232  BINDER_CONNECTED  backend=ROOT linkToDeath ok
09-30 18:01:28.749  SESSION  app start pid=19922 device=OnePlus PKG110 api=36
09-30 18:01:28.824  BIND  backend=ROOT attempt=1
09-30 18:01:28.824  CONNECTING  backend=ROOT attempt=1
09-30 18:01:28.825  ROOT_SPAWN_CALL  token=5afda72a-d40c-4eb9-a7b5-857dd260430c
09-30 18:01:28.831  BIND_SKIP  already connecting backend=ROOT
09-30 18:01:29.484  ROOT_PROCESS_CONNECTED  token=5afda72a-d40c-4eb9-a7b5-857dd260430c
09-30 18:01:29.485  CB_ON_CONNECTED  backend=ROOT
09-30 18:01:29.485  BINDER_CONNECTED  backend=ROOT linkToDeath ok
10-01 01:13:03.766  SESSION  app start pid=9210 device=OnePlus PKG110 api=36
10-01 01:13:03.861  BIND  backend=ROOT attempt=1
10-01 01:13:03.861  CONNECTING  backend=ROOT attempt=1
10-01 01:13:03.862  ROOT_SPAWN_CALL  token=10e0b72f-4f00-417c-937e-e9a90ac1cb86
10-01 01:13:05.007  ROOT_PROCESS_CONNECTED  token=10e0b72f-4f00-417c-937e-e9a90ac1cb86
10-01 01:13:05.009  CB_ON_CONNECTED  backend=ROOT
10-01 01:13:05.009  BINDER_CONNECTED  backend=ROOT linkToDeath ok
10-01 01:17:39.200  SESSION  app start pid=22114 device=OnePlus PKG110 api=36
10-01 01:17:39.306  BIND  backend=ROOT attempt=1
10-01 01:17:39.307  CONNECTING  backend=ROOT attempt=1
10-01 01:17:39.310  ROOT_SPAWN_CALL  token=6a798928-5289-4e1a-8c5b-ad6619dfea89
10-01 01:17:39.902  ROOT_PROCESS_CONNECTED  token=6a798928-5289-4e1a-8c5b-ad6619dfea89
10-01 01:17:39.902  CB_ON_CONNECTED  backend=ROOT
10-01 01:17:39.903  BINDER_CONNECTED  backend=ROOT linkToDeath ok
10-01 01:38:29.135  SESSION  app start pid=9960 device=OnePlus PKG110 api=36
10-01 01:38:29.227  BIND  backend=ROOT attempt=1
10-01 01:38:29.228  CONNECTING  backend=ROOT attempt=1
10-01 01:38:29.230  ROOT_SPAWN_CALL  token=f9acea92-e868-4f3c-b6e4-0530de0b8b19
10-01 01:38:31.073  ROOT_PROCESS_CONNECTED  token=f9acea92-e868-4f3c-b6e4-0530de0b8b19
10-01 01:38:31.073  CB_ON_CONNECTED  backend=ROOT
10-01 01:38:31.074  BINDER_CONNECTED  backend=ROOT linkToDeath ok
10-01 01:42:31.921  SESSION  app start pid=21093 device=OnePlus PKG110 api=36
10-01 01:42:32.008  BIND  backend=ROOT attempt=1
10-01 01:42:32.009  CONNECTING  backend=ROOT attempt=1
10-01 01:42:32.011  ROOT_SPAWN_CALL  token=7ffaaaa9-2eb9-4794-9376-656d6a953c44
10-01 01:42:32.786  ROOT_PROCESS_CONNECTED  token=7ffaaaa9-2eb9-4794-9376-656d6a953c44
10-01 01:42:32.791  CB_ON_CONNECTED  backend=ROOT
10-01 01:42:32.792  BINDER_CONNECTED  backend=ROOT linkToDeath ok
10-01 01:49:48.156  SESSION  app start pid=8836 device=OnePlus PKG110 api=36
10-01 01:49:48.220  BIND  backend=ROOT attempt=1
10-01 01:49:48.220  CONNECTING  backend=ROOT attempt=1
10-01 01:49:48.221  ROOT_SPAWN_CALL  token=a9046dfe-6ecb-4888-8880-860881bb0a6a
10-01 01:49:49.058  ROOT_PROCESS_CONNECTED  token=a9046dfe-6ecb-4888-8880-860881bb0a6a
10-01 01:49:49.059  CB_ON_CONNECTED  backend=ROOT
10-01 01:49:49.059  BINDER_CONNECTED  backend=ROOT linkToDeath ok
10-01 01:54:15.455  SESSION  app start pid=21461 device=OnePlus PKG110 api=36
10-01 01:54:15.567  BIND  backend=ROOT attempt=1
10-01 01:54:15.568  CONNECTING  backend=ROOT attempt=1
10-01 01:54:15.570  ROOT_SPAWN_CALL  token=44a35937-be62-4e8f-8f35-53bed1fc80d7
10-01 01:54:16.270  ROOT_PROCESS_CONNECTED  token=44a35937-be62-4e8f-8f35-53bed1fc80d7
10-01 01:54:16.270  CB_ON_CONNECTED  backend=ROOT
10-01 01:54:16.271  BINDER_CONNECTED  backend=ROOT linkToDeath ok
10-01 02:13:06.515  SESSION  app start pid=9925 device=OnePlus PKG110 api=36
10-01 02:13:06.943  BIND  backend=ROOT attempt=1
10-01 02:13:06.943  CONNECTING  backend=ROOT attempt=1
10-01 02:13:06.954  ROOT_SPAWN_CALL  token=a6af0fbd-7a1f-4b9d-aca6-8c12d8403b06
10-01 02:13:08.483  ROOT_PROCESS_CONNECTED  token=a6af0fbd-7a1f-4b9d-aca6-8c12d8403b06
10-01 02:13:08.484  CB_ON_CONNECTED  backend=ROOT
10-01 02:13:08.484  BINDER_CONNECTED  backend=ROOT linkToDeath ok
10-01 02:17:04.070  SESSION  app start pid=16725 device=OnePlus PKG110 api=36
10-01 02:17:06.968  BIND  backend=ROOT attempt=1
10-01 02:17:06.968  CONNECTING  backend=ROOT attempt=1
10-01 02:17:06.970  ROOT_SPAWN_CALL  token=c5db238e-2037-4184-a735-ea2f45612a99
10-01 02:17:08.370  ROOT_PROCESS_CONNECTED  token=c5db238e-2037-4184-a735-ea2f45612a99
10-01 02:17:08.372  CB_ON_CONNECTED  backend=ROOT
10-01 02:17:08.372  BINDER_CONNECTED  backend=ROOT linkToDeath ok
10-01 02:23:21.186  SESSION  app start pid=18711 device=OnePlus PKG110 api=36
10-01 02:23:21.246  BIND  backend=ROOT attempt=1
10-01 02:23:21.246  CONNECTING  backend=ROOT attempt=1
10-01 02:23:21.247  ROOT_SPAWN_CALL  token=be2be595-75f0-4f8a-9885-f1aca6ebdafc
10-01 02:23:21.991  ROOT_PROCESS_CONNECTED  token=be2be595-75f0-4f8a-9885-f1aca6ebdafc
10-01 02:23:21.991  CB_ON_CONNECTED  backend=ROOT
10-01 02:23:21.991  BINDER_CONNECTED  backend=ROOT linkToDeath ok
10-01 02:28:06.544  SESSION  app start pid=1528 device=OnePlus PKG110 api=36
10-01 02:28:06.631  BIND  backend=ROOT attempt=1
10-01 02:28:06.632  CONNECTING  backend=ROOT attempt=1
10-01 02:28:06.633  ROOT_SPAWN_CALL  token=f006ae4e-8de2-4939-a80c-ed8fd7ef3f4d
10-01 02:28:07.300  ROOT_PROCESS_CONNECTED  token=f006ae4e-8de2-4939-a80c-ed8fd7ef3f4d
10-01 02:28:07.301  CB_ON_CONNECTED  backend=ROOT
10-01 02:28:07.302  BINDER_CONNECTED  backend=ROOT linkToDeath ok
10-01 02:29:21.000  SESSION  app start pid=9086 device=OnePlus PKG110 api=36
10-01 02:29:21.099  BIND  backend=ROOT attempt=1
10-01 02:29:21.100  CONNECTING  backend=ROOT attempt=1
10-01 02:29:21.101  ROOT_SPAWN_CALL  token=7d84a567-63b5-4500-9d23-00fc50bf8b88
10-01 02:29:22.041  ROOT_PROCESS_CONNECTED  token=7d84a567-63b5-4500-9d23-00fc50bf8b88
10-01 02:29:22.041  CB_ON_CONNECTED  backend=ROOT
10-01 02:29:22.044  BINDER_CONNECTED  backend=ROOT linkToDeath ok
10-01 02:32:05.830  SESSION  app start pid=9917 device=OnePlus PKG110 api=36
10-01 02:32:05.908  BIND  backend=ROOT attempt=1
10-01 02:32:05.908  CONNECTING  backend=ROOT attempt=1
10-01 02:32:05.910  ROOT_SPAWN_CALL  token=1853251b-3bc2-4c66-a669-5b1ff9bfd846
10-01 02:32:06.543  ROOT_PROCESS_CONNECTED  token=1853251b-3bc2-4c66-a669-5b1ff9bfd846
10-01 02:32:06.543  CB_ON_CONNECTED  backend=ROOT
10-01 02:32:06.543  BINDER_CONNECTED  backend=ROOT linkToDeath ok
10-01 02:35:19.326  SESSION  app start pid=9212 device=OnePlus PKG110 api=36
10-01 02:35:19.616  BIND  backend=ROOT attempt=1
10-01 02:35:19.617  CONNECTING  backend=ROOT attempt=1
10-01 02:35:19.618  ROOT_SPAWN_CALL  token=ffb5d128-2eec-4c1e-a3e8-677b05662dc6
10-01 02:35:20.239  ROOT_PROCESS_CONNECTED  token=ffb5d128-2eec-4c1e-a3e8-677b05662dc6
10-01 02:35:20.239  CB_ON_CONNECTED  backend=ROOT
10-01 02:35:20.239  BINDER_CONNECTED  backend=ROOT linkToDeath ok
10-01 02:39:33.174  SESSION  app start pid=10048 device=OnePlus PKG110 api=36
10-01 02:39:33.395  BIND  backend=ROOT attempt=1
10-01 02:39:33.395  CONNECTING  backend=ROOT attempt=1
10-01 02:39:33.397  ROOT_SPAWN_CALL  token=1ecdc631-6f9b-4b57-bf50-88f5d9be319d
10-01 02:39:34.132  ROOT_PROCESS_CONNECTED  token=1ecdc631-6f9b-4b57-bf50-88f5d9be319d
10-01 02:39:34.132  CB_ON_CONNECTED  backend=ROOT
10-01 02:39:34.132  BINDER_CONNECTED  backend=ROOT linkToDeath ok
10-01 02:43:52.457  SESSION  app start pid=22391 device=OnePlus PKG110 api=36
10-01 02:43:52.545  BIND  backend=ROOT attempt=1
10-01 02:43:52.545  CONNECTING  backend=ROOT attempt=1
10-01 02:43:52.547  ROOT_SPAWN_CALL  token=8111e551-4900-4723-a129-4df166469a3e
10-01 02:43:53.266  ROOT_PROCESS_CONNECTED  token=8111e551-4900-4723-a129-4df166469a3e
10-01 02:43:53.267  CB_ON_CONNECTED  backend=ROOT
10-01 02:43:53.268  BINDER_CONNECTED  backend=ROOT linkToDeath ok
10-01 02:45:18.511  SESSION  app start pid=17218 device=OnePlus PKG110 api=36
10-01 02:45:18.708  BIND  backend=ROOT attempt=1
10-01 02:45:18.708  CONNECTING  backend=ROOT attempt=1
10-01 02:45:18.709  ROOT_SPAWN_CALL  token=a43fc188-20de-4988-a456-5a4fc13c1277
10-01 02:45:19.673  ROOT_PROCESS_CONNECTED  token=a43fc188-20de-4988-a456-5a4fc13c1277
10-01 02:45:19.673  CB_ON_CONNECTED  backend=ROOT
10-01 02:45:19.673  BINDER_CONNECTED  backend=ROOT linkToDeath ok
10-01 02:47:57.411  SESSION  app start pid=9456 device=OnePlus PKG110 api=36
10-01 02:47:57.486  BIND  backend=ROOT attempt=1
10-01 02:47:57.487  CONNECTING  backend=ROOT attempt=1
10-01 02:47:57.489  ROOT_SPAWN_CALL  token=e0b4104e-7a8d-4aa9-85ef-2405eb8ef975
10-01 02:47:58.191  ROOT_PROCESS_CONNECTED  token=e0b4104e-7a8d-4aa9-85ef-2405eb8ef975
10-01 02:47:58.191  CB_ON_CONNECTED  backend=ROOT
10-01 02:47:58.191  BINDER_CONNECTED  backend=ROOT linkToDeath ok
10-01 02:52:05.177  SESSION  app start pid=25951 device=OnePlus PKG110 api=36
10-01 02:52:05.275  BIND  backend=ROOT attempt=1
10-01 02:52:05.276  CONNECTING  backend=ROOT attempt=1
10-01 02:52:05.277  ROOT_SPAWN_CALL  token=7ac9f463-06dc-4825-a153-89dfad5a0852
10-01 02:52:05.901  ROOT_PROCESS_CONNECTED  token=7ac9f463-06dc-4825-a153-89dfad5a0852
10-01 02:52:05.901  CB_ON_CONNECTED  backend=ROOT
10-01 02:52:05.901  BINDER_CONNECTED  backend=ROOT linkToDeath ok
10-01 03:03:20.241  SESSION  app start pid=18086 device=OnePlus PKG110 api=36
10-01 03:03:20.711  BIND  backend=ROOT attempt=1
10-01 03:03:20.711  CONNECTING  backend=ROOT attempt=1
10-01 03:03:20.712  ROOT_SPAWN_CALL  token=4bd06ab8-8584-4d79-b637-f0a114aa0bbb
10-01 03:03:22.166  ROOT_PROCESS_CONNECTED  token=4bd06ab8-8584-4d79-b637-f0a114aa0bbb
10-01 03:03:22.167  CB_ON_CONNECTED  backend=ROOT
10-01 03:03:22.167  BINDER_CONNECTED  backend=ROOT linkToDeath ok
10-01 03:05:26.525  SESSION  app start pid=18156 device=OnePlus PKG110 api=36
10-01 03:05:26.777  BIND  backend=ROOT attempt=1
10-01 03:05:26.777  CONNECTING  backend=ROOT attempt=1
10-01 03:05:26.778  ROOT_SPAWN_CALL  token=0d322377-c00d-4b23-b6dd-4fbd88477280
10-01 03:05:27.965  ROOT_PROCESS_CONNECTED  token=0d322377-c00d-4b23-b6dd-4fbd88477280
10-01 03:05:27.965  CB_ON_CONNECTED  backend=ROOT
10-01 03:05:27.965  BINDER_CONNECTED  backend=ROOT linkToDeath ok
10-01 03:10:04.712  SESSION  app start pid=9676 device=OnePlus PKG110 api=36
10-01 03:10:04.849  BIND  backend=ROOT attempt=1
10-01 03:10:04.850  CONNECTING  backend=ROOT attempt=1
10-01 03:10:04.851  ROOT_SPAWN_CALL  token=a89f82df-334d-42ac-9478-1ae12c1f62d5
10-01 03:10:05.981  ROOT_PROCESS_CONNECTED  token=a89f82df-334d-42ac-9478-1ae12c1f62d5
10-01 03:10:05.981  CB_ON_CONNECTED  backend=ROOT
10-01 03:10:05.982  BINDER_CONNECTED  backend=ROOT linkToDeath ok
10-01 03:14:26.881  SESSION  app start pid=27029 device=OnePlus PKG110 api=36
10-01 03:14:26.930  BIND  backend=ROOT attempt=1
10-01 03:14:26.931  CONNECTING  backend=ROOT attempt=1
10-01 03:14:26.933  ROOT_SPAWN_CALL  token=de8e8cb4-6236-4682-ba37-1e8da237d92f
10-01 03:14:27.625  ROOT_PROCESS_CONNECTED  token=de8e8cb4-6236-4682-ba37-1e8da237d92f
10-01 03:14:27.625  CB_ON_CONNECTED  backend=ROOT
10-01 03:14:27.625  BINDER_CONNECTED  backend=ROOT linkToDeath ok
10-01 03:18:14.108  SESSION  app start pid=9580 device=OnePlus PKG110 api=36
10-01 03:18:14.322  BIND  backend=ROOT attempt=1
10-01 03:18:14.323  CONNECTING  backend=ROOT attempt=1
10-01 03:18:14.324  ROOT_SPAWN_CALL  token=e7eacdc4-7db9-47f8-995f-870e50e59ab8
10-01 03:18:15.385  ROOT_PROCESS_CONNECTED  token=e7eacdc4-7db9-47f8-995f-870e50e59ab8
10-01 03:18:15.385  CB_ON_CONNECTED  backend=ROOT
10-01 03:18:15.385  BINDER_CONNECTED  backend=ROOT linkToDeath ok
10-01 03:23:23.882  SESSION  app start pid=18587 device=OnePlus PKG110 api=36
10-01 03:23:23.999  BIND  backend=ROOT attempt=1
10-01 03:23:23.999  CONNECTING  backend=ROOT attempt=1
10-01 03:23:24.002  ROOT_SPAWN_CALL  token=68430dcc-3b34-4101-a7f1-7b9322c07dfe
10-01 03:23:24.696  ROOT_PROCESS_CONNECTED  token=68430dcc-3b34-4101-a7f1-7b9322c07dfe
10-01 03:23:24.697  CB_ON_CONNECTED  backend=ROOT
10-01 03:23:24.697  BINDER_CONNECTED  backend=ROOT linkToDeath ok
10-01 03:27:45.102  SESSION  app start pid=17287 device=OnePlus PKG110 api=36
10-01 03:27:45.535  BIND  backend=ROOT attempt=1
10-01 03:27:45.540  CONNECTING  backend=ROOT attempt=1
10-01 03:27:45.544  ROOT_SPAWN_CALL  token=3b8661d3-3f88-4741-9a61-c555f728579c
10-01 03:27:46.816  ROOT_PROCESS_CONNECTED  token=3b8661d3-3f88-4741-9a61-c555f728579c
10-01 03:27:46.816  CB_ON_CONNECTED  backend=ROOT
10-01 03:27:46.816  BINDER_CONNECTED  backend=ROOT linkToDeath ok
10-01 03:36:23.357  SESSION  app start pid=9884 device=OnePlus PKG110 api=36
10-01 03:36:23.709  BIND  backend=ROOT attempt=1
10-01 03:36:23.710  CONNECTING  backend=ROOT attempt=1
10-01 03:36:23.712  ROOT_SPAWN_CALL  token=7ca79750-c973-43c3-a58f-24ff77c0e4e5
10-01 03:36:25.538  ROOT_PROCESS_CONNECTED  token=7ca79750-c973-43c3-a58f-24ff77c0e4e5
10-01 03:36:25.538  CB_ON_CONNECTED  backend=ROOT
10-01 03:36:25.538  BINDER_CONNECTED  backend=ROOT linkToDeath ok
10-01 03:40:30.562  SESSION  app start pid=26551 device=OnePlus PKG110 api=36
10-01 03:40:30.672  BIND  backend=ROOT attempt=1
10-01 03:40:30.673  CONNECTING  backend=ROOT attempt=1
10-01 03:40:30.675  ROOT_SPAWN_CALL  token=f5927fa7-b90f-40aa-b0cf-d3b80981dd34
10-01 03:40:31.235  ROOT_PROCESS_CONNECTED  token=f5927fa7-b90f-40aa-b0cf-d3b80981dd34
10-01 03:40:31.235  CB_ON_CONNECTED  backend=ROOT
10-01 03:40:31.236  BINDER_CONNECTED  backend=ROOT linkToDeath ok
10-01 03:45:49.566  SESSION  app start pid=17122 device=OnePlus PKG110 api=36
10-01 03:45:50.009  BIND  backend=ROOT attempt=1
10-01 03:45:50.009  CONNECTING  backend=ROOT attempt=1
10-01 03:45:50.019  ROOT_SPAWN_CALL  token=bd2bde72-9488-4216-ac07-465d23814944
10-01 03:45:51.675  ROOT_PROCESS_CONNECTED  token=bd2bde72-9488-4216-ac07-465d23814944
10-01 03:45:51.675  CB_ON_CONNECTED  backend=ROOT
10-01 03:45:51.676  BINDER_CONNECTED  backend=ROOT linkToDeath ok
10-01 04:01:30.607  SESSION  app start pid=17678 device=OnePlus PKG110 api=36
10-01 04:01:30.719  BIND  backend=ROOT attempt=1
10-01 04:01:30.719  CONNECTING  backend=ROOT attempt=1
10-01 04:01:30.720  ROOT_SPAWN_CALL  token=9f42a3d4-53e6-4575-a1c3-7516c02b5343
10-01 04:01:32.082  ROOT_PROCESS_CONNECTED  token=9f42a3d4-53e6-4575-a1c3-7516c02b5343
10-01 04:01:32.083  CB_ON_CONNECTED  backend=ROOT
10-01 04:01:32.083  BINDER_CONNECTED  backend=ROOT linkToDeath ok
10-01 04:06:00.201  SESSION  app start pid=29713 device=OnePlus PKG110 api=36
10-01 04:06:00.297  BIND  backend=ROOT attempt=1
10-01 04:06:00.298  CONNECTING  backend=ROOT attempt=1
10-01 04:06:00.300  ROOT_SPAWN_CALL  token=88c021f8-f7f6-4d17-800b-964519864e07
10-01 04:06:00.978  ROOT_PROCESS_CONNECTED  token=88c021f8-f7f6-4d17-800b-964519864e07
10-01 04:06:00.978  CB_ON_CONNECTED  backend=ROOT
10-01 04:06:00.979  BINDER_CONNECTED  backend=ROOT linkToDeath ok
10-01 04:09:22.170  SESSION  app start pid=8970 device=OnePlus PKG110 api=36
10-01 04:09:22.366  BIND  backend=ROOT attempt=1
10-01 04:09:22.367  CONNECTING  backend=ROOT attempt=1
10-01 04:09:22.370  ROOT_SPAWN_CALL  token=39d1a508-cd9f-4f7e-bdb1-69a00b5c494c
10-01 04:09:23.473  ROOT_PROCESS_CONNECTED  token=39d1a508-cd9f-4f7e-bdb1-69a00b5c494c
10-01 04:09:23.473  CB_ON_CONNECTED  backend=ROOT
10-01 04:09:23.473  BINDER_CONNECTED  backend=ROOT linkToDeath ok
10-01 04:14:13.751  SESSION  app start pid=18737 device=OnePlus PKG110 api=36
10-01 04:14:13.974  BIND  backend=ROOT attempt=1
10-01 04:14:13.974  CONNECTING  backend=ROOT attempt=1
10-01 04:14:13.976  ROOT_SPAWN_CALL  token=7e415edd-e0a5-4264-ac23-a8beab19423a
10-01 04:14:15.209  ROOT_PROCESS_CONNECTED  token=7e415edd-e0a5-4264-ac23-a8beab19423a
10-01 04:14:15.209  CB_ON_CONNECTED  backend=ROOT
10-01 04:14:15.210  BINDER_CONNECTED  backend=ROOT linkToDeath ok
10-01 04:17:09.171  SESSION  app start pid=9390 device=OnePlus PKG110 api=36
10-01 04:17:09.306  BIND  backend=ROOT attempt=1
10-01 04:17:09.306  CONNECTING  backend=ROOT attempt=1
10-01 04:17:09.307  ROOT_SPAWN_CALL  token=bb0b86c1-a4e7-4c39-8ecc-c7d4a31caab5
10-01 04:17:09.952  ROOT_PROCESS_CONNECTED  token=bb0b86c1-a4e7-4c39-8ecc-c7d4a31caab5
10-01 04:17:09.952  CB_ON_CONNECTED  backend=ROOT
10-01 04:17:09.952  BINDER_CONNECTED  backend=ROOT linkToDeath ok
10-01 04:21:12.823  SESSION  app start pid=25261 device=OnePlus PKG110 api=36
10-01 04:21:12.915  BIND  backend=ROOT attempt=1
10-01 04:21:12.918  CONNECTING  backend=ROOT attempt=1
10-01 04:21:12.919  ROOT_SPAWN_CALL  token=99e05864-ffbb-40d9-bbce-3f98b381c1a3
10-01 04:21:13.532  ROOT_PROCESS_CONNECTED  token=99e05864-ffbb-40d9-bbce-3f98b381c1a3
10-01 04:21:13.532  CB_ON_CONNECTED  backend=ROOT
10-01 04:21:13.533  BINDER_CONNECTED  backend=ROOT linkToDeath ok
10-01 04:24:01.641  SESSION  app start pid=18369 device=OnePlus PKG110 api=36
10-01 04:24:01.838  BIND  backend=ROOT attempt=1
10-01 04:24:01.839  CONNECTING  backend=ROOT attempt=1
10-01 04:24:01.840  ROOT_SPAWN_CALL  token=4b645511-9cbe-436a-a6c2-09357b7567bd
10-01 04:24:03.167  ROOT_PROCESS_CONNECTED  token=4b645511-9cbe-436a-a6c2-09357b7567bd
10-01 04:24:03.168  CB_ON_CONNECTED  backend=ROOT
10-01 04:24:03.169  BINDER_CONNECTED  backend=ROOT linkToDeath ok
10-01 04:28:25.633  SESSION  app start pid=29624 device=OnePlus PKG110 api=36
10-01 04:28:25.732  BIND  backend=ROOT attempt=1
10-01 04:28:25.732  CONNECTING  backend=ROOT attempt=1
10-01 04:28:25.734  ROOT_SPAWN_CALL  token=c7b1fecf-7f2e-4b69-bcdd-71c0fc1a407b
10-01 04:28:26.384  ROOT_PROCESS_CONNECTED  token=c7b1fecf-7f2e-4b69-bcdd-71c0fc1a407b
10-01 04:28:26.385  CB_ON_CONNECTED  backend=ROOT
10-01 04:28:26.386  BINDER_CONNECTED  backend=ROOT linkToDeath ok
10-01 04:37:55.225  SESSION  app start pid=23875 device=OnePlus PKG110 api=36
10-01 04:37:55.280  BIND  backend=ROOT attempt=1
10-01 04:37:55.281  CONNECTING  backend=ROOT attempt=1
10-01 04:37:55.281  ROOT_SPAWN_CALL  token=1613d30a-b910-49cb-bef4-60c6a81db700
10-01 04:37:55.911  ROOT_PROCESS_CONNECTED  token=1613d30a-b910-49cb-bef4-60c6a81db700
10-01 04:37:55.911  CB_ON_CONNECTED  backend=ROOT
10-01 04:37:55.913  BINDER_CONNECTED  backend=ROOT linkToDeath ok
10-01 04:47:29.482  SESSION  app start pid=23297 device=OnePlus PKG110 api=36
10-01 04:47:29.579  BIND  backend=ROOT attempt=1
10-01 04:47:29.579  CONNECTING  backend=ROOT attempt=1
10-01 04:47:29.581  ROOT_SPAWN_CALL  token=d221bfdd-e583-4e45-bc2a-77447e6ed6e1
10-01 04:47:30.318  ROOT_PROCESS_CONNECTED  token=d221bfdd-e583-4e45-bc2a-77447e6ed6e1
10-01 04:47:30.318  CB_ON_CONNECTED  backend=ROOT
10-01 04:47:30.318  BINDER_CONNECTED  backend=ROOT linkToDeath ok
10-01 05:04:31.869  SESSION  app start pid=17708 device=OnePlus PKG110 api=36
10-01 05:04:31.981  BIND  backend=ROOT attempt=1
10-01 05:04:31.982  CONNECTING  backend=ROOT attempt=1
10-01 05:04:31.985  ROOT_SPAWN_CALL  token=333a980d-e541-4897-881b-b338ce4cae0a
10-01 05:04:32.908  ROOT_PROCESS_CONNECTED  token=333a980d-e541-4897-881b-b338ce4cae0a
10-01 05:04:32.908  CB_ON_CONNECTED  backend=ROOT
10-01 05:04:32.908  BINDER_CONNECTED  backend=ROOT linkToDeath ok
10-01 05:10:04.535  SESSION  app start pid=17992 device=OnePlus PKG110 api=36
10-01 05:10:04.769  BIND  backend=ROOT attempt=1
10-01 05:10:04.769  CONNECTING  backend=ROOT attempt=1
10-01 05:10:04.771  ROOT_SPAWN_CALL  token=ff14f487-fb5b-4c47-a3a7-0c5ebb780687
10-01 05:10:05.430  ROOT_PROCESS_CONNECTED  token=ff14f487-fb5b-4c47-a3a7-0c5ebb780687
10-01 05:10:05.430  CB_ON_CONNECTED  backend=ROOT
10-01 05:10:05.430  BINDER_CONNECTED  backend=ROOT linkToDeath ok
10-01 05:19:24.506  SESSION  app start pid=18242 device=OnePlus PKG110 api=36
10-01 05:19:24.688  BIND  backend=ROOT attempt=1
10-01 05:19:24.688  CONNECTING  backend=ROOT attempt=1
10-01 05:19:24.694  ROOT_SPAWN_CALL  token=7801f12d-35a9-4b3d-8a8d-fa3076a0df10
10-01 05:19:25.865  ROOT_PROCESS_CONNECTED  token=7801f12d-35a9-4b3d-8a8d-fa3076a0df10
10-01 05:19:25.866  CB_ON_CONNECTED  backend=ROOT
10-01 05:19:25.866  BINDER_CONNECTED  backend=ROOT linkToDeath ok
10-01 05:23:40.474  SESSION  app start pid=30862 device=OnePlus PKG110 api=36
10-01 05:23:40.580  BIND  backend=ROOT attempt=1
10-01 05:23:40.581  CONNECTING  backend=ROOT attempt=1
10-01 05:23:40.582  ROOT_SPAWN_CALL  token=ffe3a6e9-5bf7-4606-814a-383411547504
10-01 05:23:41.351  ROOT_PROCESS_CONNECTED  token=ffe3a6e9-5bf7-4606-814a-383411547504
10-01 05:23:41.351  CB_ON_CONNECTED  backend=ROOT
10-01 05:23:41.353  BINDER_CONNECTED  backend=ROOT linkToDeath ok
10-01 07:23:33.689  SESSION  app start pid=9456 device=OnePlus PKG110 api=36
10-01 07:23:33.813  BIND  backend=ROOT attempt=1
10-01 07:23:33.813  CONNECTING  backend=ROOT attempt=1
10-01 07:23:33.814  ROOT_SPAWN_CALL  token=de89084b-0567-46fa-9cb4-de29ad04a050
10-01 07:23:35.282  ROOT_PROCESS_CONNECTED  token=de89084b-0567-46fa-9cb4-de29ad04a050
10-01 07:23:35.282  CB_ON_CONNECTED  backend=ROOT
10-01 07:23:35.282  BINDER_CONNECTED  backend=ROOT linkToDeath ok
10-01 08:26:05.699  SESSION  app start pid=17574 device=OnePlus PKG110 api=36
10-01 08:26:06.117  BIND  backend=ROOT attempt=1
10-01 08:26:06.117  CONNECTING  backend=ROOT attempt=1
10-01 08:26:06.123  ROOT_SPAWN_CALL  token=15c61342-147b-40f6-ad41-aae51c0d29dc
10-01 08:26:07.363  ROOT_PROCESS_CONNECTED  token=15c61342-147b-40f6-ad41-aae51c0d29dc
10-01 08:26:07.363  CB_ON_CONNECTED  backend=ROOT
10-01 08:26:07.365  BINDER_CONNECTED  backend=ROOT linkToDeath ok
10-01 08:30:01.954  SESSION  app start pid=8735 device=OnePlus PKG110 api=36
10-01 08:30:02.121  BIND  backend=ROOT attempt=1
10-01 08:30:02.122  CONNECTING  backend=ROOT attempt=1
10-01 08:30:02.123  ROOT_SPAWN_CALL  token=0c800a28-b038-4078-ad5e-e82a9c6ba071
10-01 08:30:03.114  ROOT_PROCESS_CONNECTED  token=0c800a28-b038-4078-ad5e-e82a9c6ba071
10-01 08:30:03.114  CB_ON_CONNECTED  backend=ROOT
10-01 08:30:03.115  BINDER_CONNECTED  backend=ROOT linkToDeath ok
10-01 08:34:17.574  SESSION  app start pid=8611 device=OnePlus PKG110 api=36
10-01 08:34:17.807  BIND  backend=ROOT attempt=1
10-01 08:34:17.807  CONNECTING  backend=ROOT attempt=1
10-01 08:34:17.812  ROOT_SPAWN_CALL  token=9a3e9000-0aa7-4112-b793-e5521d08abf4
10-01 08:34:18.693  ROOT_PROCESS_CONNECTED  token=9a3e9000-0aa7-4112-b793-e5521d08abf4
10-01 08:34:18.693  CB_ON_CONNECTED  backend=ROOT
10-01 08:34:18.697  BINDER_CONNECTED  backend=ROOT linkToDeath ok
10-01 08:42:57.253  SESSION  app start pid=9348 device=OnePlus PKG110 api=36
10-01 08:42:57.427  BIND  backend=ROOT attempt=1
10-01 08:42:57.429  CONNECTING  backend=ROOT attempt=1
10-01 08:42:57.431  ROOT_SPAWN_CALL  token=e027c464-182e-4d6d-8760-ba7a427ba643
10-01 08:42:58.451  ROOT_PROCESS_CONNECTED  token=e027c464-182e-4d6d-8760-ba7a427ba643
10-01 08:42:58.452  CB_ON_CONNECTED  backend=ROOT
10-01 08:42:58.452  BINDER_CONNECTED  backend=ROOT linkToDeath ok
10-01 08:54:26.415  SESSION  app start pid=10131 device=OnePlus PKG110 api=36
10-01 08:54:26.650  BIND  backend=ROOT attempt=1
10-01 08:54:26.650  CONNECTING  backend=ROOT attempt=1
10-01 08:54:26.651  ROOT_SPAWN_CALL  token=86c01a75-44e7-470e-865b-001ebbe94d08
10-01 08:54:27.600  ROOT_PROCESS_CONNECTED  token=86c01a75-44e7-470e-865b-001ebbe94d08
10-01 08:54:27.600  CB_ON_CONNECTED  backend=ROOT
10-01 08:54:27.601  BINDER_CONNECTED  backend=ROOT linkToDeath ok
10-01 09:05:20.528  SESSION  app start pid=9090 device=OnePlus PKG110 api=36
10-01 09:05:20.912  BIND  backend=ROOT attempt=1
10-01 09:05:20.913  CONNECTING  backend=ROOT attempt=1
10-01 09:05:20.914  ROOT_SPAWN_CALL  token=37127f4c-a63b-48cf-a634-959fc31d1f85
10-01 09:05:22.183  ROOT_PROCESS_CONNECTED  token=37127f4c-a63b-48cf-a634-959fc31d1f85
10-01 09:05:22.183  CB_ON_CONNECTED  backend=ROOT
10-01 09:05:22.186  BINDER_CONNECTED  backend=ROOT linkToDeath ok
10-01 12:32:44.903  SESSION  app start pid=8986 device=OnePlus PKG110 api=36
10-01 12:32:45.180  BIND  backend=ROOT attempt=1
10-01 12:32:45.180  CONNECTING  backend=ROOT attempt=1
10-01 12:32:45.182  ROOT_SPAWN_CALL  token=c738fcb4-8720-4133-82f1-9bf656a8dc60
10-01 12:32:46.126  ROOT_PROCESS_CONNECTED  token=c738fcb4-8720-4133-82f1-9bf656a8dc60
10-01 12:32:46.126  CB_ON_CONNECTED  backend=ROOT
10-01 12:32:46.126  BINDER_CONNECTED  backend=ROOT linkToDeath ok
10-01 12:37:10.042  SESSION  app start pid=22550 device=OnePlus PKG110 api=36
10-01 12:37:10.151  BIND  backend=ROOT attempt=1
10-01 12:37:10.151  CONNECTING  backend=ROOT attempt=1
10-01 12:37:10.153  ROOT_SPAWN_CALL  token=36804e9e-5ffe-4bad-ae67-5fb987ba1bd6
10-01 12:37:10.994  ROOT_PROCESS_CONNECTED  token=36804e9e-5ffe-4bad-ae67-5fb987ba1bd6
10-01 12:37:10.995  CB_ON_CONNECTED  backend=ROOT
10-01 12:37:10.996  BINDER_CONNECTED  backend=ROOT linkToDeath ok
10-01 14:01:26.285  SESSION  app start pid=9441 device=OnePlus PKG110 api=36
10-01 14:01:26.575  BIND  backend=ROOT attempt=1
10-01 14:01:26.576  CONNECTING  backend=ROOT attempt=1
10-01 14:01:26.583  ROOT_SPAWN_CALL  token=e9fee2a0-4ea7-4a35-893a-8948ee371ff3
10-01 14:01:27.384  ROOT_PROCESS_CONNECTED  token=e9fee2a0-4ea7-4a35-893a-8948ee371ff3
10-01 14:01:27.384  CB_ON_CONNECTED  backend=ROOT
10-01 14:01:27.385  BINDER_CONNECTED  backend=ROOT linkToDeath ok
10-01 14:06:00.318  SESSION  app start pid=22389 device=OnePlus PKG110 api=36
10-01 14:06:00.412  BIND  backend=ROOT attempt=1
10-01 14:06:00.413  CONNECTING  backend=ROOT attempt=1
10-01 14:06:00.415  ROOT_SPAWN_CALL  token=dc132974-8ecd-44aa-9ac0-84be2a78e519
10-01 14:06:01.040  ROOT_PROCESS_CONNECTED  token=dc132974-8ecd-44aa-9ac0-84be2a78e519
10-01 14:06:01.041  CB_ON_CONNECTED  backend=ROOT
10-01 14:06:01.042  BINDER_CONNECTED  backend=ROOT linkToDeath ok
10-01 14:10:13.273  SESSION  app start pid=8927 device=OnePlus PKG110 api=36
10-01 14:10:13.402  BIND  backend=ROOT attempt=1
10-01 14:10:13.403  CONNECTING  backend=ROOT attempt=1
10-01 14:10:13.404  ROOT_SPAWN_CALL  token=80ec67e9-03c8-4c6e-b4f2-e8474fd505e9
10-01 14:10:14.504  ROOT_PROCESS_CONNECTED  token=80ec67e9-03c8-4c6e-b4f2-e8474fd505e9
10-01 14:10:14.504  CB_ON_CONNECTED  backend=ROOT
10-01 14:10:14.505  BINDER_CONNECTED  backend=ROOT linkToDeath ok
10-01 14:14:30.829  SESSION  app start pid=8824 device=OnePlus PKG110 api=36
10-01 14:14:30.933  BIND  backend=ROOT attempt=1
10-01 14:14:30.933  CONNECTING  backend=ROOT attempt=1
10-01 14:14:30.934  ROOT_SPAWN_CALL  token=1ad57cd1-7fd8-433c-bcbd-df18cd9403f8
10-01 14:14:31.995  ROOT_PROCESS_CONNECTED  token=1ad57cd1-7fd8-433c-bcbd-df18cd9403f8
10-01 14:14:31.995  CB_ON_CONNECTED  backend=ROOT
10-01 14:14:31.996  BINDER_CONNECTED  backend=ROOT linkToDeath ok
10-01 14:18:59.798  SESSION  app start pid=22198 device=OnePlus PKG110 api=36
10-01 14:18:59.876  BIND  backend=ROOT attempt=1
10-01 14:18:59.876  CONNECTING  backend=ROOT attempt=1
10-01 14:18:59.878  ROOT_SPAWN_CALL  token=f0fa92e0-2fb1-4ed0-a06f-3d44c09812aa
10-01 14:19:00.484  ROOT_PROCESS_CONNECTED  token=f0fa92e0-2fb1-4ed0-a06f-3d44c09812aa
10-01 14:19:00.486  CB_ON_CONNECTED  backend=ROOT
10-01 14:19:00.486  BINDER_CONNECTED  backend=ROOT linkToDeath ok
10-01 14:24:11.852  SESSION  app start pid=9256 device=OnePlus PKG110 api=36
10-01 14:24:12.179  BIND  backend=ROOT attempt=1
10-01 14:24:12.180  CONNECTING  backend=ROOT attempt=1
10-01 14:24:12.184  ROOT_SPAWN_CALL  token=30a7efa5-30c4-4081-9d52-ca043f66b56b
10-01 14:24:12.823  ROOT_PROCESS_CONNECTED  token=30a7efa5-30c4-4081-9d52-ca043f66b56b
10-01 14:24:12.823  CB_ON_CONNECTED  backend=ROOT
10-01 14:24:12.823  BINDER_CONNECTED  backend=ROOT linkToDeath ok
10-01 14:29:10.389  SESSION  app start pid=9270 device=OnePlus PKG110 api=36
10-01 14:29:10.686  BIND  backend=ROOT attempt=1
10-01 14:29:10.686  CONNECTING  backend=ROOT attempt=1
10-01 14:29:10.690  ROOT_SPAWN_CALL  token=483db564-5b28-46e5-8a88-c993edc45f62
10-01 14:29:11.685  ROOT_PROCESS_CONNECTED  token=483db564-5b28-46e5-8a88-c993edc45f62
10-01 14:29:11.685  CB_ON_CONNECTED  backend=ROOT
10-01 14:29:11.685  BINDER_CONNECTED  backend=ROOT linkToDeath ok
10-01 14:33:50.721  SESSION  app start pid=24641 device=OnePlus PKG110 api=36
10-01 14:33:50.825  BIND  backend=ROOT attempt=1
10-01 14:33:50.825  CONNECTING  backend=ROOT attempt=1
10-01 14:33:50.827  ROOT_SPAWN_CALL  token=14fa8fb9-4de9-4fad-88c0-2ed35b8d3043
10-01 14:33:51.472  ROOT_PROCESS_CONNECTED  token=14fa8fb9-4de9-4fad-88c0-2ed35b8d3043
10-01 14:33:51.472  CB_ON_CONNECTED  backend=ROOT
10-01 14:33:51.473  BINDER_CONNECTED  backend=ROOT linkToDeath ok
10-01 15:37:34.416  SESSION  app start pid=9245 device=OnePlus PKG110 api=36
10-01 15:37:34.495  BIND  backend=ROOT attempt=1
10-01 15:37:34.495  CONNECTING  backend=ROOT attempt=1
10-01 15:37:34.502  ROOT_SPAWN_CALL  token=ce305dcf-80f2-4571-b090-7c8e76fde3ec
10-01 15:37:35.120  ROOT_PROCESS_CONNECTED  token=ce305dcf-80f2-4571-b090-7c8e76fde3ec
10-01 15:37:35.120  CB_ON_CONNECTED  backend=ROOT
10-01 15:37:35.120  BINDER_CONNECTED  backend=ROOT linkToDeath ok
10-01 15:43:36.242  SESSION  app start pid=11931 device=OnePlus PKG110 api=36
10-01 15:43:36.311  BIND  backend=ROOT attempt=1
10-01 15:43:36.312  CONNECTING  backend=ROOT attempt=1
10-01 15:43:36.312  ROOT_SPAWN_CALL  token=2ad85cbf-ae8d-4641-8078-5bef91aa87e3
10-01 15:43:36.892  ROOT_PROCESS_CONNECTED  token=2ad85cbf-ae8d-4641-8078-5bef91aa87e3
10-01 15:43:36.892  CB_ON_CONNECTED  backend=ROOT
10-01 15:43:36.894  BINDER_CONNECTED  backend=ROOT linkToDeath ok
10-01 15:46:39.941  SESSION  app start pid=9439 device=OnePlus PKG110 api=36
10-01 15:46:40.421  BIND  backend=ROOT attempt=1
10-01 15:46:40.421  CONNECTING  backend=ROOT attempt=1
10-01 15:46:40.423  ROOT_SPAWN_CALL  token=29da9d7f-7be3-41a8-bc13-fb01d31f5784
10-01 15:46:41.679  ROOT_PROCESS_CONNECTED  token=29da9d7f-7be3-41a8-bc13-fb01d31f5784
10-01 15:46:41.680  CB_ON_CONNECTED  backend=ROOT
10-01 15:46:41.680  BINDER_CONNECTED  backend=ROOT linkToDeath ok
10-01 15:57:29.554  SESSION  app start pid=28929 device=OnePlus PKG110 api=36
10-01 15:57:29.632  BIND  backend=ROOT attempt=1
10-01 15:57:29.633  CONNECTING  backend=ROOT attempt=1
10-01 15:57:29.634  ROOT_SPAWN_CALL  token=9715d9dd-dc1d-4366-9148-59e91008cbf1
10-01 15:57:30.185  ROOT_PROCESS_CONNECTED  token=9715d9dd-dc1d-4366-9148-59e91008cbf1
10-01 15:57:30.188  CB_ON_CONNECTED  backend=ROOT
10-01 15:57:30.188  BINDER_CONNECTED  backend=ROOT linkToDeath ok
10-01 17:18:50.512  SESSION  app start pid=9946 device=OnePlus PKG110 api=36
10-01 17:18:50.636  BIND  backend=ROOT attempt=1
10-01 17:18:50.636  CONNECTING  backend=ROOT attempt=1
10-01 17:18:50.638  ROOT_SPAWN_CALL  token=a5b16186-c04e-42cc-9395-f172bd917bf4
10-01 17:18:51.958  ROOT_PROCESS_CONNECTED  token=a5b16186-c04e-42cc-9395-f172bd917bf4
10-01 17:18:51.958  CB_ON_CONNECTED  backend=ROOT
10-01 17:18:51.970  BINDER_CONNECTED  backend=ROOT linkToDeath ok
10-01 17:23:42.439  SESSION  app start pid=10404 device=OnePlus PKG110 api=36
10-01 17:23:42.547  BIND  backend=ROOT attempt=1
10-01 17:23:42.547  CONNECTING  backend=ROOT attempt=1
10-01 17:23:42.549  ROOT_SPAWN_CALL  token=98568657-abea-4ee1-bf95-7dcfcf5ed71d
10-01 17:23:43.278  ROOT_PROCESS_CONNECTED  token=98568657-abea-4ee1-bf95-7dcfcf5ed71d
10-01 17:23:43.279  CB_ON_CONNECTED  backend=ROOT
10-01 17:23:43.279  BINDER_CONNECTED  backend=ROOT linkToDeath ok
10-01 17:34:18.022  SESSION  app start pid=9622 device=OnePlus PKG110 api=36
10-01 17:34:18.127  BIND  backend=ROOT attempt=1
10-01 17:34:18.127  CONNECTING  backend=ROOT attempt=1
10-01 17:34:18.129  ROOT_SPAWN_CALL  token=028f33d6-760a-4aee-bbcc-e3b73ab12cd5
10-01 17:34:18.978  ROOT_PROCESS_CONNECTED  token=028f33d6-760a-4aee-bbcc-e3b73ab12cd5
10-01 17:34:18.978  CB_ON_CONNECTED  backend=ROOT
10-01 17:34:18.978  BINDER_CONNECTED  backend=ROOT linkToDeath ok
10-01 17:38:50.965  SESSION  app start pid=1690 device=OnePlus PKG110 api=36
10-01 17:38:51.078  BIND  backend=ROOT attempt=1
10-01 17:38:51.080  CONNECTING  backend=ROOT attempt=1
10-01 17:38:51.082  ROOT_SPAWN_CALL  token=0fbaeea1-9132-4ab9-b294-e9e756380baa
10-01 17:38:51.894  ROOT_PROCESS_CONNECTED  token=0fbaeea1-9132-4ab9-b294-e9e756380baa
10-01 17:38:51.894  CB_ON_CONNECTED  backend=ROOT
10-01 17:38:51.895  BINDER_CONNECTED  backend=ROOT linkToDeath ok
10-01 17:46:30.677  SESSION  app start pid=8972 device=OnePlus PKG110 api=36
10-01 17:46:30.966  BIND  backend=ROOT attempt=1
10-01 17:46:30.966  CONNECTING  backend=ROOT attempt=1
10-01 17:46:30.967  ROOT_SPAWN_CALL  token=8bb7a275-1886-4652-ba48-ab25801b980d
10-01 17:46:32.236  ROOT_PROCESS_CONNECTED  token=8bb7a275-1886-4652-ba48-ab25801b980d
10-01 17:46:32.236  CB_ON_CONNECTED  backend=ROOT
10-01 17:46:32.236  BINDER_CONNECTED  backend=ROOT linkToDeath ok
10-01 17:50:59.757  SESSION  app start pid=13937 device=OnePlus PKG110 api=36
10-01 17:50:59.855  BIND  backend=ROOT attempt=1
10-01 17:50:59.856  CONNECTING  backend=ROOT attempt=1
10-01 17:50:59.857  ROOT_SPAWN_CALL  token=290fc077-91a3-4ec5-b71a-c3e29832d77a
10-01 17:51:00.443  ROOT_PROCESS_CONNECTED  token=290fc077-91a3-4ec5-b71a-c3e29832d77a
10-01 17:51:00.444  CB_ON_CONNECTED  backend=ROOT
10-01 17:51:00.444  BINDER_CONNECTED  backend=ROOT linkToDeath ok
10-01 17:52:06.558  SESSION  app start pid=10173 device=OnePlus PKG110 api=36
10-01 17:52:06.800  BIND  backend=ROOT attempt=1
10-01 17:52:06.807  CONNECTING  backend=ROOT attempt=1
10-01 17:52:06.808  ROOT_SPAWN_CALL  token=a341d7ea-ae7a-472f-9c95-21c67965867d
10-01 17:52:07.655  ROOT_PROCESS_CONNECTED  token=a341d7ea-ae7a-472f-9c95-21c67965867d
10-01 17:52:07.655  CB_ON_CONNECTED  backend=ROOT
10-01 17:52:07.655  BINDER_CONNECTED  backend=ROOT linkToDeath ok
10-01 17:56:02.281  SESSION  app start pid=9159 device=OnePlus PKG110 api=36
10-01 17:56:02.381  BIND  backend=ROOT attempt=1
10-01 17:56:02.381  CONNECTING  backend=ROOT attempt=1
10-01 17:56:02.384  ROOT_SPAWN_CALL  token=b0238734-4e66-48a0-b8b8-5c3f0c42a55d
10-01 17:56:03.685  ROOT_PROCESS_CONNECTED  token=b0238734-4e66-48a0-b8b8-5c3f0c42a55d
10-01 17:56:03.685  CB_ON_CONNECTED  backend=ROOT
10-01 17:56:03.685  BINDER_CONNECTED  backend=ROOT linkToDeath ok
10-01 18:00:14.936  SESSION  app start pid=14566 device=OnePlus PKG110 api=36
10-01 18:00:14.982  BIND  backend=ROOT attempt=1
10-01 18:00:14.982  CONNECTING  backend=ROOT attempt=1
10-01 18:00:14.982  BIND_SKIP  already connecting backend=ROOT
10-01 18:00:14.983  ROOT_SPAWN_CALL  token=15c6e68d-6339-4c9d-9f36-3365cb11b9b0
10-01 18:00:15.479  ROOT_PROCESS_CONNECTED  token=15c6e68d-6339-4c9d-9f36-3365cb11b9b0
10-01 18:00:15.480  CB_ON_CONNECTED  backend=ROOT
10-01 18:00:15.480  BINDER_CONNECTED  backend=ROOT linkToDeath ok
10-01 18:11:15.405  SESSION  app start pid=8692 device=OnePlus PKG110 api=36
10-01 18:11:15.467  BIND  backend=ROOT attempt=1
10-01 18:11:15.467  CONNECTING  backend=ROOT attempt=1
10-01 18:11:15.468  ROOT_SPAWN_CALL  token=0c5dd7a3-ac65-4c21-8d5c-4d32a0f2606a
10-01 18:11:16.715  ROOT_PROCESS_CONNECTED  token=0c5dd7a3-ac65-4c21-8d5c-4d32a0f2606a
10-01 18:11:16.716  CB_ON_CONNECTED  backend=ROOT
10-01 18:11:16.718  BINDER_CONNECTED  backend=ROOT linkToDeath ok
10-01 18:17:35.644  SESSION  app start pid=9338 device=OnePlus PKG110 api=36
10-01 18:17:35.733  BIND  backend=ROOT attempt=1
10-01 18:17:35.734  CONNECTING  backend=ROOT attempt=1
10-01 18:17:35.735  ROOT_SPAWN_CALL  token=44ee1d2f-90ff-46c1-a6d3-ff5d750b6665
10-01 18:17:36.630  ROOT_PROCESS_CONNECTED  token=44ee1d2f-90ff-46c1-a6d3-ff5d750b6665
10-01 18:17:36.630  CB_ON_CONNECTED  backend=ROOT
10-01 18:17:36.630  BINDER_CONNECTED  backend=ROOT linkToDeath ok
10-01 18:22:20.232  SESSION  app start pid=504 device=OnePlus PKG110 api=36
10-01 18:22:20.289  BIND  backend=ROOT attempt=1
10-01 18:22:20.289  CONNECTING  backend=ROOT attempt=1
10-01 18:22:20.290  ROOT_SPAWN_CALL  token=1dc9424c-3664-4a12-9596-654c77539e62
10-01 18:22:20.970  ROOT_PROCESS_CONNECTED  token=1dc9424c-3664-4a12-9596-654c77539e62
10-01 18:22:20.970  CB_ON_CONNECTED  backend=ROOT
10-01 18:22:20.971  BINDER_CONNECTED  backend=ROOT linkToDeath ok
10-01 18:23:04.597  SESSION  app start pid=8864 device=OnePlus PKG110 api=36
10-01 18:23:04.719  BIND  backend=ROOT attempt=1
10-01 18:23:04.719  CONNECTING  backend=ROOT attempt=1
10-01 18:23:04.720  ROOT_SPAWN_CALL  token=fa276cd9-b108-4c18-acf9-9db8c7dec280
10-01 18:23:05.637  ROOT_PROCESS_CONNECTED  token=fa276cd9-b108-4c18-acf9-9db8c7dec280
10-01 18:23:05.637  CB_ON_CONNECTED  backend=ROOT
10-01 18:23:05.638  BINDER_CONNECTED  backend=ROOT linkToDeath ok
10-01 18:29:36.378  SESSION  app start pid=15783 device=OnePlus PKG110 api=36
10-01 18:29:36.457  BIND  backend=ROOT attempt=1
10-01 18:29:36.458  CONNECTING  backend=ROOT attempt=1
10-01 18:29:36.460  ROOT_SPAWN_CALL  token=8d9b50ff-edd2-421b-933a-40695a288097
10-01 18:29:37.156  ROOT_PROCESS_CONNECTED  token=8d9b50ff-edd2-421b-933a-40695a288097
10-01 18:29:37.157  CB_ON_CONNECTED  backend=ROOT
10-01 18:29:37.162  BINDER_CONNECTED  backend=ROOT linkToDeath ok
10-01 21:16:48.165  SESSION  app start pid=9561 device=OnePlus PKG110 api=36
10-01 21:16:48.254  BIND  backend=ROOT attempt=1
10-01 21:16:48.254  CONNECTING  backend=ROOT attempt=1
10-01 21:16:48.255  ROOT_SPAWN_CALL  token=c90214f3-cccd-418c-bdd7-2b73e16b7ff4
10-01 21:16:49.423  ROOT_PROCESS_CONNECTED  token=c90214f3-cccd-418c-bdd7-2b73e16b7ff4
10-01 21:16:49.423  CB_ON_CONNECTED  backend=ROOT
10-01 21:16:49.423  BINDER_CONNECTED  backend=ROOT linkToDeath ok
10-01 21:22:10.436  SESSION  app start pid=9461 device=OnePlus PKG110 api=36
10-01 21:22:10.815  BIND  backend=ROOT attempt=1
10-01 21:22:10.816  CONNECTING  backend=ROOT attempt=1
10-01 21:22:10.817  ROOT_SPAWN_CALL  token=b03a0d62-a6a6-4790-911b-3947fa8708ca
10-01 21:22:11.382  ROOT_PROCESS_CONNECTED  token=b03a0d62-a6a6-4790-911b-3947fa8708ca
10-01 21:22:11.382  CB_ON_CONNECTED  backend=ROOT
10-01 21:22:11.382  BINDER_CONNECTED  backend=ROOT linkToDeath ok
10-01 21:26:51.186  SESSION  app start pid=1711 device=OnePlus PKG110 api=36
10-01 21:26:51.270  BIND  backend=ROOT attempt=1
10-01 21:26:51.271  CONNECTING  backend=ROOT attempt=1
10-01 21:26:51.272  ROOT_SPAWN_CALL  token=50eb59f1-3a2f-4d27-b14c-031408686277
10-01 21:26:51.923  ROOT_PROCESS_CONNECTED  token=50eb59f1-3a2f-4d27-b14c-031408686277
10-01 21:26:51.923  CB_ON_CONNECTED  backend=ROOT
10-01 21:26:51.926  BINDER_CONNECTED  backend=ROOT linkToDeath ok
10-01 21:29:39.697  SESSION  app start pid=9304 device=OnePlus PKG110 api=36
10-01 21:29:39.899  BIND  backend=ROOT attempt=1
10-01 21:29:39.899  CONNECTING  backend=ROOT attempt=1
10-01 21:29:39.901  ROOT_SPAWN_CALL  token=846eba2e-4646-4e9e-b20e-bfd2b3cbafca
10-01 21:29:41.088  ROOT_PROCESS_CONNECTED  token=846eba2e-4646-4e9e-b20e-bfd2b3cbafca
10-01 21:29:41.089  CB_ON_CONNECTED  backend=ROOT
10-01 21:29:41.089  BINDER_CONNECTED  backend=ROOT linkToDeath ok
10-01 21:35:09.378  SESSION  app start pid=10194 device=OnePlus PKG110 api=36
10-01 21:35:09.637  BIND  backend=ROOT attempt=1
10-01 21:35:09.637  CONNECTING  backend=ROOT attempt=1
10-01 21:35:09.639  ROOT_SPAWN_CALL  token=0d0e2a73-83e9-432c-86a2-59fdcece2dd7
10-01 21:35:11.585  ROOT_PROCESS_CONNECTED  token=0d0e2a73-83e9-432c-86a2-59fdcece2dd7
10-01 21:35:11.586  CB_ON_CONNECTED  backend=ROOT
10-01 21:35:11.586  BINDER_CONNECTED  backend=ROOT linkToDeath ok
10-01 21:38:03.014  SESSION  app start pid=9877 device=OnePlus PKG110 api=36
10-01 21:38:03.685  BIND  backend=ROOT attempt=1
10-01 21:38:03.685  CONNECTING  backend=ROOT attempt=1
10-01 21:38:03.686  ROOT_SPAWN_CALL  token=33d387dd-0f27-4db6-8c81-071f926c0fbf
10-01 21:38:04.939  ROOT_PROCESS_CONNECTED  token=33d387dd-0f27-4db6-8c81-071f926c0fbf
10-01 21:38:04.939  CB_ON_CONNECTED  backend=ROOT
10-01 21:38:04.939  BINDER_CONNECTED  backend=ROOT linkToDeath ok
10-01 21:42:41.302  SESSION  app start pid=27678 device=OnePlus PKG110 api=36
10-01 21:42:41.407  BIND  backend=ROOT attempt=1
10-01 21:42:41.408  CONNECTING  backend=ROOT attempt=1
10-01 21:42:41.409  ROOT_SPAWN_CALL  token=45e17235-80e7-4d4c-bcab-07928c6c2ac5
10-01 21:42:42.119  ROOT_PROCESS_CONNECTED  token=45e17235-80e7-4d4c-bcab-07928c6c2ac5
10-01 21:42:42.119  CB_ON_CONNECTED  backend=ROOT
10-01 21:42:42.120  BINDER_CONNECTED  backend=ROOT linkToDeath ok
10-01 21:46:42.524  SESSION  app start pid=9885 device=OnePlus PKG110 api=36
10-01 21:46:42.679  BIND  backend=ROOT attempt=1
10-01 21:46:42.679  CONNECTING  backend=ROOT attempt=1
10-01 21:46:42.680  ROOT_SPAWN_CALL  token=764a927a-a614-4f27-849b-f50637bd1b1f
10-01 21:46:43.599  ROOT_PROCESS_CONNECTED  token=764a927a-a614-4f27-849b-f50637bd1b1f
10-01 21:46:43.600  CB_ON_CONNECTED  backend=ROOT
10-01 21:46:43.600  BINDER_CONNECTED  backend=ROOT linkToDeath ok
10-01 21:49:54.549  SESSION  app start pid=9677 device=OnePlus PKG110 api=36
10-01 21:49:54.706  BIND  backend=ROOT attempt=1
10-01 21:49:54.708  CONNECTING  backend=ROOT attempt=1
10-01 21:49:54.710  ROOT_SPAWN_CALL  token=4a0ac82b-3a5c-4c7b-83c3-547702f09689
10-01 21:49:55.902  ROOT_PROCESS_CONNECTED  token=4a0ac82b-3a5c-4c7b-83c3-547702f09689
10-01 21:49:55.903  CB_ON_CONNECTED  backend=ROOT
10-01 21:49:55.963  BINDER_CONNECTED  backend=ROOT linkToDeath ok
10-01 21:54:27.864  SESSION  app start pid=8711 device=OnePlus PKG110 api=36
10-01 21:54:28.014  BIND  backend=ROOT attempt=1
10-01 21:54:28.014  CONNECTING  backend=ROOT attempt=1
10-01 21:54:28.016  ROOT_SPAWN_CALL  token=30c7e681-81af-4653-8e62-cc2031bd1bc6
10-01 21:54:28.691  ROOT_PROCESS_CONNECTED  token=30c7e681-81af-4653-8e62-cc2031bd1bc6
10-01 21:54:28.691  CB_ON_CONNECTED  backend=ROOT
10-01 21:54:28.691  BINDER_CONNECTED  backend=ROOT linkToDeath ok
10-01 21:59:07.770  SESSION  app start pid=10977 device=OnePlus PKG110 api=36
10-01 21:59:07.841  BIND  backend=ROOT attempt=1
10-01 21:59:07.842  CONNECTING  backend=ROOT attempt=1
10-01 21:59:07.844  ROOT_SPAWN_CALL  token=ef416370-565c-4bcd-8f89-c11ddb314ae5
10-01 21:59:08.513  ROOT_PROCESS_CONNECTED  token=ef416370-565c-4bcd-8f89-c11ddb314ae5
10-01 21:59:08.513  CB_ON_CONNECTED  backend=ROOT
10-01 21:59:08.514  BINDER_CONNECTED  backend=ROOT linkToDeath ok
10-01 22:01:33.255  SESSION  app start pid=9659 device=OnePlus PKG110 api=36
10-01 22:01:33.485  BIND  backend=ROOT attempt=1
10-01 22:01:33.485  CONNECTING  backend=ROOT attempt=1
10-01 22:01:33.486  ROOT_SPAWN_CALL  token=460f5c56-7cff-4f8c-95b1-d60b408e0cb3
10-01 22:01:34.576  ROOT_PROCESS_CONNECTED  token=460f5c56-7cff-4f8c-95b1-d60b408e0cb3
10-01 22:01:34.576  CB_ON_CONNECTED  backend=ROOT
10-01 22:01:34.580  BINDER_CONNECTED  backend=ROOT linkToDeath ok
10-01 22:06:07.479  SESSION  app start pid=22924 device=OnePlus PKG110 api=36
10-01 22:06:07.569  BIND  backend=ROOT attempt=1
10-01 22:06:07.569  CONNECTING  backend=ROOT attempt=1
10-01 22:06:07.572  ROOT_SPAWN_CALL  token=fda17b33-f9fe-411b-9af6-519b680790e9
10-01 22:06:08.189  ROOT_PROCESS_CONNECTED  token=fda17b33-f9fe-411b-9af6-519b680790e9
10-01 22:06:08.189  CB_ON_CONNECTED  backend=ROOT
10-01 22:06:08.189  BINDER_CONNECTED  backend=ROOT linkToDeath ok
10-01 22:08:30.161  SESSION  app start pid=8780 device=OnePlus PKG110 api=36
10-01 22:08:30.393  BIND  backend=ROOT attempt=1
10-01 22:08:30.393  CONNECTING  backend=ROOT attempt=1
10-01 22:08:30.394  ROOT_SPAWN_CALL  token=186073bf-c333-45d6-ad87-511a9cb740b6
10-01 22:08:31.583  ROOT_PROCESS_CONNECTED  token=186073bf-c333-45d6-ad87-511a9cb740b6
10-01 22:08:31.583  CB_ON_CONNECTED  backend=ROOT
10-01 22:08:31.584  BINDER_CONNECTED  backend=ROOT linkToDeath ok
10-01 22:12:40.061  SESSION  app start pid=22328 device=OnePlus PKG110 api=36
10-01 22:12:40.146  BIND  backend=ROOT attempt=1
10-01 22:12:40.147  CONNECTING  backend=ROOT attempt=1
10-01 22:12:40.151  ROOT_SPAWN_CALL  token=03e70cc6-3d6c-4a62-b71b-27770480c6d8
10-01 22:12:40.938  ROOT_PROCESS_CONNECTED  token=03e70cc6-3d6c-4a62-b71b-27770480c6d8
10-01 22:12:40.938  CB_ON_CONNECTED  backend=ROOT
10-01 22:12:40.939  BINDER_CONNECTED  backend=ROOT linkToDeath ok
10-01 22:25:20.700  SESSION  app start pid=8842 device=OnePlus PKG110 api=36
10-01 22:25:20.983  BIND  backend=ROOT attempt=1
10-01 22:25:20.983  CONNECTING  backend=ROOT attempt=1
10-01 22:25:20.987  ROOT_SPAWN_CALL  token=7023b6b3-e3c0-4643-89c4-72d54735f86b
10-01 22:25:21.958  ROOT_PROCESS_CONNECTED  token=7023b6b3-e3c0-4643-89c4-72d54735f86b
10-01 22:25:21.958  CB_ON_CONNECTED  backend=ROOT
10-01 22:25:21.958  BINDER_CONNECTED  backend=ROOT linkToDeath ok
10-01 22:29:45.839  SESSION  app start pid=24910 device=OnePlus PKG110 api=36
10-01 22:29:45.920  BIND  backend=ROOT attempt=1
10-01 22:29:45.920  CONNECTING  backend=ROOT attempt=1
10-01 22:29:45.921  ROOT_SPAWN_CALL  token=60a10426-e750-40c4-87ee-4879c7794292
10-01 22:29:46.800  ROOT_PROCESS_CONNECTED  token=60a10426-e750-40c4-87ee-4879c7794292
10-01 22:29:46.801  CB_ON_CONNECTED  backend=ROOT
10-01 22:29:46.802  BINDER_CONNECTED  backend=ROOT linkToDeath ok
10-01 22:42:54.509  SESSION  app start pid=9551 device=OnePlus PKG110 api=36
10-01 22:42:54.660  BIND  backend=ROOT attempt=1
10-01 22:42:54.660  CONNECTING  backend=ROOT attempt=1
10-01 22:42:54.662  ROOT_SPAWN_CALL  token=ef087015-155f-4813-9d90-d37354641171
10-01 22:42:55.648  ROOT_PROCESS_CONNECTED  token=ef087015-155f-4813-9d90-d37354641171
10-01 22:42:55.649  CB_ON_CONNECTED  backend=ROOT
10-01 22:42:55.649  BINDER_CONNECTED  backend=ROOT linkToDeath ok
10-01 22:46:28.248  SESSION  app start pid=9106 device=OnePlus PKG110 api=36
10-01 22:46:28.516  BIND  backend=ROOT attempt=1
10-01 22:46:28.516  CONNECTING  backend=ROOT attempt=1
10-01 22:46:28.517  ROOT_SPAWN_CALL  token=67669171-55d3-447c-99d2-f2acea32b810
10-01 22:46:29.665  ROOT_PROCESS_CONNECTED  token=67669171-55d3-447c-99d2-f2acea32b810
10-01 22:46:29.666  CB_ON_CONNECTED  backend=ROOT
10-01 22:46:29.666  BINDER_CONNECTED  backend=ROOT linkToDeath ok
10-01 22:51:09.421  SESSION  app start pid=22789 device=OnePlus PKG110 api=36
10-01 22:51:09.502  BIND  backend=ROOT attempt=1
10-01 22:51:09.503  CONNECTING  backend=ROOT attempt=1
10-01 22:51:09.506  ROOT_SPAWN_CALL  token=9f4a88a7-ed10-4e3e-9293-fbe192c34368
10-01 22:51:09.969  ROOT_PROCESS_CONNECTED  token=9f4a88a7-ed10-4e3e-9293-fbe192c34368
10-01 22:51:09.969  CB_ON_CONNECTED  backend=ROOT
10-01 22:51:09.969  BINDER_CONNECTED  backend=ROOT linkToDeath ok
10-01 23:45:08.187  SESSION  app start pid=9188 device=OnePlus PKG110 api=36
10-01 23:45:08.429  BIND  backend=ROOT attempt=1
10-01 23:45:08.430  CONNECTING  backend=ROOT attempt=1
10-01 23:45:08.431  ROOT_SPAWN_CALL  token=2916fd6c-1092-4a87-a9a1-60cb3a2442a6
10-01 23:45:09.353  ROOT_PROCESS_CONNECTED  token=2916fd6c-1092-4a87-a9a1-60cb3a2442a6
10-01 23:45:09.353  CB_ON_CONNECTED  backend=ROOT
10-01 23:45:09.353  BINDER_CONNECTED  backend=ROOT linkToDeath ok
10-01 23:46:27.043  SESSION  app start pid=8820 device=OnePlus PKG110 api=36
10-01 23:46:27.125  BIND  backend=ROOT attempt=1
10-01 23:46:27.125  CONNECTING  backend=ROOT attempt=1
10-01 23:46:27.131  ROOT_SPAWN_CALL  token=a47305ed-ea32-474e-9b11-865d76325472
10-01 23:46:29.147  ROOT_PROCESS_CONNECTED  token=a47305ed-ea32-474e-9b11-865d76325472
10-01 23:46:29.148  CB_ON_CONNECTED  backend=ROOT
10-01 23:46:29.148  BINDER_CONNECTED  backend=ROOT linkToDeath ok
10-01 23:48:47.076  SESSION  app start pid=9276 device=OnePlus PKG110 api=36
10-01 23:48:47.429  BIND  backend=ROOT attempt=1
10-01 23:48:47.429  CONNECTING  backend=ROOT attempt=1
10-01 23:48:47.431  ROOT_SPAWN_CALL  token=a035306f-6172-4080-b83c-c2c38114e2df
10-01 23:48:48.836  ROOT_PROCESS_CONNECTED  token=a035306f-6172-4080-b83c-c2c38114e2df
10-01 23:48:48.836  CB_ON_CONNECTED  backend=ROOT
10-01 23:48:48.836  BINDER_CONNECTED  backend=ROOT linkToDeath ok
10-01 23:50:56.562  SESSION  app start pid=9675 device=OnePlus PKG110 api=36
10-01 23:50:56.736  BIND  backend=ROOT attempt=1
10-01 23:50:56.737  CONNECTING  backend=ROOT attempt=1
10-01 23:50:56.738  ROOT_SPAWN_CALL  token=1b823294-07b7-448a-9082-9c9f75e36f15
10-01 23:50:58.585  ROOT_PROCESS_CONNECTED  token=1b823294-07b7-448a-9082-9c9f75e36f15
10-01 23:50:58.585  CB_ON_CONNECTED  backend=ROOT
10-01 23:50:58.585  BINDER_CONNECTED  backend=ROOT linkToDeath ok
10-01 23:55:03.367  SESSION  app start pid=9944 device=OnePlus PKG110 api=36
10-01 23:55:03.508  BIND  backend=ROOT attempt=1
10-01 23:55:03.508  CONNECTING  backend=ROOT attempt=1
10-01 23:55:03.509  ROOT_SPAWN_CALL  token=560d33f3-3484-4af8-8a98-b6dfd88191fe
10-01 23:55:05.059  ROOT_PROCESS_CONNECTED  token=560d33f3-3484-4af8-8a98-b6dfd88191fe
10-01 23:55:05.059  CB_ON_CONNECTED  backend=ROOT
10-01 23:55:05.059  BINDER_CONNECTED  backend=ROOT linkToDeath ok
10-01 23:59:27.322  SESSION  app start pid=24551 device=OnePlus PKG110 api=36
10-01 23:59:27.377  BIND  backend=ROOT attempt=1
10-01 23:59:27.377  CONNECTING  backend=ROOT attempt=1
10-01 23:59:27.378  ROOT_SPAWN_CALL  token=35f049e0-e128-441c-a1fc-95dde58edc0f
10-01 23:59:27.993  ROOT_PROCESS_CONNECTED  token=35f049e0-e128-441c-a1fc-95dde58edc0f
10-01 23:59:27.994  CB_ON_CONNECTED  backend=ROOT
10-01 23:59:27.994  BINDER_CONNECTED  backend=ROOT linkToDeath ok
10-02 05:54:30.034  SESSION  app start pid=29670 device=OnePlus PKG110 api=36
10-02 05:54:30.087  BIND  backend=ROOT attempt=1
10-02 05:54:30.087  CONNECTING  backend=ROOT attempt=1
10-02 05:54:30.089  BIND_SKIP  already connecting backend=ROOT
10-02 05:54:30.089  ROOT_SPAWN_CALL  token=eb77e9ef-4321-464a-b130-07e7897cbdda
10-02 05:54:30.618  ROOT_PROCESS_CONNECTED  token=eb77e9ef-4321-464a-b130-07e7897cbdda
10-02 05:54:30.619  CB_ON_CONNECTED  backend=ROOT
10-02 05:54:30.620  BINDER_CONNECTED  backend=ROOT linkToDeath ok
10-02 08:49:55.706  SESSION  app start pid=16971 device=OnePlus PKG110 api=36
10-02 08:49:55.856  BIND  backend=ROOT attempt=1
10-02 08:49:55.857  CONNECTING  backend=ROOT attempt=1
10-02 08:49:55.858  ROOT_SPAWN_CALL  token=a156307b-d1e7-4cc2-b208-fce2e65170a0
10-02 08:49:56.436  ROOT_PROCESS_CONNECTED  token=a156307b-d1e7-4cc2-b208-fce2e65170a0
10-02 08:49:56.436  CB_ON_CONNECTED  backend=ROOT
10-02 08:49:56.438  BINDER_CONNECTED  backend=ROOT linkToDeath ok
10-02 18:00:00.373  SESSION  app start pid=13849 device=OnePlus PKG110 api=36
10-02 18:00:00.460  BIND  backend=ROOT attempt=1
10-02 18:00:00.461  CONNECTING  backend=ROOT attempt=1
10-02 18:00:00.462  ROOT_SPAWN_CALL  token=b05a7b53-e84a-483a-b093-b912be65b25d
10-02 18:00:00.465  BIND_SKIP  already connecting backend=ROOT
10-02 18:00:00.969  ROOT_PROCESS_CONNECTED  token=b05a7b53-e84a-483a-b093-b912be65b25d
10-02 18:00:00.970  CB_ON_CONNECTED  backend=ROOT
10-02 18:00:00.979  BINDER_CONNECTED  backend=ROOT linkToDeath ok
10-02 23:43:33.096  SESSION  app start pid=9530 device=OnePlus PKG110 api=36
10-02 23:43:33.324  BIND  backend=ROOT attempt=1
10-02 23:43:33.325  CONNECTING  backend=ROOT attempt=1
10-02 23:43:33.325  ROOT_SPAWN_CALL  token=0e0f11ad-dc1b-497d-84e1-546900f368f3
10-02 23:43:34.910  ROOT_PROCESS_CONNECTED  token=0e0f11ad-dc1b-497d-84e1-546900f368f3
10-02 23:43:34.910  CB_ON_CONNECTED  backend=ROOT
10-02 23:43:34.910  BINDER_CONNECTED  backend=ROOT linkToDeath ok
10-02 23:48:10.278  SESSION  app start pid=22644 device=OnePlus PKG110 api=36
10-02 23:48:10.387  BIND  backend=ROOT attempt=1
10-02 23:48:10.388  CONNECTING  backend=ROOT attempt=1
10-02 23:48:10.392  ROOT_SPAWN_CALL  token=f2d64e01-d327-4384-af57-76b43ccf34a7
10-02 23:48:10.954  ROOT_PROCESS_CONNECTED  token=f2d64e01-d327-4384-af57-76b43ccf34a7
10-02 23:48:10.954  CB_ON_CONNECTED  backend=ROOT
10-02 23:48:10.955  BINDER_CONNECTED  backend=ROOT linkToDeath ok
10-02 23:52:31.925  SESSION  app start pid=9850 device=OnePlus PKG110 api=36
10-02 23:52:32.464  BIND  backend=ROOT attempt=1
10-02 23:52:32.464  CONNECTING  backend=ROOT attempt=1
10-02 23:52:32.466  ROOT_SPAWN_CALL  token=856c9d1e-ca68-42e1-91f3-fbf6b5caf63a
10-02 23:52:33.587  ROOT_PROCESS_CONNECTED  token=856c9d1e-ca68-42e1-91f3-fbf6b5caf63a
10-02 23:52:33.587  CB_ON_CONNECTED  backend=ROOT
10-02 23:52:33.587  BINDER_CONNECTED  backend=ROOT linkToDeath ok
10-02 23:54:20.091  SESSION  app start pid=9559 device=OnePlus PKG110 api=36
10-02 23:54:20.149  BIND  backend=ROOT attempt=1
10-02 23:54:20.150  CONNECTING  backend=ROOT attempt=1
10-02 23:54:20.151  ROOT_SPAWN_CALL  token=38c4e64c-3535-40b6-8679-090c3555f815
10-02 23:54:20.813  ROOT_PROCESS_CONNECTED  token=38c4e64c-3535-40b6-8679-090c3555f815
10-02 23:54:20.813  CB_ON_CONNECTED  backend=ROOT
10-02 23:54:20.813  BINDER_CONNECTED  backend=ROOT linkToDeath ok
10-02 23:56:27.195  SESSION  app start pid=10241 device=OnePlus PKG110 api=36
10-02 23:56:27.446  BIND  backend=ROOT attempt=1
10-02 23:56:27.446  CONNECTING  backend=ROOT attempt=1
10-02 23:56:27.451  ROOT_SPAWN_CALL  token=b98d8572-6f04-4797-9919-d2eaf57afeb4
10-02 23:56:28.352  ROOT_PROCESS_CONNECTED  token=b98d8572-6f04-4797-9919-d2eaf57afeb4
10-02 23:56:28.352  CB_ON_CONNECTED  backend=ROOT
10-02 23:56:28.352  BINDER_CONNECTED  backend=ROOT linkToDeath ok
10-02 23:57:54.794  SESSION  app start pid=9440 device=OnePlus PKG110 api=36
10-02 23:57:54.925  BIND  backend=ROOT attempt=1
10-02 23:57:54.926  CONNECTING  backend=ROOT attempt=1
10-02 23:57:54.927  ROOT_SPAWN_CALL  token=dc0ecc77-b1e2-4459-b6c4-b81f1b7e53a6
10-02 23:57:55.644  ROOT_PROCESS_CONNECTED  token=dc0ecc77-b1e2-4459-b6c4-b81f1b7e53a6
10-02 23:57:55.644  CB_ON_CONNECTED  backend=ROOT
10-02 23:57:55.644  BINDER_CONNECTED  backend=ROOT linkToDeath ok
10-03 00:02:23.295  SESSION  app start pid=23558 device=OnePlus PKG110 api=36
10-03 00:02:23.370  BIND  backend=ROOT attempt=1
10-03 00:02:23.371  CONNECTING  backend=ROOT attempt=1
10-03 00:02:23.372  ROOT_SPAWN_CALL  token=06c77213-ac1e-4e9a-95c8-9d748e0416be
10-03 00:02:23.867  ROOT_PROCESS_CONNECTED  token=06c77213-ac1e-4e9a-95c8-9d748e0416be
10-03 00:02:23.867  CB_ON_CONNECTED  backend=ROOT
10-03 00:02:23.867  BINDER_CONNECTED  backend=ROOT linkToDeath ok
10-03 00:04:04.545  SESSION  app start pid=9801 device=OnePlus PKG110 api=36
10-03 00:04:04.687  BIND  backend=ROOT attempt=1
10-03 00:04:04.687  CONNECTING  backend=ROOT attempt=1
10-03 00:04:04.689  ROOT_SPAWN_CALL  token=88346051-23cb-4ad4-be36-a29cc46faf75
10-03 00:04:05.920  ROOT_PROCESS_CONNECTED  token=88346051-23cb-4ad4-be36-a29cc46faf75
10-03 00:04:05.920  CB_ON_CONNECTED  backend=ROOT
10-03 00:04:05.933  BINDER_CONNECTED  backend=ROOT linkToDeath ok
10-03 00:08:07.094  SESSION  app start pid=20559 device=OnePlus PKG110 api=36
10-03 00:08:07.193  BIND  backend=ROOT attempt=1
10-03 00:08:07.193  CONNECTING  backend=ROOT attempt=1
10-03 00:08:07.195  ROOT_SPAWN_CALL  token=929a8498-80ab-4a8e-a3f7-8696342eaa82
10-03 00:08:07.832  ROOT_PROCESS_CONNECTED  token=929a8498-80ab-4a8e-a3f7-8696342eaa82
10-03 00:08:07.832  CB_ON_CONNECTED  backend=ROOT
10-03 00:08:07.833  BINDER_CONNECTED  backend=ROOT linkToDeath ok
10-03 00:09:03.817  SESSION  app start pid=9140 device=OnePlus PKG110 api=36
10-03 00:09:03.961  BIND  backend=ROOT attempt=1
10-03 00:09:03.962  CONNECTING  backend=ROOT attempt=1
10-03 00:09:03.965  ROOT_SPAWN_CALL  token=9902dcf9-5711-4df1-85cb-d079727f5263
10-03 00:09:05.247  ROOT_PROCESS_CONNECTED  token=9902dcf9-5711-4df1-85cb-d079727f5263
10-03 00:09:05.247  CB_ON_CONNECTED  backend=ROOT
10-03 00:09:05.248  BINDER_CONNECTED  backend=ROOT linkToDeath ok
10-03 00:15:07.309  SESSION  app start pid=27074 device=OnePlus PKG110 api=36
10-03 00:15:07.383  BIND  backend=ROOT attempt=1
10-03 00:15:07.384  CONNECTING  backend=ROOT attempt=1
10-03 00:15:07.385  ROOT_SPAWN_CALL  token=71a1aafd-9c75-468f-903c-824335a44014
10-03 00:15:07.913  ROOT_PROCESS_CONNECTED  token=71a1aafd-9c75-468f-903c-824335a44014
10-03 00:15:07.916  CB_ON_CONNECTED  backend=ROOT
10-03 00:15:07.917  BINDER_CONNECTED  backend=ROOT linkToDeath ok
10-03 01:00:06.779  SESSION  app start pid=9619 device=OnePlus PKG110 api=36
10-03 01:00:06.855  BIND  backend=ROOT attempt=1
10-03 01:00:06.855  CONNECTING  backend=ROOT attempt=1
10-03 01:00:06.858  ROOT_SPAWN_CALL  token=e19b9d1a-3dba-4bd4-adf5-f83f49b57c3c
10-03 01:00:07.535  ROOT_PROCESS_CONNECTED  token=e19b9d1a-3dba-4bd4-adf5-f83f49b57c3c
10-03 01:00:07.535  CB_ON_CONNECTED  backend=ROOT
10-03 01:00:07.535  BINDER_CONNECTED  backend=ROOT linkToDeath ok
10-03 01:04:06.296  SESSION  app start pid=24062 device=OnePlus PKG110 api=36
10-03 01:04:06.400  BIND  backend=ROOT attempt=1
10-03 01:04:06.401  CONNECTING  backend=ROOT attempt=1
10-03 01:04:06.402  ROOT_SPAWN_CALL  token=a64a82b0-46b8-4bd0-b980-fbdf677f2641
10-03 01:04:06.984  ROOT_PROCESS_CONNECTED  token=a64a82b0-46b8-4bd0-b980-fbdf677f2641
10-03 01:04:06.985  CB_ON_CONNECTED  backend=ROOT
10-03 01:04:06.985  BINDER_CONNECTED  backend=ROOT linkToDeath ok
10-03 01:55:20.454  SESSION  app start pid=10236 device=OnePlus PKG110 api=36
10-03 01:55:20.563  BIND  backend=ROOT attempt=1
10-03 01:55:20.563  CONNECTING  backend=ROOT attempt=1
10-03 01:55:20.565  ROOT_SPAWN_CALL  token=b6ad4abf-96f7-43f3-a34c-afe6463214bf
10-03 01:55:22.795  ROOT_PROCESS_CONNECTED  token=b6ad4abf-96f7-43f3-a34c-afe6463214bf
10-03 01:55:22.795  CB_ON_CONNECTED  backend=ROOT
10-03 01:55:22.796  BINDER_CONNECTED  backend=ROOT linkToDeath ok
10-03 01:59:31.875  SESSION  app start pid=23505 device=OnePlus PKG110 api=36
10-03 01:59:31.986  BIND  backend=ROOT attempt=1
10-03 01:59:31.986  CONNECTING  backend=ROOT attempt=1
10-03 01:59:31.988  ROOT_SPAWN_CALL  token=5ad19ae8-928d-477d-95db-2d91271659a1
10-03 01:59:32.542  ROOT_PROCESS_CONNECTED  token=5ad19ae8-928d-477d-95db-2d91271659a1
10-03 01:59:32.542  CB_ON_CONNECTED  backend=ROOT
10-03 01:59:32.542  BINDER_CONNECTED  backend=ROOT linkToDeath ok
10-03 02:00:56.554  SESSION  app start pid=9112 device=OnePlus PKG110 api=36
10-03 02:00:56.643  BIND  backend=ROOT attempt=1
10-03 02:00:56.643  CONNECTING  backend=ROOT attempt=1
10-03 02:00:56.644  ROOT_SPAWN_CALL  token=579d1329-e86f-4a4b-b9be-eb7916f19be9
10-03 02:00:57.234  ROOT_PROCESS_CONNECTED  token=579d1329-e86f-4a4b-b9be-eb7916f19be9
10-03 02:00:57.234  CB_ON_CONNECTED  backend=ROOT
10-03 02:00:57.235  BINDER_CONNECTED  backend=ROOT linkToDeath ok
10-03 02:05:25.974  SESSION  app start pid=24179 device=OnePlus PKG110 api=36
10-03 02:05:26.061  BIND  backend=ROOT attempt=1
10-03 02:05:26.061  CONNECTING  backend=ROOT attempt=1
10-03 02:05:26.062  ROOT_SPAWN_CALL  token=e50ba714-9c41-48a2-a2c8-c5867e9f51c8
10-03 02:05:26.671  ROOT_PROCESS_CONNECTED  token=e50ba714-9c41-48a2-a2c8-c5867e9f51c8
10-03 02:05:26.671  CB_ON_CONNECTED  backend=ROOT
10-03 02:05:26.672  BINDER_CONNECTED  backend=ROOT linkToDeath ok
10-03 02:11:29.692  SESSION  app start pid=9911 device=OnePlus PKG110 api=36
10-03 02:11:29.763  BIND  backend=ROOT attempt=1
10-03 02:11:29.764  CONNECTING  backend=ROOT attempt=1
10-03 02:11:29.765  ROOT_SPAWN_CALL  token=facb5067-5699-44e5-b7b4-1b07ef7093c8
10-03 02:11:30.722  ROOT_PROCESS_CONNECTED  token=facb5067-5699-44e5-b7b4-1b07ef7093c8
10-03 02:11:30.722  CB_ON_CONNECTED  backend=ROOT
10-03 02:11:30.723  BINDER_CONNECTED  backend=ROOT linkToDeath ok
10-03 02:15:38.490  SESSION  app start pid=22679 device=OnePlus PKG110 api=36
10-03 02:15:38.569  BIND  backend=ROOT attempt=1
10-03 02:15:38.569  CONNECTING  backend=ROOT attempt=1
10-03 02:15:38.570  ROOT_SPAWN_CALL  token=89ce6b00-de11-4949-ab51-ce9d2959af5d
10-03 02:15:39.014  ROOT_PROCESS_CONNECTED  token=89ce6b00-de11-4949-ab51-ce9d2959af5d
10-03 02:15:39.014  CB_ON_CONNECTED  backend=ROOT
10-03 02:15:39.015  BINDER_CONNECTED  backend=ROOT linkToDeath ok
10-03 02:26:36.826  SESSION  app start pid=10201 device=OnePlus PKG110 api=36
10-03 02:26:37.026  BIND  backend=ROOT attempt=1
10-03 02:26:37.026  CONNECTING  backend=ROOT attempt=1
10-03 02:26:37.042  ROOT_SPAWN_CALL  token=31603bb1-d188-4943-a983-0679de6713b5
10-03 02:26:38.464  ROOT_PROCESS_CONNECTED  token=31603bb1-d188-4943-a983-0679de6713b5
10-03 02:26:38.464  CB_ON_CONNECTED  backend=ROOT
10-03 02:26:38.464  BINDER_CONNECTED  backend=ROOT linkToDeath ok
10-03 02:32:53.426  SESSION  app start pid=27892 device=OnePlus PKG110 api=36
10-03 02:32:53.508  BIND  backend=ROOT attempt=1
10-03 02:32:53.508  CONNECTING  backend=ROOT attempt=1
10-03 02:32:53.511  ROOT_SPAWN_CALL  token=2ca8ce27-b31a-46e8-b47a-ab9d19757f3b
10-03 02:32:54.048  ROOT_PROCESS_CONNECTED  token=2ca8ce27-b31a-46e8-b47a-ab9d19757f3b
10-03 02:32:54.049  CB_ON_CONNECTED  backend=ROOT
10-03 02:32:54.051  BINDER_CONNECTED  backend=ROOT linkToDeath ok
10-03 03:32:11.997  SESSION  app start pid=9741 device=OnePlus PKG110 api=36
10-03 03:32:12.182  BIND  backend=ROOT attempt=1
10-03 03:32:12.182  CONNECTING  backend=ROOT attempt=1
10-03 03:32:12.188  ROOT_SPAWN_CALL  token=21012717-1e6c-4e62-acd9-959246624e52
10-03 03:32:13.150  ROOT_PROCESS_CONNECTED  token=21012717-1e6c-4e62-acd9-959246624e52
10-03 03:32:13.150  CB_ON_CONNECTED  backend=ROOT
10-03 03:32:13.151  BINDER_CONNECTED  backend=ROOT linkToDeath ok
10-03 03:36:35.957  SESSION  app start pid=22928 device=OnePlus PKG110 api=36
10-03 03:36:36.025  BIND  backend=ROOT attempt=1
10-03 03:36:36.026  CONNECTING  backend=ROOT attempt=1
10-03 03:36:36.029  ROOT_SPAWN_CALL  token=c2ddfb38-9894-4629-9068-423cc4cc3ca3
10-03 03:36:36.660  ROOT_PROCESS_CONNECTED  token=c2ddfb38-9894-4629-9068-423cc4cc3ca3
10-03 03:36:36.660  CB_ON_CONNECTED  backend=ROOT
10-03 03:36:36.660  BINDER_CONNECTED  backend=ROOT linkToDeath ok
10-03 04:13:32.636  SESSION  app start pid=9514 device=OnePlus PKG110 api=36
10-03 04:13:32.911  BIND  backend=ROOT attempt=1
10-03 04:13:32.911  CONNECTING  backend=ROOT attempt=1
10-03 04:13:32.913  ROOT_SPAWN_CALL  token=dda91a3c-6a15-439d-b84e-6cfd6ed9a978
10-03 04:13:34.209  ROOT_PROCESS_CONNECTED  token=dda91a3c-6a15-439d-b84e-6cfd6ed9a978
10-03 04:13:34.209  CB_ON_CONNECTED  backend=ROOT
10-03 04:13:34.210  BINDER_CONNECTED  backend=ROOT linkToDeath ok
10-03 04:17:54.027  SESSION  app start pid=23504 device=OnePlus PKG110 api=36
10-03 04:17:54.127  BIND  backend=ROOT attempt=1
10-03 04:17:54.127  CONNECTING  backend=ROOT attempt=1
10-03 04:17:54.128  ROOT_SPAWN_CALL  token=a7040cfa-72f1-40e4-9361-81c3b5430d58
10-03 04:17:54.700  ROOT_PROCESS_CONNECTED  token=a7040cfa-72f1-40e4-9361-81c3b5430d58
10-03 04:17:54.701  CB_ON_CONNECTED  backend=ROOT
10-03 04:17:54.702  BINDER_CONNECTED  backend=ROOT linkToDeath ok
10-03 04:27:01.585  SESSION  app start pid=10411 device=OnePlus PKG110 api=36
10-03 04:27:01.754  BIND  backend=ROOT attempt=1
10-03 04:27:01.754  CONNECTING  backend=ROOT attempt=1
10-03 04:27:01.756  ROOT_SPAWN_CALL  token=ecc3a1e2-f62a-49f0-97f3-aeeb75eb36bf
10-03 04:27:02.412  ROOT_PROCESS_CONNECTED  token=ecc3a1e2-f62a-49f0-97f3-aeeb75eb36bf
10-03 04:27:02.412  CB_ON_CONNECTED  backend=ROOT
10-03 04:27:02.412  BINDER_CONNECTED  backend=ROOT linkToDeath ok
10-03 04:32:05.008  SESSION  app start pid=9762 device=OnePlus PKG110 api=36
10-03 04:32:05.151  BIND  backend=ROOT attempt=1
10-03 04:32:05.151  CONNECTING  backend=ROOT attempt=1
10-03 04:32:05.172  ROOT_SPAWN_CALL  token=88748e92-6f25-4559-9dd4-f919dede37a9
10-03 04:32:06.004  ROOT_PROCESS_CONNECTED  token=88748e92-6f25-4559-9dd4-f919dede37a9
10-03 04:32:06.004  CB_ON_CONNECTED  backend=ROOT
10-03 04:32:06.004  BINDER_CONNECTED  backend=ROOT linkToDeath ok
10-03 04:36:28.294  SESSION  app start pid=27279 device=OnePlus PKG110 api=36
10-03 04:36:28.409  BIND  backend=ROOT attempt=1
10-03 04:36:28.410  CONNECTING  backend=ROOT attempt=1
10-03 04:36:28.412  ROOT_SPAWN_CALL  token=506ed5dc-dc45-4835-adb4-97b5b3244e44
10-03 04:36:29.077  ROOT_PROCESS_CONNECTED  token=506ed5dc-dc45-4835-adb4-97b5b3244e44
10-03 04:36:29.078  CB_ON_CONNECTED  backend=ROOT
10-03 04:36:29.078  BINDER_CONNECTED  backend=ROOT linkToDeath ok
10-03 08:07:51.070  SESSION  app start pid=16745 device=OnePlus PKG110 api=36
10-03 08:07:51.122  BIND  backend=ROOT attempt=1
10-03 08:07:51.123  CONNECTING  backend=ROOT attempt=1
10-03 08:07:51.124  ROOT_SPAWN_CALL  token=7120a834-5f12-4e0f-be01-c2fa90b06080
10-03 08:07:51.559  ROOT_PROCESS_CONNECTED  token=7120a834-5f12-4e0f-be01-c2fa90b06080
10-03 08:07:51.559  CB_ON_CONNECTED  backend=ROOT
10-03 08:07:51.560  BINDER_CONNECTED  backend=ROOT linkToDeath ok
10-03 08:13:06.655  SESSION  app start pid=22627 device=OnePlus PKG110 api=36
10-03 08:13:06.727  BIND  backend=ROOT attempt=1
10-03 08:13:06.727  CONNECTING  backend=ROOT attempt=1
10-03 08:13:06.727  ROOT_SPAWN_CALL  token=b099bab1-42f1-4eb5-b313-3e0d85ecd5fa
10-03 08:13:07.277  ROOT_PROCESS_CONNECTED  token=b099bab1-42f1-4eb5-b313-3e0d85ecd5fa
10-03 08:13:07.278  CB_ON_CONNECTED  backend=ROOT
10-03 08:13:07.278  BINDER_CONNECTED  backend=ROOT linkToDeath ok
10-03 08:17:10.865  SESSION  app start pid=28002 device=OnePlus PKG110 api=36
10-03 08:17:10.903  BIND  backend=ROOT attempt=1
10-03 08:17:10.904  CONNECTING  backend=ROOT attempt=1
10-03 08:17:10.904  ROOT_SPAWN_CALL  token=f7d5fab0-9b70-49cf-9bc8-d712ffdbb443
10-03 08:17:11.524  ROOT_PROCESS_CONNECTED  token=f7d5fab0-9b70-49cf-9bc8-d712ffdbb443
10-03 08:17:11.524  CB_ON_CONNECTED  backend=ROOT
10-03 08:17:11.525  BINDER_CONNECTED  backend=ROOT linkToDeath ok
10-03 08:17:53.119  SESSION  app start pid=29582 device=OnePlus PKG110 api=36
10-03 08:17:53.151  BIND  backend=ROOT attempt=1
10-03 08:17:53.152  CONNECTING  backend=ROOT attempt=1
10-03 08:17:53.152  ROOT_SPAWN_CALL  token=f48e3454-1443-4bba-bd7b-bf4bf189d06f
10-03 08:17:53.697  ROOT_PROCESS_CONNECTED  token=f48e3454-1443-4bba-bd7b-bf4bf189d06f
10-03 08:17:53.697  CB_ON_CONNECTED  backend=ROOT
10-03 08:17:53.697  BINDER_CONNECTED  backend=ROOT linkToDeath ok
10-03 08:20:29.476  SESSION  app start pid=32325 device=OnePlus PKG110 api=36
10-03 08:20:29.519  BIND  backend=ROOT attempt=1
10-03 08:20:29.519  CONNECTING  backend=ROOT attempt=1
10-03 08:20:29.520  ROOT_SPAWN_CALL  token=cae19429-34c8-4501-b086-77a433ffc096
10-03 08:20:30.036  ROOT_PROCESS_CONNECTED  token=cae19429-34c8-4501-b086-77a433ffc096
10-03 08:20:30.036  CB_ON_CONNECTED  backend=ROOT
10-03 08:20:30.037  BINDER_CONNECTED  backend=ROOT linkToDeath ok
10-03 08:22:16.982  CB_ON_DISCONNECTED  backend=ROOT
10-03 08:22:16.983  STATE_DIED
10-03 08:22:16.983  BINDER_DIED_STALE
10-03 08:23:01.792  SESSION  app start pid=9340 device=OnePlus PKG110 api=36
10-03 08:23:01.947  BIND  backend=ROOT attempt=1
10-03 08:23:01.947  CONNECTING  backend=ROOT attempt=1
10-03 08:23:01.948  ROOT_SPAWN_CALL  token=60267d0e-8937-4ab9-8407-687c1e533056
10-03 08:23:02.634  ROOT_PROCESS_CONNECTED  token=60267d0e-8937-4ab9-8407-687c1e533056
10-03 08:23:02.634  CB_ON_CONNECTED  backend=ROOT
10-03 08:23:02.634  BINDER_CONNECTED  backend=ROOT linkToDeath ok
10-03 08:25:23.682  SESSION  app start pid=23896 device=OnePlus PKG110 api=36
10-03 08:25:23.738  BIND  backend=ROOT attempt=1
10-03 08:25:23.739  CONNECTING  backend=ROOT attempt=1
10-03 08:25:23.741  ROOT_SPAWN_CALL  token=776764d4-584b-4ebd-ba9e-5cd9333c4252
10-03 08:25:24.486  ROOT_PROCESS_CONNECTED  token=776764d4-584b-4ebd-ba9e-5cd9333c4252
10-03 08:25:24.487  CB_ON_CONNECTED  backend=ROOT
10-03 08:25:24.488  BINDER_CONNECTED  backend=ROOT linkToDeath ok
10-03 08:27:47.917  SESSION  app start pid=28417 device=OnePlus PKG110 api=36
10-03 08:27:47.983  BIND  backend=ROOT attempt=1
10-03 08:27:47.984  CONNECTING  backend=ROOT attempt=1
10-03 08:27:47.985  ROOT_SPAWN_CALL  token=b7b0c2f5-bec3-43a2-993b-191851dd2a5b
10-03 08:27:48.687  ROOT_PROCESS_CONNECTED  token=b7b0c2f5-bec3-43a2-993b-191851dd2a5b
10-03 08:27:48.687  CB_ON_CONNECTED  backend=ROOT
10-03 08:27:48.688  BINDER_CONNECTED  backend=ROOT linkToDeath ok
